{"type":"FeatureCollection","name":"千葉県 自治体別ドローン規制(公園・海岸・施設等)","features":[{"type":"Feature","properties":{"name":"千葉市","自治体":"千葉市","区分":"許可・届出制/施設ごとに要相談","規制概要":"市の都市公園でドローンを使う撮影(CM・映画・イベント等)は許可手続きが必要(許可制)。個人の趣味の飛行・撮影は原則許可対象外。","公式HP":"https://www.city.chiba.jp/","確認日":"2026-08-17","_pref":"千葉県","_cat":"restricted","_color":"#006064","_opacity":0.9,"_weight":1.5,"_fillColor":"#00838f","_fillOpacity":0.4,"出典1":"千葉市 都市公園でのドローンを使った撮影許可手続き(公園管理課)","出典1_URL":"https://www.city.chiba.jp/toshi/koenryokuchi/kanri/satuei-dorone-kyoka.html","出典1_引用":"千葉市内の都市公園ではCM撮影、映画撮影、イベント開催に伴いドローンを使用する場合の許可手続きについて以下の通り定めております。"},"geometry":{"type":"MultiPolygon","coordinates":[[[[140.1424,35.548],[140.148,35.5437],[140.1493,35.5431],[140.1503,35.5422],[140.1529,35.5407],[140.1544,35.5389],[140.1566,35.5369],[140.1582,35.5358],[140.159,35.5355],[140.1609,35.5365],[140.161,35.537],[140.1621,35.538],[140.1642,35.537],[140.1653,35.536],[140.1663,35.537],[140.167,35.5363],[140.1688,35.536],[140.1716,35.5362],[140.1739,35.5351],[140.1747,35.5334],[140.176,35.5334],[140.1763,35.5331],[140.1791,35.5327],[140.1805,35.5331],[140.183,35.5346],[140.1851,35.5348],[140.188,35.5363],[140.1887,35.5364],[140.1912,35.5365],[140.1924,35.5373],[140.1924,35.5383],[140.1929,35.5393],[140.1922,35.54],[140.1921,35.5411],[140.1944,35.5433],[140.1987,35.5411],[140.2013,35.5396],[140.2021,35.5401],[140.2019,35.541],[140.203,35.5423],[140.2062,35.5442],[140.2068,35.5436],[140.2082,35.5444],[140.2082,35.5448],[140.2093,35.5455],[140.2108,35.5451],[140.2107,35.5434],[140.2113,35.5426],[140.2124,35.5426],[140.213,35.542],[140.2137,35.5397],[140.2147,35.5398],[140.2152,35.5415],[140.2148,35.5425],[140.2159,35.5453],[140.2163,35.5457],[140.218,35.545],[140.2179,35.544],[140.2196,35.5438],[140.2199,35.5435],[140.2232,35.5431],[140.2246,35.5426],[140.2274,35.541],[140.2293,35.5392],[140.2296,35.5385],[140.2312,35.5365],[140.2319,35.5344],[140.2321,35.5334],[140.2309,35.5327],[140.2295,35.5309],[140.2297,35.5302],[140.2276,35.5279],[140.2263,35.5274],[140.2253,35.5248],[140.2242,35.5248],[140.2223,35.5237],[140.2206,35.5237],[140.2209,35.5221],[140.2217,35.5217],[140.2211,35.5211],[140.2231,35.5207],[140.2242,35.52],[140.2241,35.5191],[140.223,35.5188],[140.2217,35.518],[140.2241,35.516],[140.2255,35.5152],[140.2265,35.514],[140.2273,35.5135],[140.2286,35.5137],[140.2278,35.5125],[140.2282,35.5112],[140.2304,35.5099],[140.2286,35.5079],[140.23,35.5071],[140.2307,35.506],[140.2313,35.5058],[140.232,35.5041],[140.2326,35.5038],[140.2367,35.5049],[140.2395,35.5053],[140.2429,35.5055],[140.2424,35.5038],[140.2434,35.5034],[140.2459,35.5037],[140.2471,35.5041],[140.2482,35.5034],[140.2487,35.5019],[140.2505,35.5019],[140.2518,35.5023],[140.2543,35.5017],[140.2547,35.5005],[140.2539,35.499],[140.2548,35.4983],[140.2536,35.4974],[140.2547,35.4966],[140.2543,35.4963],[140.2551,35.4953],[140.255,35.4945],[140.2563,35.4943],[140.2581,35.4936],[140.2601,35.4939],[140.2613,35.4945],[140.2628,35.4944],[140.2624,35.4956],[140.2627,35.4972],[140.2622,35.4979],[140.2635,35.4979],[140.2637,35.4982],[140.263,35.4991],[140.2612,35.4989],[140.2603,35.4995],[140.2595,35.5009],[140.2597,35.5017],[140.2611,35.5023],[140.2611,35.5017],[140.2629,35.5021],[140.2651,35.5004],[140.267,35.5018],[140.2687,35.5008],[140.2701,35.5003],[140.2712,35.4995],[140.2712,35.4985],[140.2699,35.4963],[140.2698,35.494],[140.2702,35.4937],[140.2721,35.4936],[140.2723,35.4944],[140.2708,35.4957],[140.2706,35.4964],[140.2713,35.497],[140.2725,35.4975],[140.273,35.4983],[140.2741,35.4992],[140.2742,35.4998],[140.274,35.5025],[140.2748,35.5041],[140.2751,35.5049],[140.2744,35.5073],[140.2744,35.508],[140.2753,35.5089],[140.2768,35.5115],[140.2772,35.5119],[140.2782,35.5117],[140.2792,35.512],[140.2806,35.512],[140.2823,35.5128],[140.2832,35.515],[140.2832,35.5158],[140.2847,35.5179],[140.286,35.5188],[140.2887,35.5193],[140.2894,35.5184],[140.2896,35.5173],[140.2893,35.5162],[140.291,35.5154],[140.2926,35.5153],[140.2935,35.516],[140.2948,35.5164],[140.2952,35.5172],[140.2966,35.5173],[140.2983,35.5184],[140.2996,35.5189],[140.3006,35.5204],[140.2993,35.5204],[140.2979,35.5217],[140.2961,35.5218],[140.2946,35.5211],[140.2928,35.5219],[140.2902,35.5223],[140.2878,35.5235],[140.2889,35.5261],[140.2899,35.528],[140.2912,35.529],[140.2914,35.5304],[140.292,35.5312],[140.2898,35.5323],[140.2891,35.5342],[140.2882,35.5353],[140.2873,35.536],[140.286,35.5389],[140.2847,35.5398],[140.2833,35.5403],[140.281,35.5418],[140.2806,35.5437],[140.2809,35.5453],[140.2803,35.5465],[140.2806,35.5473],[140.2814,35.5478],[140.2817,35.55],[140.2822,35.55],[140.2826,35.5491],[140.2834,35.5484],[140.2847,35.5492],[140.2857,35.5494],[140.2889,35.5489],[140.2919,35.5482],[140.292,35.5494],[140.2916,35.5498],[140.2911,35.5515],[140.2912,35.5529],[140.291,35.5556],[140.2916,35.557],[140.2942,35.5606],[140.2932,35.5616],[140.2934,35.5626],[140.2923,35.5643],[140.2898,35.5659],[140.2887,35.5664],[140.2882,35.568],[140.2882,35.5689],[140.2887,35.57],[140.2885,35.5706],[140.2871,35.5729],[140.284,35.5733],[140.2832,35.5738],[140.2825,35.5761],[140.2815,35.5782],[140.2805,35.5785],[140.2803,35.5793],[140.2811,35.5793],[140.2801,35.5807],[140.2794,35.581],[140.277,35.5812],[140.2751,35.5818],[140.2748,35.5821],[140.2744,35.5835],[140.2753,35.5856],[140.2752,35.5871],[140.2756,35.5875],[140.2749,35.5887],[140.2741,35.5888],[140.2737,35.5895],[140.2727,35.5891],[140.2722,35.5903],[140.2713,35.5913],[140.2707,35.5923],[140.2692,35.5934],[140.2676,35.5944],[140.2648,35.5957],[140.2629,35.5983],[140.2614,35.5996],[140.2617,35.6007],[140.2614,35.601],[140.261,35.6028],[140.2613,35.6036],[140.262,35.6041],[140.2626,35.606],[140.2638,35.6061],[140.2664,35.6071],[140.2675,35.6072],[140.2678,35.6079],[140.2675,35.6087],[140.268,35.6108],[140.2675,35.6114],[140.2672,35.6124],[140.2675,35.6143],[140.2673,35.6155],[140.2676,35.6173],[140.266,35.6189],[140.2658,35.6198],[140.2649,35.6206],[140.2649,35.6214],[140.2653,35.6225],[140.2663,35.6243],[140.2663,35.6264],[140.2656,35.6275],[140.2648,35.6269],[140.2634,35.6269],[140.2615,35.6267],[140.2578,35.6255],[140.2561,35.6247],[140.255,35.6246],[140.2541,35.6255],[140.2532,35.6258],[140.2526,35.6249],[140.251,35.6256],[140.2497,35.6272],[140.2486,35.6273],[140.2489,35.6286],[140.2481,35.6288],[140.2462,35.6298],[140.2444,35.6303],[140.2428,35.6304],[140.243,35.6322],[140.2425,35.6328],[140.2418,35.6326],[140.2413,35.6313],[140.2405,35.6308],[140.2388,35.6307],[140.2381,35.6312],[140.2371,35.6311],[140.235,35.6325],[140.233,35.6327],[140.2313,35.6332],[140.2295,35.633],[140.2287,35.6331],[140.2281,35.6342],[140.2271,35.6351],[140.2268,35.6364],[140.2259,35.6371],[140.2249,35.637],[140.2238,35.6364],[140.2226,35.6372],[140.2219,35.6373],[140.2231,35.6393],[140.223,35.6416],[140.2224,35.6431],[140.2217,35.644],[140.2218,35.6458],[140.2223,35.6468],[140.2236,35.6477],[140.2222,35.6478],[140.2212,35.6482],[140.2196,35.652],[140.2182,35.6532],[140.2156,35.6546],[140.2133,35.6546],[140.2119,35.6546],[140.2103,35.6541],[140.2078,35.653],[140.2066,35.6522],[140.2051,35.6518],[140.2046,35.651],[140.2051,35.6487],[140.2066,35.6474],[140.207,35.6463],[140.2083,35.646],[140.2061,35.644],[140.2055,35.6429],[140.2036,35.6405],[140.2038,35.6402],[140.1998,35.6357],[140.1989,35.6345],[140.1983,35.6344],[140.1934,35.6268],[140.1911,35.6259],[140.1896,35.6256],[140.1893,35.6264],[140.1862,35.6288],[140.1851,35.6291],[140.1868,35.6316],[140.1858,35.6332],[140.1881,35.6344],[140.189,35.6356],[140.1893,35.6364],[140.1905,35.6368],[140.1917,35.6375],[140.1919,35.6395],[140.1934,35.6391],[140.1941,35.6398],[140.1922,35.6402],[140.1918,35.6411],[140.191,35.6417],[140.1902,35.643],[140.189,35.643],[140.1861,35.642],[140.1853,35.6436],[140.1852,35.6443],[140.1855,35.6454],[140.186,35.6461],[140.1851,35.6472],[140.1823,35.6456],[140.1803,35.6437],[140.1803,35.645],[140.1823,35.6467],[140.1836,35.6476],[140.1825,35.6487],[140.1798,35.649],[140.1795,35.6506],[140.1765,35.6534],[140.1748,35.654],[140.1737,35.6541],[140.1738,35.6513],[140.1736,35.6495],[140.1729,35.6488],[140.1724,35.6475],[140.1706,35.6453],[140.1701,35.6457],[140.1714,35.6475],[140.1729,35.6501],[140.1732,35.6519],[140.172,35.6523],[140.1708,35.6513],[140.1695,35.6508],[140.1682,35.6491],[140.1671,35.6486],[140.1667,35.6481],[140.1644,35.6459],[140.1636,35.6454],[140.1578,35.6463],[140.1574,35.6468],[140.1554,35.6504],[140.1554,35.6517],[140.156,35.6541],[140.1567,35.6574],[140.153,35.6591],[140.1529,35.6601],[140.1522,35.6604],[140.1512,35.6615],[140.1509,35.6621],[140.1513,35.6632],[140.1503,35.6654],[140.1503,35.6664],[140.1506,35.6677],[140.1516,35.6696],[140.1519,35.671],[140.1528,35.6732],[140.1524,35.6748],[140.1531,35.6757],[140.153,35.6771],[140.1522,35.6784],[140.1518,35.6779],[140.1527,35.677],[140.1525,35.676],[140.1519,35.6749],[140.1522,35.6742],[140.1514,35.6718],[140.1513,35.67],[140.1507,35.6688],[140.1499,35.6681],[140.1413,35.6676],[140.1413,35.669],[140.1407,35.6691],[140.1365,35.6705],[140.1378,35.6718],[140.1383,35.6731],[140.1385,35.6746],[140.1384,35.6754],[140.1367,35.6795],[140.1366,35.6802],[140.1375,35.681],[140.1375,35.6819],[140.1379,35.6828],[140.1377,35.6836],[140.1382,35.6849],[140.1393,35.686],[140.1395,35.6866],[140.1395,35.6882],[140.1412,35.6893],[140.142,35.6901],[140.1425,35.6911],[140.1431,35.6914],[140.1454,35.6912],[140.147,35.6918],[140.1479,35.6914],[140.1478,35.69],[140.1483,35.6899],[140.1486,35.6911],[140.1504,35.6902],[140.1517,35.6891],[140.1517,35.6884],[140.1501,35.6873],[140.149,35.6861],[140.152,35.6876],[140.1523,35.6862],[140.1529,35.6851],[140.1527,35.6844],[140.1531,35.6825],[140.154,35.6825],[140.1544,35.6834],[140.1539,35.684],[140.1536,35.6859],[140.1531,35.6868],[140.1526,35.6893],[140.1521,35.6894],[140.1494,35.6916],[140.1475,35.6921],[140.1435,35.6919],[140.1414,35.6928],[140.1407,35.6935],[140.1403,35.6947],[140.1368,35.6975],[140.1361,35.6979],[140.1348,35.6992],[140.134,35.6996],[140.1293,35.699],[140.124,35.6989],[140.1234,35.6993],[140.1225,35.7016],[140.1226,35.7068],[140.1224,35.7071],[140.1207,35.7081],[140.1193,35.7084],[140.1182,35.7092],[140.1177,35.7092],[140.1171,35.7102],[140.1152,35.7131],[140.1138,35.7136],[140.1134,35.7141],[140.1112,35.7128],[140.1103,35.7121],[140.1091,35.7098],[140.1077,35.7094],[140.1067,35.7098],[140.1055,35.7094],[140.1045,35.7079],[140.1033,35.7065],[140.1027,35.7051],[140.1019,35.7036],[140.1011,35.7028],[140.0991,35.7014],[140.098,35.6998],[140.0971,35.6993],[140.0954,35.6972],[140.0939,35.6942],[140.0939,35.6936],[140.0934,35.6924],[140.0903,35.6938],[140.0867,35.6944],[140.0839,35.6948],[140.0816,35.6949],[140.0816,35.6945],[140.0774,35.6885],[140.075,35.686],[140.0725,35.6839],[140.071,35.6829],[140.0697,35.6813],[140.0688,35.6795],[140.0683,35.6778],[140.0659,35.6768],[140.0641,35.6782],[140.0629,35.6794],[140.0622,35.6785],[140.0626,35.6777],[140.0615,35.6764],[140.06,35.6771],[140.0609,35.6786],[140.0576,35.6797],[140.0573,35.6784],[140.0551,35.677],[140.0545,35.6754],[140.0534,35.6759],[140.0536,35.6771],[140.0524,35.6778],[140.0513,35.677],[140.0501,35.6782],[140.0504,35.6788],[140.0494,35.6791],[140.048,35.6765],[140.0456,35.6769],[140.0451,35.6776],[140.0442,35.6766],[140.0418,35.6778],[140.0353,35.6699],[140.0349,35.6696],[140.0315,35.6656],[140.0309,35.6651],[140.0197,35.6525],[140.0195,35.6516],[140.0208,35.6505],[140.0226,35.6494],[140.0243,35.6486],[140.0268,35.6464],[140.0292,35.6446],[140.0287,35.6442],[140.0364,35.638],[140.0376,35.6365],[140.04,35.6352],[140.043,35.6326],[140.0453,35.6308],[140.0444,35.63],[140.045,35.6296],[140.0467,35.6291],[140.0484,35.628],[140.0485,35.627],[140.0503,35.6264],[140.0524,35.6247],[140.0538,35.6225],[140.0547,35.6219],[140.0556,35.6223],[140.0584,35.62],[140.0588,35.6191],[140.0604,35.6179],[140.0617,35.6165],[140.0666,35.6122],[140.0685,35.6117],[140.0697,35.6108],[140.0839,35.5968],[140.0866,35.6019],[140.0803,35.6081],[140.0791,35.6097],[140.0779,35.6104],[140.08,35.6119],[140.0819,35.6129],[140.0831,35.6133],[140.0883,35.6082],[140.0879,35.6091],[140.0934,35.6037],[140.0941,35.6037],[140.0981,35.6064],[140.0983,35.6062],[140.0998,35.6047],[140.0991,35.6038],[140.0961,35.6017],[140.0957,35.6013],[140.0967,35.6004],[140.0966,35.5987],[140.0953,35.5979],[140.0939,35.5983],[140.0939,35.5973],[140.0919,35.5974],[140.0917,35.5984],[140.0888,35.5948],[140.089,35.5945],[140.1017,35.5939],[140.1059,35.5993],[140.1039,35.6012],[140.106,35.6027],[140.1089,35.5999],[140.1055,35.5934],[140.1075,35.5924],[140.1076,35.592],[140.1125,35.5943],[140.1138,35.5937],[140.1146,35.5944],[140.1134,35.5953],[140.1153,35.5969],[140.1177,35.5964],[140.1183,35.5956],[140.1174,35.5951],[140.117,35.5933],[140.118,35.5918],[140.1174,35.5914],[140.1165,35.5916],[140.1153,35.5931],[140.1147,35.5927],[140.1152,35.5917],[140.1106,35.5895],[140.1128,35.5804],[140.1122,35.5807],[140.1142,35.5725],[140.114,35.5723],[140.1117,35.5722],[140.1121,35.5705],[140.1137,35.5705],[140.1161,35.5692],[140.1193,35.5693],[140.1196,35.5691],[140.1269,35.5694],[140.1268,35.5676],[140.1226,35.5674],[140.1215,35.5672],[140.1135,35.5669],[140.1129,35.567],[140.0968,35.5664],[140.092,35.565],[140.091,35.5645],[140.0912,35.5612],[140.0952,35.5598],[140.0953,35.5599],[140.1029,35.5572],[140.1036,35.5571],[140.1095,35.555],[140.1096,35.5547],[140.1133,35.5533],[140.1151,35.5528],[140.1155,35.5506],[140.1166,35.5506],[140.1185,35.5511],[140.1191,35.5515],[140.121,35.5513],[140.1212,35.5506],[140.1226,35.5489],[140.1238,35.5478],[140.1259,35.5487],[140.1268,35.5488],[140.1269,35.5482],[140.1284,35.5476],[140.1276,35.5467],[140.1277,35.5462],[140.1287,35.546],[140.1301,35.5472],[140.1309,35.5463],[140.1308,35.5454],[140.1313,35.5452],[140.1333,35.5455],[140.134,35.5448],[140.1322,35.5441],[140.1331,35.5431],[140.1341,35.5426],[140.1353,35.5425],[140.136,35.5436],[140.1366,35.5436],[140.1388,35.5463],[140.1375,35.5471],[140.1354,35.5489],[140.1365,35.5494],[140.138,35.5511],[140.1396,35.5502],[140.1424,35.548]],[[140.2604,35.4972],[140.2616,35.4982],[140.2621,35.4979],[140.2614,35.497],[140.2604,35.4972]],[[140.2596,35.4965],[140.2602,35.4964],[140.2594,35.4957],[140.2591,35.496],[140.2596,35.4965]]],[[[140.0832,35.5882],[140.0816,35.5883],[140.0861,35.5694],[140.1117,35.5704],[140.1113,35.5722],[140.1105,35.5724],[140.1095,35.5766],[140.1051,35.5776],[140.1046,35.5797],[140.1049,35.5799],[140.1041,35.583],[140.1038,35.583],[140.1035,35.585],[140.103,35.5874],[140.0961,35.5877],[140.0961,35.588],[140.0928,35.5882],[140.0928,35.5878],[140.0832,35.5882]]],[[[140.303,35.5208],[140.3024,35.5212],[140.302,35.5209],[140.3028,35.5206],[140.303,35.5208]]],[[[140.0825,35.6062],[140.0815,35.6074],[140.0814,35.6073],[140.0825,35.6062]]]]}},{"type":"Feature","properties":{"name":"銚子市","自治体":"銚子市","区分":"自治体独自の規制は確認されず(国の規制のみ)","規制概要":"市独自の上乗せ規制は確認されず(国の規制のみ)。市は撮影の問合せで国交省の無人航空機飛行ルール(私有地の同意・警察連絡等)を案内している。","公式HP":"https://www.city.choshi.chiba.jp/","確認日":"2026-08-17","_pref":"千葉県","_cat":"unknown","_color":"#455a64","_opacity":0.9,"_weight":1.5,"_fillColor":"#78909c","_fillOpacity":0.18,"出典1":"銚子市 フィルムコミッションQ&A(国交省の飛行ルールを案内)","出典1_URL":"https://www.city.choshi.chiba.jp/kanko/page110018.html","出典1_引用":"以下の国土交通省ホームページの「無人航空機（ドローン・ラジコン機等）の飛行ルール」を参照してください。"},"geometry":{"type":"MultiPolygon","coordinates":[[[[140.761,35.698],[140.7625,35.6981],[140.7656,35.6991],[140.7663,35.6989],[140.7672,35.7],[140.7681,35.7],[140.771,35.7012],[140.7732,35.7018],[140.7755,35.7019],[140.7772,35.7025],[140.7789,35.7029],[140.7801,35.7038],[140.7859,35.7055],[140.7871,35.7059],[140.7941,35.7077],[140.8027,35.7102],[140.8065,35.7116],[140.8088,35.7119],[140.8107,35.7125],[140.8163,35.7132],[140.8209,35.7137],[140.8212,35.7135],[140.8279,35.7137],[140.8311,35.7136],[140.8305,35.7122],[140.8318,35.7127],[140.8329,35.7126],[140.8337,35.7119],[140.835,35.7118],[140.8356,35.7115],[140.8359,35.7107],[140.8368,35.7114],[140.838,35.7109],[140.8387,35.7086],[140.8393,35.7077],[140.8389,35.7067],[140.8382,35.7067],[140.8375,35.7056],[140.8385,35.705],[140.8395,35.7052],[140.841,35.7027],[140.8397,35.7019],[140.8404,35.7011],[140.8438,35.7033],[140.8452,35.7003],[140.8468,35.7002],[140.8467,35.6988],[140.8451,35.6983],[140.844,35.6983],[140.8441,35.6979],[140.8457,35.6983],[140.8457,35.6977],[140.8468,35.6973],[140.8488,35.6979],[140.8505,35.6979],[140.8505,35.6969],[140.8513,35.6967],[140.8513,35.6977],[140.8544,35.6968],[140.8562,35.6958],[140.8561,35.6955],[140.8578,35.6947],[140.8597,35.6952],[140.8604,35.6949],[140.8616,35.695],[140.8645,35.6937],[140.8645,35.693],[140.8655,35.6923],[140.8664,35.6931],[140.8654,35.6933],[140.8652,35.694],[140.8654,35.6947],[140.8646,35.6958],[140.8641,35.6959],[140.8633,35.6974],[140.8629,35.6986],[140.8628,35.7027],[140.8639,35.7045],[140.8638,35.7049],[140.8645,35.7059],[140.8655,35.7061],[140.8663,35.7067],[140.869,35.7061],[140.8688,35.707],[140.8698,35.7082],[140.8691,35.7086],[140.8675,35.7089],[140.8668,35.7094],[140.8661,35.7104],[140.866,35.7126],[140.8665,35.7145],[140.8678,35.7164],[140.8689,35.7176],[140.871,35.7186],[140.8706,35.719],[140.8704,35.72],[140.87,35.7203],[140.87,35.7216],[140.8689,35.7226],[140.868,35.7265],[140.8674,35.7279],[140.8678,35.7288],[140.8679,35.7311],[140.8698,35.7313],[140.8695,35.7327],[140.8707,35.7333],[140.8676,35.738],[140.8712,35.7393],[140.8732,35.7363],[140.8744,35.7368],[140.8781,35.7336],[140.8783,35.7336],[140.8745,35.737],[140.8719,35.7409],[140.8721,35.74],[140.8679,35.7382],[140.8675,35.7383],[140.8655,35.7413],[140.864,35.7423],[140.8621,35.7427],[140.8627,35.7445],[140.8614,35.7447],[140.8608,35.743],[140.8592,35.7433],[140.8595,35.7442],[140.8581,35.744],[140.8579,35.7432],[140.8567,35.7435],[140.8556,35.743],[140.852,35.7447],[140.8512,35.7426],[140.8499,35.7414],[140.848,35.7405],[140.846,35.7399],[140.8402,35.7392],[140.8377,35.7391],[140.83,35.7393],[140.822,35.7394],[140.82,35.7397],[140.8181,35.7404],[140.8154,35.7415],[140.8097,35.7445],[140.8056,35.7468],[140.801,35.7497],[140.7958,35.7533],[140.7911,35.7566],[140.7882,35.7584],[140.7673,35.7703],[140.7619,35.7732],[140.7515,35.779],[140.7467,35.7818],[140.7444,35.7832],[140.7417,35.7851],[140.7391,35.7873],[140.7345,35.7912],[140.7318,35.7938],[140.729,35.7966],[140.7259,35.8007],[140.7245,35.8036],[140.7235,35.8063],[140.7223,35.8088],[140.7207,35.8135],[140.7173,35.8121],[140.7143,35.8105],[140.7094,35.809],[140.7069,35.8088],[140.7062,35.8083],[140.7062,35.8076],[140.7049,35.8074],[140.7042,35.8067],[140.7027,35.8061],[140.7,35.806],[140.6986,35.8054],[140.6946,35.8048],[140.6928,35.8044],[140.6924,35.8031],[140.6922,35.8012],[140.6926,35.8009],[140.6917,35.7996],[140.6915,35.7986],[140.6904,35.7973],[140.69,35.7962],[140.6903,35.7944],[140.6925,35.7943],[140.6955,35.7936],[140.6998,35.7928],[140.7007,35.792],[140.7008,35.7914],[140.7003,35.7892],[140.6997,35.7871],[140.6996,35.7855],[140.7003,35.785],[140.701,35.7854],[140.7026,35.785],[140.7041,35.784],[140.7049,35.7838],[140.705,35.7814],[140.7043,35.7801],[140.7043,35.7794],[140.7035,35.7786],[140.703,35.7785],[140.7024,35.7773],[140.6996,35.7742],[140.7002,35.7741],[140.7013,35.772],[140.7023,35.7715],[140.7045,35.7717],[140.7052,35.7724],[140.7069,35.7716],[140.7074,35.7708],[140.707,35.7693],[140.7074,35.7677],[140.7071,35.7666],[140.7064,35.7659],[140.7073,35.765],[140.7076,35.7633],[140.7075,35.7623],[140.7083,35.7613],[140.7132,35.7613],[140.7155,35.7599],[140.7165,35.759],[140.7173,35.7597],[140.7176,35.7589],[140.7183,35.7583],[140.7194,35.7583],[140.72,35.7588],[140.7208,35.7582],[140.7223,35.7588],[140.7222,35.7593],[140.7231,35.7596],[140.7238,35.7587],[140.7257,35.7573],[140.7261,35.756],[140.7277,35.756],[140.7281,35.7553],[140.7279,35.754],[140.7274,35.7534],[140.7264,35.7536],[140.7265,35.7527],[140.7272,35.7524],[140.7265,35.7514],[140.726,35.7502],[140.726,35.7484],[140.7249,35.748],[140.724,35.747],[140.7242,35.7463],[140.7252,35.7455],[140.7258,35.7457],[140.7268,35.7451],[140.7251,35.7437],[140.7251,35.7431],[140.7245,35.7407],[140.724,35.7401],[140.724,35.7385],[140.7248,35.7373],[140.7259,35.7364],[140.7245,35.7353],[140.7249,35.7347],[140.7248,35.7339],[140.7252,35.7332],[140.7282,35.7318],[140.7296,35.7317],[140.7305,35.7321],[140.7318,35.7336],[140.7322,35.7334],[140.7306,35.7312],[140.7311,35.7305],[140.7321,35.7316],[140.734,35.7326],[140.7358,35.7333],[140.7355,35.7336],[140.7368,35.7345],[140.7381,35.7333],[140.7385,35.7334],[140.7391,35.7349],[140.74,35.7352],[140.7404,35.7363],[140.742,35.7382],[140.7409,35.7388],[140.7429,35.7412],[140.7447,35.7437],[140.7441,35.7443],[140.7441,35.745],[140.7459,35.7444],[140.745,35.7427],[140.7464,35.7419],[140.7454,35.7408],[140.7445,35.7382],[140.7435,35.7382],[140.7432,35.7373],[140.7425,35.7371],[140.7422,35.7362],[140.7407,35.7358],[140.7404,35.735],[140.7421,35.7356],[140.7433,35.7366],[140.7441,35.7376],[140.7449,35.7377],[140.7446,35.736],[140.7451,35.7339],[140.7458,35.7332],[140.7458,35.7324],[140.7454,35.7317],[140.7461,35.731],[140.7475,35.7301],[140.7483,35.7284],[140.7481,35.7276],[140.7483,35.7263],[140.7479,35.7251],[140.7489,35.7245],[140.7487,35.7236],[140.7463,35.723],[140.7432,35.7229],[140.7427,35.7212],[140.7415,35.7215],[140.74,35.7203],[140.74,35.7195],[140.7406,35.7178],[140.7401,35.7177],[140.7397,35.7165],[140.7392,35.7159],[140.7381,35.7138],[140.7382,35.713],[140.7369,35.7132],[140.7367,35.7122],[140.7361,35.7116],[140.7352,35.7115],[140.7348,35.7104],[140.7355,35.7098],[140.7348,35.7088],[140.7339,35.7053],[140.7354,35.705],[140.7358,35.7044],[140.7372,35.7049],[140.7379,35.704],[140.7386,35.7048],[140.7397,35.7046],[140.7399,35.7036],[140.7414,35.7019],[140.7438,35.7022],[140.7445,35.702],[140.7461,35.7024],[140.7466,35.7014],[140.7474,35.7017],[140.7471,35.7023],[140.7458,35.7029],[140.7456,35.7036],[140.747,35.7045],[140.7482,35.7045],[140.7491,35.7032],[140.75,35.7025],[140.749,35.7021],[140.7504,35.7014],[140.7512,35.7014],[140.7513,35.7025],[140.7519,35.7032],[140.7532,35.7029],[140.7539,35.7033],[140.7556,35.703],[140.756,35.7026],[140.756,35.7015],[140.7567,35.701],[140.7578,35.7016],[140.7591,35.7],[140.7598,35.6996],[140.761,35.698]]],[[[140.8614,35.7526],[140.8612,35.7525],[140.8611,35.7509],[140.8614,35.751],[140.8614,35.7526]]],[[[140.8782,35.7297],[140.8781,35.7298],[140.8763,35.7287],[140.8764,35.7286],[140.8782,35.7297]]],[[[140.8685,35.6951],[140.8679,35.6949],[140.8682,35.6946],[140.8685,35.6951]]],[[[140.8677,35.694],[140.8677,35.6943],[140.8679,35.6945],[140.8675,35.6946],[140.8674,35.6943],[140.8677,35.694]]],[[[140.7639,35.6982],[140.7664,35.6988],[140.7643,35.6983],[140.7639,35.6982]]],[[[140.8384,35.6962],[140.8383,35.6964],[140.8374,35.696],[140.8374,35.6958],[140.8384,35.6962]]],[[[140.8746,35.7185],[140.8743,35.7189],[140.8741,35.7187],[140.8746,35.7185]]],[[[140.8486,35.6932],[140.8475,35.6942],[140.8474,35.6942],[140.8486,35.6932]]],[[[140.8639,35.702],[140.8637,35.7018],[140.8641,35.7017],[140.8639,35.702]]],[[[140.8583,35.747],[140.8596,35.7475],[140.8595,35.7475],[140.8583,35.747]]],[[[140.8499,35.6941],[140.8512,35.6945],[140.8511,35.6946],[140.8499,35.6941]]],[[[140.8678,35.7091],[140.8675,35.7093],[140.8674,35.7091],[140.8678,35.7091]]],[[[140.8643,35.7042],[140.8645,35.7043],[140.8644,35.7045],[140.8642,35.7044],[140.8643,35.7042]]],[[[140.8579,35.6941],[140.8578,35.6941],[140.8575,35.694],[140.8573,35.694],[140.8573,35.6939],[140.8579,35.6941]]],[[[140.8755,35.7194],[140.8753,35.7194],[140.875,35.7193],[140.8752,35.7192],[140.8755,35.7194]]],[[[140.87,35.7279],[140.8702,35.7281],[140.8699,35.7281],[140.87,35.7279]]],[[[140.8664,35.6912],[140.8667,35.6914],[140.8665,35.6914],[140.8664,35.6914],[140.8664,35.6912]]],[[[140.8763,35.7177],[140.8764,35.718],[140.8761,35.7179],[140.8763,35.7177]]],[[[140.8702,35.7247],[140.8703,35.7249],[140.8701,35.7249],[140.8702,35.7247]]],[[[140.869,35.6896],[140.8688,35.6895],[140.8691,35.6894],[140.869,35.6896]]],[[[140.8684,35.6952],[140.8687,35.6954],[140.8686,35.6954],[140.8683,35.6953],[140.8684,35.6952]]],[[[140.8457,35.6981],[140.8455,35.6981],[140.8454,35.698],[140.8454,35.6978],[140.8457,35.6981]]],[[[140.865,35.7039],[140.8649,35.704],[140.8647,35.704],[140.8648,35.7039],[140.865,35.7039]]],[[[140.8672,35.6936],[140.8672,35.6938],[140.867,35.6937],[140.8672,35.6936]]],[[[140.8659,35.6952],[140.8657,35.6952],[140.866,35.695],[140.866,35.6952],[140.8659,35.6952]]],[[[140.8549,35.7443],[140.8549,35.7445],[140.8548,35.7445],[140.8548,35.7444],[140.8549,35.7443]]],[[[140.864,35.7032],[140.8641,35.7033],[140.864,35.7034],[140.8639,35.7033],[140.864,35.7032]]],[[[140.8758,35.722],[140.8756,35.7219],[140.8758,35.7218],[140.8759,35.7219],[140.8758,35.722]]],[[[140.8664,35.6915],[140.8667,35.6917],[140.8666,35.6917],[140.8665,35.6917],[140.8664,35.6915]]],[[[140.8698,35.7264],[140.87,35.7266],[140.8699,35.7267],[140.8697,35.7265],[140.8698,35.7264]]],[[[140.8722,35.6963],[140.8723,35.6964],[140.8721,35.6964],[140.8721,35.6963],[140.8722,35.6963]]],[[[140.8672,35.6915],[140.8674,35.6916],[140.8673,35.6917],[140.8671,35.6916],[140.8672,35.6915]]],[[[140.8657,35.6911],[140.8658,35.6913],[140.8656,35.6914],[140.8657,35.6911]]],[[[140.8573,35.7462],[140.8572,35.7464],[140.857,35.7463],[140.8573,35.7462]]],[[[140.8452,35.6977],[140.8452,35.6979],[140.8452,35.698],[140.8451,35.698],[140.8451,35.6978],[140.8452,35.6977]]],[[[140.8719,35.7177],[140.8715,35.7177],[140.8717,35.7176],[140.8719,35.7177]]],[[[140.8722,35.7184],[140.8722,35.7185],[140.8721,35.7185],[140.872,35.7185],[140.8722,35.7184]]],[[[140.8655,35.6913],[140.8653,35.6915],[140.8652,35.6915],[140.8653,35.6914],[140.8655,35.6913]]],[[[140.8662,35.6918],[140.8664,35.6919],[140.8662,35.6919],[140.8662,35.6918]]],[[[140.845,35.6977],[140.8451,35.698],[140.845,35.6979],[140.845,35.6977]]],[[[140.8711,35.7205],[140.871,35.7204],[140.8712,35.7203],[140.8712,35.7204],[140.8711,35.7205]]],[[[140.8572,35.7466],[140.8573,35.7467],[140.8572,35.7467],[140.8571,35.7466],[140.8572,35.7466]]],[[[140.8767,35.7181],[140.8767,35.7182],[140.8766,35.7182],[140.8765,35.7182],[140.8767,35.7181]]],[[[140.875,35.7226],[140.8749,35.7227],[140.8749,35.7225],[140.875,35.7226]]],[[[140.8676,35.7154],[140.8678,35.7155],[140.8676,35.7155],[140.8676,35.7154]]],[[[140.8601,35.6924],[140.86,35.6925],[140.8599,35.6925],[140.8599,35.6924],[140.8601,35.6924]]],[[[140.8751,35.7186],[140.8749,35.7186],[140.875,35.7184],[140.8751,35.7186]]],[[[140.8586,35.6943],[140.8586,35.6944],[140.8585,35.6945],[140.8585,35.6944],[140.8586,35.6943]]],[[[140.871,35.7316],[140.8709,35.7317],[140.8708,35.7317],[140.8708,35.7316],[140.871,35.7316]]],[[[140.8576,35.7466],[140.8574,35.7466],[140.8573,35.7466],[140.8574,35.7465],[140.8574,35.7466],[140.8576,35.7466]]],[[[140.8669,35.69],[140.867,35.6902],[140.8668,35.6901],[140.8669,35.69]]],[[[140.8707,35.7078],[140.8707,35.708],[140.8706,35.708],[140.8707,35.7078]]],[[[140.8722,35.7176],[140.872,35.7176],[140.872,35.7174],[140.8722,35.7176]]],[[[140.8543,35.744],[140.8543,35.7442],[140.8542,35.7441],[140.8543,35.744]]],[[[140.8707,35.7291],[140.8706,35.729],[140.8707,35.729],[140.8707,35.7291]]],[[[140.8645,35.7035],[140.8645,35.7037],[140.8644,35.7036],[140.8644,35.7035],[140.8645,35.7035]]],[[[140.8652,35.6911],[140.8652,35.6912],[140.8651,35.6912],[140.8651,35.6911],[140.8652,35.6911]]],[[[140.8698,35.7072],[140.8697,35.7073],[140.8696,35.7073],[140.8696,35.7072],[140.8698,35.7072]]],[[[140.8697,35.7269],[140.8695,35.7268],[140.8696,35.7268],[140.8697,35.7269]]],[[[140.8705,35.7217],[140.8704,35.7218],[140.8703,35.7217],[140.8705,35.7217]]],[[[140.8711,35.7255],[140.8711,35.7256],[140.871,35.7255],[140.8711,35.7255]]],[[[140.8755,35.7219],[140.8754,35.722],[140.8753,35.7219],[140.8755,35.7219]]],[[[140.8662,35.6914],[140.8661,35.6914],[140.866,35.6914],[140.8661,35.6913],[140.8662,35.6914]]],[[[140.8454,35.698],[140.8454,35.6981],[140.8453,35.6981],[140.8454,35.698]]],[[[140.8677,35.6904],[140.8677,35.6905],[140.8676,35.6905],[140.8676,35.6904],[140.8677,35.6904]]],[[[140.87,35.722],[140.8699,35.7221],[140.8699,35.722],[140.87,35.722]]],[[[140.8551,35.6952],[140.8551,35.6953],[140.855,35.6952],[140.8551,35.6952]]],[[[140.8709,35.7232],[140.8709,35.7233],[140.8708,35.7233],[140.8708,35.7232],[140.8709,35.7232]]],[[[140.8618,35.6939],[140.8618,35.694],[140.8617,35.6939],[140.8618,35.6939]]],[[[140.8697,35.7075],[140.8696,35.7076],[140.8695,35.7075],[140.8697,35.7075]]],[[[140.87,35.7081],[140.8701,35.7082],[140.87,35.7082],[140.8699,35.7082],[140.8699,35.7081],[140.87,35.7081]]],[[[140.8707,35.7081],[140.8706,35.7082],[140.8705,35.7082],[140.8706,35.7081],[140.8707,35.7081]]],[[[140.8683,35.7291],[140.8682,35.7291],[140.8682,35.729],[140.8683,35.7291]]],[[[140.8698,35.7077],[140.8697,35.7078],[140.8697,35.7077],[140.8698,35.7077]]],[[[140.8591,35.694],[140.859,35.694],[140.8591,35.6939],[140.8591,35.694]]],[[[140.8567,35.7466],[140.8567,35.7467],[140.8566,35.7467],[140.8567,35.7466]]],[[[140.865,35.7052],[140.8649,35.7053],[140.8648,35.7052],[140.8649,35.7052],[140.865,35.7052]]],[[[140.8718,35.7217],[140.8717,35.7217],[140.8717,35.7216],[140.8718,35.7216],[140.8718,35.7217]]],[[[140.8705,35.7289],[140.8704,35.7291],[140.8703,35.729],[140.8705,35.7289]]],[[[140.8724,35.7179],[140.8722,35.7179],[140.8723,35.7178],[140.8724,35.7179]]],[[[140.8731,35.7191],[140.873,35.7192],[140.8729,35.7192],[140.8731,35.7191]]],[[[140.8683,35.7293],[140.8683,35.7294],[140.8682,35.7294],[140.8682,35.7293],[140.8683,35.7293]]],[[[140.8738,35.7185],[140.8737,35.7186],[140.8737,35.7185],[140.8737,35.7184],[140.8738,35.7185]]],[[[140.8381,35.7048],[140.8382,35.7049],[140.838,35.7049],[140.838,35.7048],[140.8381,35.7048]]],[[[140.8692,35.7087],[140.8693,35.7088],[140.8691,35.7088],[140.8691,35.7087],[140.8692,35.7087]]],[[[140.8711,35.7318],[140.871,35.7318],[140.871,35.7317],[140.8711,35.7318]]],[[[140.8721,35.7177],[140.8719,35.7177],[140.8719,35.7176],[140.872,35.7176],[140.8721,35.7177]]],[[[140.8671,35.6915],[140.867,35.6916],[140.8669,35.6915],[140.8671,35.6915]]],[[[140.8571,35.6938],[140.8573,35.6938],[140.8571,35.6939],[140.8571,35.6938]]],[[[140.8698,35.7262],[140.8699,35.7263],[140.8697,35.7263],[140.8698,35.7262]]],[[[140.8698,35.7067],[140.8697,35.7068],[140.8696,35.7068],[140.8696,35.7067],[140.8698,35.7067]]],[[[140.8694,35.7072],[140.8694,35.7073],[140.8693,35.7073],[140.8694,35.7072]]],[[[140.8583,35.6941],[140.8583,35.6942],[140.8582,35.6941],[140.8583,35.6941]]],[[[140.8694,35.7086],[140.8694,35.7087],[140.8693,35.7086],[140.8694,35.7086]]],[[[140.8789,35.718],[140.8788,35.718],[140.8789,35.7179],[140.879,35.718],[140.8789,35.718]]],[[[140.876,35.7162],[140.876,35.7163],[140.8759,35.7163],[140.876,35.7162]]],[[[140.8703,35.7253],[140.8704,35.7254],[140.8703,35.7255],[140.8702,35.7253],[140.8703,35.7253]]],[[[140.8635,35.7029],[140.8635,35.703],[140.8634,35.703],[140.8634,35.7029],[140.8635,35.7029]]],[[[140.8664,35.6898],[140.8664,35.6899],[140.8663,35.6898],[140.8664,35.6898]]],[[[140.8614,35.6941],[140.8613,35.6942],[140.8613,35.6941],[140.8614,35.6941]]],[[[140.868,35.694],[140.8679,35.6941],[140.8679,35.694],[140.868,35.694]]],[[[140.8635,35.7028],[140.8634,35.7029],[140.8634,35.7028],[140.8635,35.7028]]],[[[140.8725,35.719],[140.8724,35.719],[140.8724,35.7189],[140.8725,35.719]]],[[[140.8682,35.6943],[140.8681,35.6943],[140.868,35.6942],[140.8682,35.6942],[140.8682,35.6943]]],[[[140.8694,35.6933],[140.8694,35.6934],[140.8693,35.6934],[140.8693,35.6933],[140.8694,35.6933]]],[[[140.8689,35.7165],[140.8688,35.7166],[140.8687,35.7165],[140.8688,35.7165],[140.8689,35.7165]]],[[[140.8721,35.7216],[140.8721,35.7215],[140.8722,35.7215],[140.8721,35.7216]]],[[[140.8651,35.7033],[140.865,35.7033],[140.8651,35.7032],[140.8651,35.7033]]],[[[140.8598,35.6947],[140.8598,35.6948],[140.8597,35.6948],[140.8597,35.6947],[140.8598,35.6947]]],[[[140.8699,35.729],[140.8699,35.7291],[140.8698,35.7291],[140.8698,35.729],[140.8699,35.729]]],[[[140.8648,35.7055],[140.8648,35.7056],[140.8647,35.7056],[140.8648,35.7055]]],[[[140.8776,35.7187],[140.8775,35.7188],[140.8774,35.7188],[140.8775,35.7187],[140.8776,35.7187]]],[[[140.8643,35.7036],[140.8643,35.7037],[140.8642,35.7037],[140.8641,35.7036],[140.8643,35.7036]]],[[[140.8697,35.7266],[140.8697,35.7267],[140.8696,35.7266],[140.8697,35.7266]]],[[[140.8696,35.7074],[140.8696,35.7075],[140.8695,35.7075],[140.8695,35.7074],[140.8696,35.7074]]],[[[140.8698,35.7171],[140.8698,35.7172],[140.8697,35.7172],[140.8697,35.7171],[140.8698,35.7171]]],[[[140.8703,35.6921],[140.8702,35.692],[140.8703,35.692],[140.8703,35.6921]]],[[[140.8698,35.722],[140.8699,35.7221],[140.8698,35.7221],[140.8697,35.7221],[140.8698,35.722]]],[[[140.8715,35.7212],[140.8714,35.7213],[140.8713,35.7213],[140.8714,35.7212],[140.8715,35.7212]]],[[[140.8692,35.7227],[140.8693,35.7227],[140.8692,35.7228],[140.8691,35.7227],[140.8692,35.7227]]],[[[140.8725,35.7214],[140.8725,35.7213],[140.8726,35.7214],[140.8725,35.7214]]],[[[140.8718,35.7179],[140.8718,35.718],[140.8717,35.718],[140.8718,35.7179]]],[[[140.8713,35.7201],[140.8711,35.7201],[140.8712,35.72],[140.8713,35.7201]]],[[[140.8724,35.7216],[140.8725,35.7217],[140.8724,35.7217],[140.8724,35.7216]]],[[[140.8691,35.7089],[140.869,35.7089],[140.8691,35.7088],[140.8691,35.7089]]],[[[140.8631,35.6942],[140.863,35.6943],[140.863,35.6942],[140.8631,35.6942]]],[[[140.8701,35.7285],[140.8701,35.7284],[140.8702,35.7285],[140.8701,35.7285]]],[[[140.8645,35.7039],[140.8644,35.704],[140.8643,35.7039],[140.8644,35.7039],[140.8645,35.7039]]],[[[140.8706,35.7262],[140.8705,35.7263],[140.8705,35.7262],[140.8706,35.7262]]],[[[140.8703,35.7273],[140.8704,35.7274],[140.8703,35.7274],[140.8703,35.7273]]],[[[140.8574,35.7464],[140.8575,35.7464],[140.8574,35.7465],[140.8574,35.7464]]],[[[140.8573,35.7461],[140.8572,35.7462],[140.8572,35.7461],[140.8573,35.7461]]],[[[140.869,35.7291],[140.869,35.7292],[140.8689,35.7292],[140.869,35.7291]]],[[[140.8751,35.7227],[140.8752,35.7227],[140.8751,35.7228],[140.8751,35.7227]]],[[[140.8711,35.7315],[140.871,35.7316],[140.8709,35.7315],[140.871,35.7314],[140.8711,35.7315]]],[[[140.8596,35.6944],[140.8596,35.6945],[140.8595,35.6945],[140.8595,35.6944],[140.8596,35.6944]]],[[[140.8591,35.6942],[140.8592,35.6941],[140.8592,35.6942],[140.8591,35.6942]]],[[[140.8706,35.7078],[140.8705,35.7078],[140.8706,35.7077],[140.8706,35.7078]]],[[[140.8684,35.729],[140.8683,35.729],[140.8683,35.7289],[140.8684,35.7289],[140.8684,35.729]]],[[[140.8759,35.7189],[140.8759,35.719],[140.8758,35.719],[140.8758,35.7189],[140.8759,35.7189]]],[[[140.8687,35.6945],[140.8686,35.6946],[140.8686,35.6945],[140.8687,35.6945]]],[[[140.8481,35.696],[140.8481,35.6961],[140.848,35.696],[140.8481,35.696]]],[[[140.8715,35.7177],[140.8714,35.7177],[140.8714,35.7176],[140.8715,35.7177]]],[[[140.8542,35.6935],[140.8542,35.6936],[140.8541,35.6936],[140.8542,35.6935]]],[[[140.8652,35.7051],[140.8652,35.7052],[140.8651,35.7051],[140.8652,35.7051]]],[[[140.865,35.7032],[140.8649,35.7032],[140.865,35.7031],[140.865,35.7032]]],[[[140.8649,35.7039],[140.8649,35.7038],[140.865,35.7038],[140.8649,35.7039]]],[[[140.8714,35.7184],[140.8713,35.7184],[140.8712,35.7183],[140.8713,35.7183],[140.8714,35.7184]]],[[[140.8714,35.7192],[140.8714,35.7191],[140.8715,35.7192],[140.8714,35.7192]]],[[[140.8673,35.689],[140.8672,35.6889],[140.8673,35.6889],[140.8673,35.689]]],[[[140.8681,35.729],[140.8681,35.7291],[140.868,35.729],[140.8681,35.729]]],[[[140.8635,35.6981],[140.8635,35.698],[140.8636,35.698],[140.8636,35.6981],[140.8635,35.6981]]],[[[140.8679,35.6943],[140.8678,35.6943],[140.8679,35.6942],[140.8679,35.6943]]],[[[140.8684,35.6946],[140.8684,35.6945],[140.8685,35.6945],[140.8684,35.6946]]],[[[140.8721,35.718],[140.8722,35.718],[140.8722,35.7181],[140.8721,35.718]]],[[[140.8697,35.7222],[140.8696,35.7221],[140.8697,35.7221],[140.8697,35.7222]]],[[[140.8668,35.6895],[140.8667,35.6894],[140.8668,35.6894],[140.8668,35.6895]]],[[[140.877,35.7181],[140.877,35.7182],[140.8769,35.7182],[140.8769,35.7181],[140.877,35.7181]]],[[[140.8727,35.7217],[140.8727,35.7216],[140.8728,35.7216],[140.8727,35.7217]]],[[[140.8541,35.6946],[140.8541,35.6947],[140.854,35.6947],[140.854,35.6946],[140.8541,35.6946]]],[[[140.8722,35.7217],[140.8722,35.7218],[140.8721,35.7218],[140.8722,35.7217]]],[[[140.8705,35.7085],[140.8705,35.7086],[140.8704,35.7085],[140.8705,35.7085]]],[[[140.8699,35.727],[140.8699,35.7271],[140.8698,35.727],[140.8699,35.727]]],[[[140.8655,35.6916],[140.8655,35.6917],[140.8654,35.6917],[140.8655,35.6916]]],[[[140.8685,35.7297],[140.8685,35.7298],[140.8684,35.7297],[140.8685,35.7297]]],[[[140.8693,35.7069],[140.8695,35.7068],[140.8695,35.7069],[140.8693,35.7069]]],[[[140.8643,35.6975],[140.8643,35.6974],[140.8644,35.6974],[140.8644,35.6975],[140.8643,35.6975]]],[[[140.859,35.6941],[140.859,35.6942],[140.8589,35.6942],[140.859,35.6941]]],[[[140.8644,35.6977],[140.8643,35.6977],[140.8644,35.6976],[140.8644,35.6977]]],[[[140.8691,35.7306],[140.8691,35.7307],[140.869,35.7307],[140.869,35.7306],[140.8691,35.7306]]],[[[140.8692,35.7293],[140.8692,35.7294],[140.8691,35.7293],[140.8692,35.7293]]],[[[140.8704,35.7266],[140.8703,35.7267],[140.8703,35.7266],[140.8704,35.7266]]],[[[140.8683,35.7287],[140.8682,35.7288],[140.8682,35.7287],[140.8683,35.7287]]],[[[140.8571,35.7474],[140.8571,35.7475],[140.857,35.7475],[140.857,35.7474],[140.8571,35.7474]]],[[[140.8551,35.7444],[140.8551,35.7445],[140.855,35.7444],[140.8551,35.7444]]]]}},{"type":"Feature","properties":{"name":"市川市","自治体":"市川市","区分":"許可・届出制/施設ごとに要相談","規制概要":"大柏川第一調節池緑地の「敷地内における禁止行為」にドローンの使用を明記。市域全体ではなく当該緑地での禁止。","公式HP":"https://www.city.ichikawa.lg.jp/","確認日":"2026-08-17","_pref":"千葉県","_cat":"restricted","_color":"#006064","_opacity":0.9,"_weight":1.5,"_fillColor":"#00838f","_fillOpacity":0.4,"出典1":"市川市 大柏川第一調節池緑地の禁止行為(自然環境課)","出典1_URL":"https://www.city.ichikawa.lg.jp/gre05/1111000012.html","出典1_引用":"ドローンおよび火気の使用"},"geometry":{"type":"MultiPolygon","coordinates":[[[[139.9759,35.7738],[139.9751,35.7741],[139.9746,35.775],[139.9722,35.7756],[139.9707,35.7756],[139.9678,35.7745],[139.9648,35.7746],[139.9637,35.7742],[139.9629,35.7744],[139.9619,35.7753],[139.9587,35.7756],[139.9573,35.7751],[139.9567,35.774],[139.9557,35.7729],[139.9551,35.7727],[139.9544,35.7719],[139.9547,35.7704],[139.9541,35.7705],[139.9537,35.7714],[139.9517,35.7709],[139.9514,35.7705],[139.9495,35.7698],[139.9491,35.7683],[139.9482,35.7682],[139.9476,35.7671],[139.9481,35.7664],[139.95,35.7658],[139.9508,35.7654],[139.9514,35.764],[139.9518,35.7619],[139.951,35.7611],[139.9474,35.7611],[139.9462,35.7607],[139.9447,35.7594],[139.9437,35.7584],[139.9418,35.758],[139.9419,35.7575],[139.944,35.7577],[139.945,35.7568],[139.945,35.7564],[139.9435,35.7554],[139.9439,35.754],[139.9436,35.7526],[139.9436,35.7513],[139.9446,35.75],[139.9433,35.7493],[139.9424,35.7484],[139.9397,35.7467],[139.939,35.748],[139.9384,35.7486],[139.9372,35.7486],[139.9365,35.7492],[139.9359,35.749],[139.9348,35.7492],[139.9338,35.7489],[139.9327,35.7493],[139.9313,35.7507],[139.9297,35.7515],[139.9296,35.7525],[139.9288,35.7526],[139.9303,35.7543],[139.9322,35.7547],[139.9319,35.756],[139.9313,35.7571],[139.9316,35.7585],[139.9316,35.7598],[139.9299,35.76],[139.9293,35.7594],[139.9287,35.7595],[139.9267,35.7577],[139.9216,35.7575],[139.9221,35.7593],[139.9224,35.7593],[139.9232,35.7616],[139.92,35.7625],[139.9189,35.7629],[139.9161,35.7627],[139.9137,35.764],[139.9124,35.7653],[139.9121,35.765],[139.911,35.7652],[139.91,35.7657],[139.9092,35.7668],[139.9074,35.767],[139.9062,35.7672],[139.905,35.7664],[139.904,35.7652],[139.9034,35.7641],[139.9016,35.7583],[139.9014,35.7567],[139.9019,35.7558],[139.9012,35.7549],[139.9001,35.7544],[139.8996,35.7534],[139.8981,35.7532],[139.8972,35.7524],[139.8953,35.7529],[139.8961,35.7518],[139.8949,35.7509],[139.8941,35.751],[139.8926,35.752],[139.8904,35.7503],[139.8914,35.7493],[139.8929,35.7481],[139.8967,35.7467],[139.8986,35.7454],[139.8995,35.7444],[139.9007,35.7414],[139.901,35.7401],[139.9009,35.7375],[139.9004,35.7362],[139.8979,35.7319],[139.8973,35.7293],[139.8972,35.7268],[139.8977,35.725],[139.8987,35.7235],[139.904,35.7196],[139.9057,35.7178],[139.9068,35.7158],[139.9081,35.7139],[139.9093,35.7129],[139.9134,35.7105],[139.9148,35.7095],[139.9162,35.708],[139.9165,35.7053],[139.917,35.7035],[139.9186,35.6998],[139.9189,35.6986],[139.9187,35.6977],[139.9149,35.6923],[139.9139,35.6909],[139.9086,35.6855],[139.9059,35.6837],[139.9038,35.6831],[139.8995,35.6827],[139.8936,35.682],[139.8909,35.6813],[139.8879,35.68],[139.8864,35.6786],[139.8856,35.6749],[139.8855,35.6728],[139.8861,35.6711],[139.888,35.6713],[139.8884,35.6727],[139.8931,35.6726],[139.8934,35.6719],[139.8947,35.6716],[139.895,35.6709],[139.8966,35.6704],[139.8985,35.6696],[139.9009,35.6689],[139.9023,35.6679],[139.9021,35.6661],[139.9044,35.6645],[139.9183,35.6555],[139.9183,35.6556],[139.9208,35.6605],[139.9303,35.6665],[139.9356,35.667],[139.936,35.6671],[139.9409,35.6677],[139.9476,35.6695],[139.9459,35.6727],[139.9451,35.673],[139.9298,35.6695],[139.929,35.6703],[139.9332,35.6731],[139.9316,35.6745],[139.9331,35.6757],[139.9358,35.6733],[139.9366,35.6733],[139.9429,35.6779],[139.9449,35.6796],[139.9467,35.6809],[139.9531,35.6718],[139.9532,35.6718],[139.9581,35.6774],[139.9572,35.6795],[139.9537,35.6871],[139.9524,35.6875],[139.9531,35.6885],[139.9543,35.6894],[139.9548,35.6891],[139.9593,35.6794],[139.9599,35.6793],[139.9627,35.6813],[139.9632,35.6814],[139.9625,35.6886],[139.9623,35.6909],[139.9624,35.6929],[139.9621,35.6956],[139.9617,35.6981],[139.961,35.7005],[139.961,35.7019],[139.9598,35.7019],[139.9599,35.7035],[139.9569,35.7041],[139.9569,35.7045],[139.9558,35.7049],[139.955,35.7047],[139.9546,35.7063],[139.9533,35.7054],[139.9501,35.7063],[139.9495,35.7056],[139.9485,35.7061],[139.949,35.7071],[139.947,35.7076],[139.9463,35.7084],[139.9456,35.7087],[139.9447,35.7076],[139.9437,35.7054],[139.9436,35.7047],[139.942,35.7015],[139.941,35.7021],[139.9387,35.7025],[139.9406,35.709],[139.9414,35.7102],[139.9394,35.711],[139.9424,35.716],[139.9439,35.7161],[139.9436,35.718],[139.9434,35.7186],[139.9441,35.719],[139.9446,35.7185],[139.9447,35.7176],[139.946,35.7159],[139.9478,35.7161],[139.9485,35.7157],[139.9492,35.7159],[139.9509,35.7172],[139.9514,35.7182],[139.9521,35.7187],[139.9542,35.7188],[139.9548,35.7195],[139.9571,35.7198],[139.9579,35.7219],[139.9561,35.7224],[139.9575,35.7235],[139.9577,35.7257],[139.9591,35.7271],[139.9602,35.7277],[139.9613,35.7308],[139.9616,35.7329],[139.9612,35.7343],[139.9631,35.7353],[139.9649,35.7351],[139.9694,35.7338],[139.9707,35.7327],[139.9718,35.7325],[139.9729,35.7329],[139.9733,35.735],[139.9741,35.7353],[139.9758,35.7351],[139.9741,35.7385],[139.9734,35.7395],[139.9728,35.7398],[139.9728,35.7413],[139.9731,35.7424],[139.9744,35.7433],[139.9748,35.7442],[139.9746,35.7451],[139.9736,35.7466],[139.9735,35.7474],[139.9728,35.7488],[139.9729,35.7498],[139.972,35.7502],[139.9718,35.7511],[139.9749,35.7517],[139.9746,35.7522],[139.9748,35.7535],[139.9734,35.7547],[139.9713,35.7547],[139.9711,35.7553],[139.971,35.7575],[139.9726,35.7596],[139.9739,35.7601],[139.9746,35.761],[139.9745,35.7618],[139.9748,35.7631],[139.9744,35.7644],[139.9744,35.7659],[139.9752,35.7685],[139.9751,35.7694],[139.9759,35.7738]]],[[[139.9637,35.6723],[139.9627,35.6807],[139.9625,35.6804],[139.9605,35.679],[139.9604,35.6787],[139.9609,35.676],[139.9585,35.6731],[139.9637,35.6723]]],[[[139.936,35.6669],[139.936,35.6668],[139.9327,35.6664],[139.9327,35.6663],[139.9363,35.6667],[139.936,35.6669]]]]}},{"type":"Feature","properties":{"name":"船橋市","自治体":"船橋市","区分":"市管理公園等で原則禁止(公式確認済)","規制概要":"都市公園条例第8条8号に基づき、市の都市公園及び広場等でのドローン飛行を原則禁止。","公式HP":"https://www.city.funabashi.lg.jp/","確認日":"2026-08-17","_pref":"千葉県","_cat":"prohibited","_color":"#4a148c","_opacity":0.9,"_weight":1.5,"_fillColor":"#6a1b9a","_fillOpacity":0.55,"出典1":"船橋市 公園等での小型無人飛行機(ドローン等)の使用禁止(公園緑地課)","出典1_URL":"https://www.city.funabashi.lg.jp/machi/kouen/002/p037595.html","出典1_引用":"都市公園及び広場等で小型無人飛行機（ドローン等）を飛ばす行為は、操縦不能等により第三者への危険並びに公園施設や近隣住宅への破損も考えられるため、原則禁止とします。"},"geometry":{"type":"MultiPolygon","coordinates":[[[[139.9632,35.6814],[139.9636,35.6818],[139.9669,35.6816],[139.9676,35.6837],[139.9683,35.6834],[139.9686,35.6824],[139.9743,35.6819],[139.9748,35.6834],[139.9754,35.6833],[139.9828,35.6816],[139.9832,35.6819],[139.9849,35.6857],[139.9856,35.6875],[139.9833,35.6887],[139.9845,35.6909],[139.9863,35.6903],[139.9868,35.6903],[139.9879,35.6896],[139.9864,35.6863],[139.9861,35.6854],[139.9863,35.6846],[139.987,35.684],[139.9838,35.6771],[139.9915,35.6749],[139.992,35.6723],[139.9846,35.6715],[139.9859,35.6638],[140.0019,35.6656],[140.0049,35.6688],[140.0024,35.6711],[140.0013,35.673],[140.0004,35.6733],[139.998,35.6784],[139.9993,35.6814],[140.001,35.6843],[140.0025,35.6866],[140.0044,35.6886],[140.0044,35.6889],[140.006,35.6909],[140.0088,35.6954],[140.0092,35.6954],[140.0138,35.692],[140.0177,35.6937],[140.0174,35.6929],[140.0194,35.6916],[140.0256,35.6915],[140.0268,35.6913],[140.0284,35.6908],[140.0289,35.6909],[140.0312,35.6932],[140.0311,35.6943],[140.0315,35.6955],[140.034,35.6944],[140.0343,35.6951],[140.0355,35.6963],[140.037,35.6957],[140.038,35.6955],[140.0386,35.695],[140.0397,35.6953],[140.0413,35.6963],[140.0417,35.6957],[140.0429,35.6961],[140.0436,35.6929],[140.0443,35.6926],[140.0482,35.6919],[140.0493,35.6913],[140.0507,35.6919],[140.0529,35.6957],[140.053,35.6965],[140.0567,35.6951],[140.0586,35.6944],[140.0595,35.6937],[140.0601,35.6925],[140.0595,35.6918],[140.0614,35.6911],[140.0625,35.6912],[140.0637,35.6909],[140.064,35.6918],[140.0633,35.6933],[140.0639,35.6943],[140.0635,35.6946],[140.0639,35.6965],[140.0632,35.6965],[140.063,35.6982],[140.0608,35.6981],[140.0598,35.6992],[140.061,35.6995],[140.0624,35.6996],[140.0619,35.7049],[140.0637,35.705],[140.0635,35.7066],[140.0685,35.7069],[140.0683,35.7084],[140.0644,35.7094],[140.0643,35.711],[140.0682,35.7127],[140.07,35.714],[140.0714,35.7162],[140.0717,35.7171],[140.0684,35.7183],[140.0642,35.7202],[140.0629,35.7207],[140.0632,35.7219],[140.0645,35.7264],[140.0657,35.7287],[140.067,35.7321],[140.0676,35.7342],[140.0676,35.7348],[140.0659,35.736],[140.0657,35.7375],[140.0662,35.7382],[140.0688,35.7382],[140.0691,35.739],[140.0684,35.7394],[140.0684,35.7402],[140.0659,35.7406],[140.066,35.741],[140.0644,35.7418],[140.0639,35.7424],[140.0646,35.7433],[140.0644,35.7453],[140.0646,35.746],[140.066,35.7485],[140.0712,35.7492],[140.0743,35.7495],[140.0743,35.7515],[140.075,35.7516],[140.0759,35.7537],[140.0787,35.7546],[140.0789,35.7557],[140.0777,35.7567],[140.0776,35.7575],[140.0761,35.7581],[140.0743,35.7597],[140.074,35.7606],[140.074,35.7618],[140.0778,35.7616],[140.0816,35.7611],[140.0823,35.7619],[140.0845,35.7635],[140.0873,35.7619],[140.0896,35.7621],[140.0894,35.7625],[140.087,35.7628],[140.0865,35.7635],[140.085,35.7646],[140.0849,35.7655],[140.086,35.7658],[140.0859,35.7673],[140.0853,35.7673],[140.0842,35.7688],[140.0842,35.7695],[140.0855,35.7693],[140.0853,35.77],[140.0838,35.7706],[140.084,35.7718],[140.0851,35.7714],[140.0872,35.7727],[140.0879,35.7753],[140.086,35.7773],[140.0857,35.7787],[140.0858,35.7799],[140.0863,35.7811],[140.0882,35.7835],[140.0896,35.784],[140.0864,35.7865],[140.0851,35.7877],[140.084,35.7895],[140.0832,35.7902],[140.0827,35.7917],[140.0794,35.7938],[140.0732,35.7987],[140.0712,35.7997],[140.0694,35.7991],[140.0682,35.7968],[140.0674,35.793],[140.0676,35.7895],[140.0672,35.7853],[140.0667,35.7847],[140.0661,35.7821],[140.0651,35.7804],[140.0638,35.7788],[140.0627,35.7779],[140.0625,35.7771],[140.0618,35.7763],[140.0583,35.7751],[140.0575,35.7746],[140.0564,35.7748],[140.0552,35.7746],[140.0533,35.773],[140.0517,35.7721],[140.0508,35.7719],[140.0493,35.7711],[140.0476,35.7706],[140.0466,35.7709],[140.0454,35.7706],[140.0443,35.7694],[140.0432,35.7688],[140.0426,35.768],[140.0419,35.7679],[140.0399,35.7667],[140.0389,35.7666],[140.0384,35.767],[140.0378,35.7688],[140.0344,35.7691],[140.0321,35.7704],[140.0305,35.7714],[140.0301,35.7713],[140.0245,35.7676],[140.021,35.7655],[140.0225,35.7651],[140.0239,35.7639],[140.0249,35.7634],[140.0257,35.7634],[140.0277,35.7646],[140.0284,35.7642],[140.0268,35.7635],[140.0251,35.7622],[140.0236,35.7614],[140.0233,35.7604],[140.0226,35.76],[140.0225,35.762],[140.0195,35.7618],[140.0171,35.7613],[140.0144,35.7608],[140.0138,35.7592],[140.0161,35.7583],[140.0158,35.7576],[140.0177,35.757],[140.019,35.7568],[140.0189,35.7558],[140.018,35.7546],[140.016,35.7532],[140.0139,35.7514],[140.013,35.7505],[140.0119,35.7498],[140.0084,35.7482],[140.0078,35.745],[140.0079,35.7437],[140.0067,35.7428],[140.0079,35.7414],[140.0088,35.7408],[140.0096,35.74],[140.0096,35.7392],[140.0102,35.7389],[140.0113,35.7396],[140.0133,35.7401],[140.0132,35.7395],[140.0121,35.7394],[140.0115,35.7389],[140.0095,35.7381],[140.009,35.7389],[140.0089,35.74],[140.0081,35.741],[140.0073,35.7414],[140.0064,35.7425],[140.0057,35.7428],[140.0024,35.7431],[140.0011,35.7438],[139.9995,35.7441],[139.9979,35.7437],[139.9964,35.743],[139.9959,35.7426],[139.9937,35.7421],[139.9933,35.7418],[139.991,35.7425],[139.9885,35.7438],[139.9878,35.7451],[139.9855,35.7466],[139.985,35.748],[139.9839,35.7496],[139.9831,35.7512],[139.9831,35.7525],[139.9818,35.7518],[139.9802,35.7504],[139.9792,35.7497],[139.9743,35.7488],[139.9728,35.7488],[139.9735,35.7474],[139.9736,35.7466],[139.9746,35.7451],[139.9748,35.7442],[139.9744,35.7433],[139.9731,35.7424],[139.9728,35.7413],[139.9728,35.7398],[139.9734,35.7395],[139.9741,35.7385],[139.9758,35.7351],[139.9741,35.7353],[139.9733,35.735],[139.9729,35.7329],[139.9718,35.7325],[139.9707,35.7327],[139.9694,35.7338],[139.9649,35.7351],[139.9631,35.7353],[139.9612,35.7343],[139.9616,35.7329],[139.9613,35.7308],[139.9602,35.7277],[139.9591,35.7271],[139.9577,35.7257],[139.9575,35.7235],[139.9561,35.7224],[139.9579,35.7219],[139.9571,35.7198],[139.9548,35.7195],[139.9542,35.7188],[139.9521,35.7187],[139.9514,35.7182],[139.9509,35.7172],[139.9492,35.7159],[139.9485,35.7157],[139.9478,35.7161],[139.946,35.7159],[139.9447,35.7176],[139.9446,35.7185],[139.9441,35.719],[139.9434,35.7186],[139.9436,35.718],[139.9439,35.7161],[139.9424,35.716],[139.9394,35.711],[139.9414,35.7102],[139.9406,35.709],[139.9387,35.7025],[139.941,35.7021],[139.942,35.7015],[139.9436,35.7047],[139.9437,35.7054],[139.9447,35.7076],[139.9456,35.7087],[139.9463,35.7084],[139.947,35.7076],[139.949,35.7071],[139.9485,35.7061],[139.9495,35.7056],[139.9501,35.7063],[139.9533,35.7054],[139.9546,35.7063],[139.955,35.7047],[139.9558,35.7049],[139.9569,35.7045],[139.9569,35.7041],[139.9599,35.7035],[139.9598,35.7019],[139.961,35.7019],[139.961,35.7005],[139.9617,35.6981],[139.9621,35.6956],[139.9624,35.6929],[139.9623,35.6909],[139.9625,35.6886],[139.9632,35.6814]]],[[[139.972,35.6709],[139.9723,35.671],[139.9795,35.6698],[139.9787,35.6732],[139.9717,35.6744],[139.9712,35.6771],[139.9783,35.6759],[139.9777,35.6795],[139.9712,35.6806],[139.9674,35.679],[139.9634,35.6797],[139.9632,35.6808],[139.9627,35.6807],[139.9637,35.6723],[139.972,35.6709]]],[[[139.994,35.7554],[139.9926,35.7554],[139.9914,35.755],[139.9906,35.7532],[139.9889,35.7517],[139.9874,35.7516],[139.9856,35.752],[139.9854,35.7515],[139.9864,35.7501],[139.9858,35.7496],[139.9861,35.7482],[139.9868,35.7469],[139.9877,35.7462],[139.9888,35.7449],[139.9909,35.7433],[139.9928,35.7424],[139.9944,35.7428],[139.9956,35.7427],[139.9969,35.7434],[139.9976,35.744],[139.9979,35.7448],[139.9974,35.7454],[139.9965,35.7474],[139.9984,35.749],[139.9989,35.749],[139.9995,35.7506],[139.9974,35.7513],[139.9962,35.7522],[139.9954,35.7532],[139.995,35.7542],[139.9943,35.7546],[139.994,35.7554]]],[[[139.9818,35.7521],[139.9826,35.7526],[139.9779,35.7537],[139.9781,35.7516],[139.9789,35.7514],[139.9807,35.7521],[139.9818,35.7521]]],[[[139.9771,35.6671],[139.9774,35.6669],[139.9789,35.6666],[139.9798,35.6664],[139.9808,35.6611],[139.9799,35.6664],[139.9789,35.6666],[139.9779,35.6668],[139.9776,35.6672],[139.9771,35.6671]]],[[[139.9809,35.6606],[139.9809,35.6605],[139.9816,35.6562],[139.9809,35.6606]]]]}},{"type":"Feature","properties":{"name":"館山市","自治体":"館山市","区分":"許可・届出制/施設ごとに要相談","規制概要":"沖ノ島公園(砂州含む)でのドローン使用は、公園内行為許可に加え海上自衛隊館山航空基地・館山警察署との事前協議が必要(要相談)。","公式HP":"https://www.city.tateyama.chiba.jp/","確認日":"2026-08-17","_pref":"千葉県","_cat":"restricted","_color":"#006064","_opacity":0.9,"_weight":1.5,"_fillColor":"#00838f","_fillOpacity":0.4,"出典1":"館山市 沖ノ島公園(都市計画課)","出典1_URL":"https://www.city.tateyama.chiba.jp/tosikeikaku/page000206.html","出典1_引用":"沖ノ島公園（砂州部分を含む）でのドローンの使用は、公園内行為許可申請とは別に、事前に海上自衛隊館山航空基地及び館山警察署と協議をしてください。"},"geometry":{"type":"MultiPolygon","coordinates":[[[[139.8245,34.9113],[139.8257,34.9115],[139.8273,34.9125],[139.8288,34.9126],[139.8335,34.9107],[139.8353,34.9109],[139.8398,34.9118],[139.8409,34.9117],[139.8421,34.9119],[139.8434,34.9128],[139.8439,34.9134],[139.8459,34.9143],[139.8467,34.9143],[139.8474,34.9149],[139.8498,34.9151],[139.8505,34.9144],[139.8527,34.9147],[139.8532,34.9165],[139.8544,34.9172],[139.8556,34.9186],[139.8561,34.9187],[139.8566,34.9196],[139.8561,34.9203],[139.8565,34.9218],[139.8583,34.9223],[139.8585,34.9234],[139.8602,34.9236],[139.8621,34.9232],[139.8636,34.9216],[139.8649,34.9211],[139.865,34.9206],[139.8662,34.9205],[139.8671,34.9215],[139.8684,34.9215],[139.869,34.9223],[139.8704,34.922],[139.8712,34.9223],[139.8717,34.9233],[139.8726,34.9232],[139.8742,34.9222],[139.8755,34.9226],[139.8764,34.9235],[139.877,34.9235],[139.8786,34.9248],[139.8799,34.9245],[139.8809,34.924],[139.882,34.9238],[139.8826,34.9256],[139.8835,34.9259],[139.8841,34.9255],[139.8854,34.9261],[139.8859,34.927],[139.8867,34.9271],[139.8871,34.9281],[139.8884,34.9288],[139.8888,34.9302],[139.8911,34.9309],[139.8929,34.9337],[139.8935,34.935],[139.8947,34.9349],[139.8957,34.9332],[139.8956,34.9325],[139.8958,34.9312],[139.8954,34.9292],[139.8949,34.9283],[139.8942,34.9277],[139.8925,34.9272],[139.8933,34.9268],[139.8927,34.9254],[139.8939,34.9249],[139.8954,34.9255],[139.8956,34.9244],[139.8963,34.924],[139.8971,34.9245],[139.8978,34.9255],[139.897,34.926],[139.8975,34.9274],[139.8993,34.9275],[139.9004,34.9272],[139.9009,34.9265],[139.9017,34.9265],[139.9017,34.9279],[139.9027,34.9287],[139.9036,34.9287],[139.9043,34.9282],[139.908,34.9284],[139.909,34.9283],[139.9107,34.9286],[139.9118,34.9281],[139.9126,34.9287],[139.9134,34.9283],[139.914,34.9286],[139.9148,34.9277],[139.9149,34.9271],[139.9171,34.9276],[139.9185,34.9271],[139.9186,34.9279],[139.9193,34.9293],[139.9206,34.9299],[139.9229,34.9326],[139.923,34.9348],[139.9239,34.9348],[139.9248,34.9355],[139.9254,34.9367],[139.9254,34.9382],[139.9265,34.9397],[139.9269,34.9406],[139.9251,34.9416],[139.925,34.9429],[139.9242,34.9429],[139.9223,34.9426],[139.9204,34.9435],[139.9193,34.9438],[139.9181,34.945],[139.9173,34.9453],[139.9162,34.9454],[139.9153,34.9447],[139.9136,34.945],[139.9126,34.9449],[139.9116,34.9455],[139.9113,34.946],[139.9099,34.9462],[139.9089,34.9476],[139.908,34.9483],[139.9074,34.9483],[139.9062,34.9478],[139.9058,34.9481],[139.9065,34.9498],[139.9075,34.9504],[139.9083,34.9529],[139.9079,34.9552],[139.9072,34.9545],[139.9063,34.9546],[139.905,34.9537],[139.9043,34.954],[139.9038,34.9564],[139.9029,34.958],[139.9033,34.9587],[139.9035,34.9601],[139.9027,34.9609],[139.9033,34.9622],[139.9037,34.965],[139.9041,34.9665],[139.9052,34.9672],[139.9065,34.9691],[139.9068,34.9703],[139.9075,34.9713],[139.9073,34.9723],[139.9074,34.9734],[139.9079,34.9747],[139.9091,34.9757],[139.9101,34.9771],[139.91,34.9778],[139.9102,34.9795],[139.9117,34.9795],[139.9138,34.9798],[139.9151,34.9803],[139.9164,34.9803],[139.9192,34.9806],[139.9214,34.9821],[139.9234,34.9826],[139.9244,34.9833],[139.9266,34.9836],[139.9276,34.9834],[139.9291,34.984],[139.9297,34.9854],[139.9298,34.9874],[139.9307,34.9888],[139.9311,34.9903],[139.9309,34.991],[139.9312,34.9925],[139.9318,34.9929],[139.9322,34.9939],[139.935,34.995],[139.9355,34.9956],[139.9359,34.9973],[139.9366,34.998],[139.9382,34.9986],[139.9389,34.9996],[139.9398,34.9999],[139.9406,35.001],[139.9409,35.0021],[139.9408,35.0029],[139.9423,35.0032],[139.9423,35.0036],[139.9412,35.0047],[139.9399,35.0054],[139.9371,35.0064],[139.9382,35.0074],[139.9386,35.0084],[139.9375,35.0098],[139.9376,35.0104],[139.9366,35.0119],[139.9358,35.0126],[139.9357,35.0137],[139.9347,35.0144],[139.9344,35.0157],[139.9336,35.016],[139.9332,35.0167],[139.9352,35.0193],[139.9355,35.0204],[139.9364,35.0215],[139.9367,35.0225],[139.9367,35.0236],[139.936,35.024],[139.9342,35.0241],[139.9339,35.0256],[139.9334,35.0261],[139.932,35.0258],[139.9304,35.0243],[139.9291,35.0253],[139.9289,35.0246],[139.9273,35.0235],[139.9275,35.0224],[139.9272,35.0218],[139.9259,35.0213],[139.9237,35.0195],[139.9222,35.0191],[139.9201,35.0174],[139.9192,35.0174],[139.9186,35.0179],[139.9172,35.0178],[139.9165,35.0173],[139.9149,35.017],[139.9138,35.0178],[139.9128,35.018],[139.9113,35.0179],[139.9106,35.0181],[139.9091,35.018],[139.9095,35.0173],[139.9077,35.0173],[139.9076,35.0181],[139.9048,35.0181],[139.9048,35.0174],[139.9042,35.0167],[139.9042,35.0141],[139.9038,35.0131],[139.9043,35.0118],[139.9045,35.0104],[139.904,35.0098],[139.9015,35.009],[139.8973,35.0089],[139.8958,35.0087],[139.8933,35.0087],[139.8924,35.0086],[139.8898,35.0089],[139.8897,35.0078],[139.8885,35.0078],[139.8873,35.0074],[139.8869,35.0063],[139.885,35.0058],[139.8842,35.0059],[139.8836,35.0055],[139.8826,35.0059],[139.8832,35.0067],[139.883,35.0074],[139.8847,35.0075],[139.8857,35.009],[139.885,35.0104],[139.886,35.012],[139.8865,35.0135],[139.8865,35.0159],[139.8859,35.0188],[139.8849,35.0202],[139.8854,35.0206],[139.8867,35.0205],[139.8877,35.0198],[139.8888,35.0196],[139.8899,35.0198],[139.8904,35.0195],[139.8918,35.0195],[139.8928,35.0197],[139.8926,35.0209],[139.8917,35.0215],[139.8917,35.0221],[139.8906,35.0239],[139.8883,35.0235],[139.8878,35.0226],[139.8867,35.0227],[139.8846,35.0221],[139.8842,35.0224],[139.8816,35.0223],[139.8814,35.0231],[139.8827,35.0237],[139.8826,35.0243],[139.8839,35.0252],[139.8835,35.0259],[139.884,35.0266],[139.8832,35.0273],[139.8834,35.0282],[139.8843,35.0289],[139.8835,35.0316],[139.8844,35.0338],[139.8837,35.0355],[139.8823,35.036],[139.8818,35.0375],[139.8826,35.0381],[139.8835,35.0408],[139.8819,35.0417],[139.8819,35.0432],[139.881,35.044],[139.8807,35.0447],[139.8816,35.0455],[139.8817,35.0474],[139.8833,35.0485],[139.8836,35.0503],[139.8826,35.0512],[139.8834,35.0524],[139.8832,35.0532],[139.8848,35.0542],[139.8834,35.0564],[139.8816,35.0564],[139.8805,35.0554],[139.8804,35.0547],[139.8787,35.053],[139.88,35.0527],[139.8807,35.0519],[139.8806,35.051],[139.8799,35.0503],[139.8793,35.049],[139.8782,35.0483],[139.8767,35.0464],[139.8756,35.0463],[139.8746,35.0466],[139.8733,35.0454],[139.8714,35.0449],[139.8709,35.0442],[139.8717,35.0437],[139.8716,35.043],[139.8701,35.0415],[139.8695,35.0413],[139.8695,35.0405],[139.8685,35.0397],[139.8675,35.0395],[139.8656,35.0382],[139.8641,35.0382],[139.8632,35.0386],[139.8622,35.0382],[139.8621,35.0373],[139.8615,35.0358],[139.862,35.035],[139.8608,35.0344],[139.8591,35.0351],[139.858,35.0346],[139.856,35.033],[139.8545,35.0331],[139.854,35.0325],[139.8532,35.0321],[139.8511,35.0324],[139.8504,35.0328],[139.847,35.0333],[139.8463,35.0324],[139.8445,35.0318],[139.8437,35.0321],[139.8422,35.032],[139.8404,35.0323],[139.8396,35.0321],[139.838,35.0323],[139.8366,35.0326],[139.8348,35.0333],[139.8331,35.0323],[139.8346,35.0319],[139.8357,35.0312],[139.8379,35.0289],[139.8386,35.0291],[139.8396,35.0289],[139.8405,35.028],[139.841,35.0269],[139.8414,35.0254],[139.8421,35.0253],[139.8433,35.0241],[139.8443,35.0243],[139.8437,35.025],[139.8448,35.0255],[139.8454,35.0241],[139.846,35.0243],[139.8457,35.0252],[139.8472,35.0255],[139.8473,35.0259],[139.8491,35.0253],[139.8486,35.0242],[139.8469,35.0236],[139.8471,35.0232],[139.8487,35.0238],[139.8491,35.0246],[139.8507,35.0242],[139.851,35.0236],[139.852,35.0231],[139.8545,35.0201],[139.856,35.0165],[139.8569,35.0142],[139.8575,35.0121],[139.858,35.011],[139.8583,35.0048],[139.858,35.0033],[139.8584,35.0018],[139.8581,34.9985],[139.8573,34.9974],[139.8578,34.9969],[139.8576,34.9953],[139.8565,34.9923],[139.8555,34.9904],[139.8547,34.9903],[139.853,34.9886],[139.8532,34.9879],[139.8515,34.9867],[139.8501,34.9861],[139.8497,34.9854],[139.8482,34.985],[139.8474,34.9861],[139.8418,34.9862],[139.8418,34.9888],[139.8429,34.9893],[139.8418,34.9914],[139.8414,34.9919],[139.84,34.9915],[139.8381,34.9914],[139.8377,34.9911],[139.829,34.9909],[139.8282,34.9899],[139.8268,34.9902],[139.8263,34.9915],[139.8241,34.9916],[139.8232,34.9909],[139.8235,34.9901],[139.8248,34.9899],[139.8266,34.9899],[139.8272,34.9885],[139.8234,34.983],[139.8243,34.9819],[139.8236,34.9818],[139.8238,34.9814],[139.8236,34.9812],[139.8234,34.981],[139.8228,34.9806],[139.8226,34.9801],[139.8214,34.9792],[139.8197,34.9783],[139.8179,34.978],[139.8167,34.9788],[139.8142,34.9781],[139.813,34.9783],[139.8123,34.979],[139.8114,34.9783],[139.8092,34.9773],[139.8078,34.9772],[139.8077,34.9776],[139.8058,34.9773],[139.8058,34.9767],[139.8026,34.9757],[139.8004,34.9753],[139.7969,34.9738],[139.7944,34.9735],[139.7933,34.9739],[139.7891,34.973],[139.7862,34.9728],[139.7833,34.9735],[139.7824,34.9749],[139.7836,34.9755],[139.7819,34.9766],[139.7801,34.9758],[139.7799,34.9758],[139.7795,34.976],[139.7785,34.9753],[139.7768,34.9751],[139.7756,34.9754],[139.7742,34.9763],[139.7741,34.9776],[139.7737,34.9776],[139.7737,34.9775],[139.7737,34.9774],[139.7735,34.9774],[139.7732,34.9776],[139.7726,34.9772],[139.7727,34.9771],[139.7725,34.977],[139.7724,34.9768],[139.772,34.9765],[139.7709,34.9761],[139.7702,34.9764],[139.7698,34.9758],[139.7687,34.9761],[139.7675,34.9758],[139.7673,34.9753],[139.7658,34.9748],[139.7651,34.9748],[139.7641,34.9756],[139.7629,34.9761],[139.7615,34.9755],[139.7608,34.9757],[139.7593,34.9746],[139.7592,34.9758],[139.7585,34.9766],[139.7589,34.9774],[139.7559,34.9779],[139.7553,34.9783],[139.7544,34.9779],[139.7538,34.9768],[139.7553,34.9766],[139.7549,34.975],[139.7536,34.9749],[139.7534,34.9741],[139.7535,34.9721],[139.7545,34.9718],[139.7548,34.9714],[139.7554,34.97],[139.7555,34.9692],[139.7542,34.9692],[139.7543,34.9677],[139.7537,34.9669],[139.7534,34.9653],[139.7542,34.9649],[139.7549,34.9637],[139.7571,34.963],[139.7576,34.9623],[139.7582,34.9622],[139.759,34.9617],[139.7586,34.9612],[139.7592,34.9605],[139.7591,34.9594],[139.7619,34.9591],[139.7622,34.9593],[139.7635,34.9589],[139.7648,34.958],[139.7669,34.9582],[139.7674,34.9579],[139.7688,34.9577],[139.7688,34.9573],[139.7682,34.9565],[139.7695,34.9553],[139.7713,34.9547],[139.7714,34.9551],[139.7715,34.9554],[139.7726,34.9555],[139.7726,34.9548],[139.7745,34.9548],[139.7753,34.9552],[139.7754,34.9554],[139.7756,34.9553],[139.7764,34.9554],[139.7769,34.9555],[139.7769,34.9558],[139.7774,34.9559],[139.7784,34.9555],[139.779,34.9559],[139.7797,34.9561],[139.7805,34.9556],[139.7808,34.9548],[139.7825,34.9547],[139.7846,34.9539],[139.7879,34.9531],[139.7893,34.9524],[139.7921,34.9516],[139.7935,34.9513],[139.7975,34.9497],[139.7984,34.9494],[139.8013,34.9481],[139.8071,34.9458],[139.8112,34.9437],[139.8159,34.941],[139.8194,34.9383],[139.8221,34.936],[139.8251,34.9326],[139.8256,34.9318],[139.8267,34.9296],[139.8275,34.9273],[139.8275,34.9265],[139.8268,34.925],[139.8277,34.9244],[139.8254,34.924],[139.8255,34.9231],[139.8243,34.9223],[139.8244,34.9211],[139.8258,34.9196],[139.8247,34.9188],[139.8238,34.9184],[139.823,34.9168],[139.823,34.916],[139.8232,34.9158],[139.8228,34.9155],[139.8229,34.9153],[139.8227,34.9147],[139.8246,34.9134],[139.8251,34.9121],[139.8245,34.9113]]],[[[139.8386,35.025],[139.838,35.0248],[139.8379,35.0243],[139.8385,35.0244],[139.8386,35.025]]],[[[139.7541,34.9638],[139.754,34.9636],[139.7549,34.9632],[139.755,34.9635],[139.7541,34.9638]]],[[[139.7531,34.9722],[139.7527,34.9723],[139.7526,34.9719],[139.753,34.972],[139.7531,34.9722]]],[[[139.7526,34.973],[139.7527,34.973],[139.7521,34.9741],[139.7519,34.9738],[139.7526,34.973]]],[[[139.7728,34.954],[139.7728,34.9545],[139.7724,34.9543],[139.7728,34.954]]],[[[139.7642,34.9583],[139.764,34.9582],[139.7644,34.9579],[139.7648,34.9579],[139.7642,34.9583]]],[[[139.7573,34.9595],[139.7574,34.9592],[139.7578,34.959],[139.7579,34.9591],[139.7573,34.9595]]],[[[139.7544,34.9628],[139.7544,34.963],[139.7539,34.9633],[139.7539,34.963],[139.7541,34.9628],[139.7544,34.9628]]],[[[139.8424,35.0242],[139.842,35.0246],[139.8417,35.0245],[139.842,35.0242],[139.8424,35.0242]]],[[[139.758,34.9596],[139.7583,34.9592],[139.7585,34.9594],[139.758,34.9596]]],[[[139.7538,34.9715],[139.7534,34.9715],[139.7531,34.9713],[139.7537,34.9713],[139.7538,34.9715]]],[[[139.7544,34.9643],[139.754,34.9642],[139.7545,34.9639],[139.7544,34.9643]]],[[[139.7545,34.9632],[139.7547,34.9628],[139.7549,34.9631],[139.7545,34.9632]]],[[[139.7644,34.9555],[139.7644,34.9558],[139.7641,34.9558],[139.7641,34.9555],[139.7644,34.9555]]],[[[139.7581,34.9597],[139.7582,34.9595],[139.7587,34.9593],[139.7588,34.9595],[139.7581,34.9597]]],[[[139.759,34.9586],[139.7592,34.9582],[139.7595,34.9582],[139.7593,34.9584],[139.759,34.9586]]],[[[139.7588,34.9591],[139.7587,34.959],[139.7591,34.9589],[139.7593,34.9588],[139.7596,34.9588],[139.7588,34.9591]]],[[[139.8565,35.0033],[139.8564,35.0031],[139.8565,35.0027],[139.8566,35.0027],[139.8565,35.0033]]],[[[139.8409,35.0242],[139.8404,35.0241],[139.8404,35.024],[139.8407,35.024],[139.8409,35.0242]]],[[[139.7584,34.9585],[139.7586,34.9585],[139.7582,34.9588],[139.7581,34.9587],[139.7584,34.9585]]],[[[139.7585,34.9574],[139.7585,34.9575],[139.7582,34.9577],[139.7582,34.9575],[139.7585,34.9574]]],[[[139.7741,34.9541],[139.7743,34.9542],[139.7742,34.9545],[139.7739,34.9543],[139.7741,34.9541]]],[[[139.778,34.9555],[139.7778,34.9554],[139.7779,34.9553],[139.7781,34.9554],[139.778,34.9555]]],[[[139.7726,34.9775],[139.7724,34.9774],[139.7726,34.9773],[139.7728,34.9775],[139.7726,34.9775]]],[[[139.7645,34.9567],[139.7646,34.9568],[139.7642,34.9569],[139.7643,34.9568],[139.7645,34.9567]]],[[[139.773,34.9547],[139.7731,34.9546],[139.7732,34.9546],[139.7734,34.9545],[139.7735,34.9547],[139.773,34.9547]]],[[[139.7513,34.9693],[139.751,34.9695],[139.7509,34.9693],[139.7512,34.9692],[139.7513,34.9693]]],[[[139.7773,34.9552],[139.7774,34.9554],[139.7771,34.9553],[139.7773,34.9552]]],[[[139.756,34.9628],[139.7561,34.9629],[139.756,34.9631],[139.7558,34.9629],[139.756,34.9628]]],[[[139.7699,34.9548],[139.7697,34.9551],[139.7696,34.9548],[139.7699,34.9548]]],[[[139.7525,34.9644],[139.7521,34.9644],[139.7521,34.9642],[139.7525,34.9643],[139.7525,34.9644]]],[[[139.7534,34.9719],[139.753,34.9719],[139.7529,34.9717],[139.7534,34.9718],[139.7534,34.9719]]],[[[139.7569,34.9593],[139.7569,34.9595],[139.7566,34.9596],[139.7566,34.9595],[139.7569,34.9593]]],[[[139.7537,34.9641],[139.7534,34.9641],[139.7536,34.9639],[139.7537,34.9641]]],[[[139.7565,34.9613],[139.7565,34.9612],[139.7568,34.9611],[139.7568,34.9612],[139.7565,34.9613]]],[[[139.8244,34.9247],[139.824,34.9245],[139.8239,34.9245],[139.8238,34.9243],[139.8241,34.9245],[139.8244,34.9247]]],[[[139.7656,34.9579],[139.7656,34.958],[139.7655,34.958],[139.7655,34.9579],[139.7656,34.9579]]],[[[139.768,34.9559],[139.7679,34.956],[139.7677,34.9559],[139.768,34.9558],[139.768,34.9559]]],[[[139.77,34.9545],[139.7697,34.9545],[139.7698,34.9544],[139.77,34.9545]]],[[[139.7588,34.9587],[139.7587,34.9588],[139.7582,34.959],[139.7581,34.9589],[139.7583,34.9589],[139.7584,34.9588],[139.7588,34.9587]]],[[[139.8446,35.0229],[139.8445,35.0229],[139.8453,35.0217],[139.8446,35.0229]]],[[[139.7528,34.9652],[139.7525,34.9654],[139.7524,34.9652],[139.7525,34.9651],[139.7528,34.9652]]],[[[139.7571,34.9623],[139.7571,34.9622],[139.7574,34.962],[139.7575,34.9622],[139.7573,34.9622],[139.7571,34.9623]]],[[[139.7695,34.9551],[139.7692,34.955],[139.7693,34.9549],[139.7695,34.9551]]],[[[139.7631,34.9589],[139.7632,34.9586],[139.7633,34.9587],[139.7631,34.9589]]],[[[139.7642,34.958],[139.764,34.9581],[139.764,34.958],[139.7642,34.958]]],[[[139.7624,34.9575],[139.7623,34.9577],[139.7622,34.9577],[139.7623,34.9575],[139.7624,34.9575]]],[[[139.7529,34.9619],[139.7529,34.9621],[139.7527,34.962],[139.7529,34.9619]]],[[[139.7675,34.9555],[139.7676,34.9557],[139.7674,34.9558],[139.7673,34.9555],[139.7675,34.9555]]],[[[139.765,34.9575],[139.7653,34.9576],[139.7652,34.9577],[139.765,34.9577],[139.765,34.9575]]],[[[139.7585,34.9612],[139.7584,34.9611],[139.7585,34.961],[139.7587,34.9611],[139.7585,34.9612]]],[[[139.7648,34.9576],[139.7646,34.9576],[139.7646,34.9575],[139.7648,34.9575],[139.7648,34.9576]]],[[[139.7565,34.9622],[139.7563,34.9623],[139.7563,34.9621],[139.7565,34.9622]]],[[[139.766,34.9578],[139.7659,34.9579],[139.7657,34.9578],[139.766,34.9578]]],[[[139.8161,34.9794],[139.8158,34.9794],[139.816,34.9793],[139.8161,34.9794]]],[[[139.7648,34.9576],[139.765,34.9577],[139.7649,34.9578],[139.7647,34.9578],[139.7648,34.9576]]],[[[139.7817,34.9783],[139.7818,34.9784],[139.7816,34.9784],[139.7814,34.9783],[139.7817,34.9783]]],[[[139.7797,34.9545],[139.7798,34.9547],[139.7797,34.9547],[139.7796,34.9546],[139.7797,34.9545]]],[[[139.7529,34.9653],[139.7527,34.9655],[139.7526,34.9654],[139.7529,34.9653]]],[[[139.7629,34.9589],[139.7627,34.959],[139.7626,34.9589],[139.7628,34.9588],[139.7629,34.9589]]],[[[139.7534,34.9721],[139.7534,34.9722],[139.7534,34.9723],[139.7532,34.9725],[139.7532,34.9727],[139.7531,34.9727],[139.7532,34.9724],[139.7533,34.9723],[139.7534,34.9722],[139.7534,34.9721]]],[[[139.8265,34.9272],[139.8264,34.9272],[139.8262,34.9271],[139.8262,34.927],[139.8265,34.9272]]],[[[139.773,34.9777],[139.7728,34.9776],[139.7729,34.9775],[139.773,34.9777]]],[[[139.7537,34.962],[139.7537,34.9622],[139.7535,34.9622],[139.7535,34.9621],[139.7537,34.962]]],[[[139.7589,34.9588],[139.7586,34.959],[139.7586,34.9589],[139.7589,34.9588]]],[[[139.7699,34.9547],[139.7697,34.9547],[139.7696,34.9547],[139.7696,34.9545],[139.7697,34.9546],[139.7699,34.9547]]],[[[139.7684,34.9561],[139.7683,34.9561],[139.7684,34.9559],[139.7685,34.9559],[139.7684,34.9561]]],[[[139.757,34.9629],[139.7569,34.9629],[139.7568,34.9629],[139.7569,34.9628],[139.7571,34.9628],[139.757,34.9629]]],[[[139.7644,34.9576],[139.764,34.9577],[139.764,34.9576],[139.7642,34.9576],[139.7644,34.9576]]],[[[139.7548,34.9713],[139.7546,34.9714],[139.7547,34.9712],[139.7548,34.9712],[139.7548,34.9713]]],[[[139.7525,34.9752],[139.7525,34.9754],[139.7523,34.9755],[139.7524,34.9753],[139.7525,34.9752]]],[[[139.7715,34.9541],[139.7715,34.9543],[139.7713,34.9542],[139.7715,34.9541]]],[[[139.7719,34.9547],[139.7718,34.9547],[139.7719,34.9546],[139.7719,34.9547]]],[[[139.7681,34.9551],[139.7681,34.9553],[139.768,34.9554],[139.768,34.9551],[139.7681,34.9551]]],[[[139.7533,34.9655],[139.7533,34.9654],[139.7534,34.9655],[139.7533,34.9655]]],[[[139.7703,34.9548],[139.7701,34.9548],[139.7703,34.9547],[139.7703,34.9548]]],[[[139.7534,34.9694],[139.7533,34.9692],[139.7535,34.9692],[139.7534,34.9694]]],[[[139.7605,34.959],[139.7602,34.9592],[139.76,34.9592],[139.7603,34.9591],[139.7605,34.959]]],[[[139.7526,34.9757],[139.7526,34.9758],[139.7524,34.9758],[139.7524,34.9757],[139.7526,34.9757]]],[[[139.7699,34.9542],[139.7696,34.9542],[139.7696,34.9541],[139.7699,34.9542]]],[[[139.7535,34.9651],[139.7536,34.965],[139.7537,34.9651],[139.7535,34.9651]]],[[[139.7635,34.9587],[139.7635,34.9585],[139.7636,34.9585],[139.7635,34.9587]]],[[[139.7755,34.9553],[139.7754,34.9551],[139.7756,34.9551],[139.7755,34.9553]]],[[[139.7692,34.9552],[139.7691,34.9552],[139.7689,34.9552],[139.769,34.9551],[139.7692,34.9552]]],[[[139.8238,34.9216],[139.8239,34.9217],[139.8238,34.9217],[139.8238,34.9216]]],[[[139.7771,34.9556],[139.7772,34.9556],[139.7772,34.9558],[139.7771,34.9559],[139.7771,34.9557],[139.7771,34.9556]]],[[[139.7758,34.9552],[139.7757,34.9553],[139.7755,34.9553],[139.7754,34.9553],[139.7758,34.9552]]],[[[139.7846,34.9538],[139.7847,34.9536],[139.7848,34.9537],[139.7846,34.9538]]],[[[139.768,34.9576],[139.7682,34.9575],[139.7683,34.9576],[139.768,34.9576]]],[[[139.767,34.9578],[139.7669,34.9578],[139.7669,34.9577],[139.7671,34.9577],[139.767,34.9578]]],[[[139.7802,34.9547],[139.7804,34.9547],[139.7802,34.9548],[139.7802,34.9547]]],[[[139.7614,34.9582],[139.7614,34.9583],[139.7613,34.9583],[139.7613,34.9582],[139.7614,34.9582]]],[[[139.7523,34.9756],[139.7522,34.9757],[139.7521,34.9757],[139.7522,34.9756],[139.7523,34.9756]]],[[[139.8234,34.9811],[139.8235,34.9812],[139.8233,34.9812],[139.8234,34.9811]]],[[[139.761,34.9581],[139.7609,34.9583],[139.7608,34.9582],[139.761,34.9581]]],[[[139.7658,34.9573],[139.7658,34.9574],[139.7656,34.9574],[139.7657,34.9573],[139.7658,34.9573]]],[[[139.7735,34.9776],[139.7733,34.9776],[139.7734,34.9775],[139.7735,34.9776]]],[[[139.7514,34.9739],[139.7514,34.9741],[139.7512,34.9741],[139.7513,34.9739],[139.7514,34.9739]]],[[[139.7612,34.9591],[139.7612,34.959],[139.7613,34.9589],[139.7612,34.9591]]],[[[139.758,34.9599],[139.7578,34.96],[139.7578,34.9599],[139.758,34.9598],[139.758,34.9599]]],[[[139.7814,34.9546],[139.7812,34.9545],[139.7813,34.9544],[139.7814,34.9544],[139.7814,34.9546]]],[[[139.7542,34.9645],[139.7541,34.9645],[139.7543,34.9644],[139.7543,34.9645],[139.7542,34.9645]]],[[[139.8535,34.9894],[139.8532,34.9894],[139.8532,34.9893],[139.8535,34.9894]]],[[[139.7627,34.958],[139.7627,34.9581],[139.7626,34.9581],[139.7627,34.958]]],[[[139.7757,34.9549],[139.7756,34.955],[139.7756,34.9548],[139.7757,34.9549]]],[[[139.7599,34.9773],[139.7597,34.9773],[139.7597,34.9772],[139.7599,34.9773]]],[[[139.7677,34.9561],[139.7676,34.956],[139.7677,34.9559],[139.7678,34.956],[139.7677,34.9561]]],[[[139.7682,34.9564],[139.7681,34.9565],[139.7681,34.9563],[139.7682,34.9564]]],[[[139.7678,34.9576],[139.7677,34.9577],[139.7677,34.9576],[139.7678,34.9576]]],[[[139.7798,34.9557],[139.7798,34.9558],[139.7797,34.9557],[139.7798,34.9557]]],[[[139.7673,34.956],[139.7673,34.9561],[139.7671,34.956],[139.7673,34.956]]],[[[139.827,34.9274],[139.8269,34.9275],[139.8268,34.9274],[139.8268,34.9273],[139.827,34.9274]]],[[[139.7686,34.9552],[139.7685,34.9554],[139.7684,34.9552],[139.7686,34.9552]]],[[[139.7689,34.9555],[139.7688,34.9556],[139.7687,34.9555],[139.7688,34.9554],[139.7689,34.9555]]],[[[139.7675,34.9578],[139.7673,34.9578],[139.7674,34.9577],[139.7675,34.9578]]],[[[139.7617,34.9591],[139.7616,34.9591],[139.7616,34.959],[139.7617,34.959],[139.7617,34.9591]]],[[[139.7712,34.9543],[139.7712,34.9544],[139.7711,34.9544],[139.7712,34.9543]]],[[[139.7746,34.9546],[139.7746,34.9548],[139.7745,34.9547],[139.7746,34.9546]]],[[[139.7681,34.9577],[139.7678,34.9578],[139.7679,34.9577],[139.7681,34.9577]]],[[[139.843,35.0242],[139.8429,35.0242],[139.8428,35.0241],[139.843,35.0241],[139.843,35.0242]]],[[[139.7517,34.9733],[139.7517,34.9734],[139.7516,34.9734],[139.7517,34.9733]]],[[[139.7818,34.9543],[139.7819,34.9543],[139.7819,34.9544],[139.7818,34.9544],[139.7818,34.9543]]],[[[139.7666,34.9576],[139.7667,34.9577],[139.7665,34.9578],[139.7665,34.9577],[139.7666,34.9576]]],[[[139.7681,34.9567],[139.768,34.9567],[139.7681,34.9566],[139.7681,34.9567]]],[[[139.7535,34.966],[139.7534,34.9661],[139.7533,34.966],[139.7534,34.9659],[139.7535,34.966]]],[[[139.7515,34.9736],[139.7515,34.9737],[139.7514,34.9736],[139.7515,34.9736]]],[[[139.7519,34.9745],[139.7518,34.9747],[139.7517,34.9746],[139.7519,34.9745]]],[[[139.7639,34.9574],[139.764,34.9573],[139.7641,34.9573],[139.764,34.9574],[139.7639,34.9574]]],[[[139.7678,34.9575],[139.7678,34.9576],[139.7677,34.9575],[139.7678,34.9575]]],[[[139.7662,34.958],[139.7662,34.9579],[139.7663,34.958],[139.7662,34.958]]],[[[139.7833,34.9538],[139.7834,34.9539],[139.7832,34.9539],[139.7832,34.9538],[139.7833,34.9538]]],[[[139.7668,34.9582],[139.7666,34.9582],[139.7667,34.9581],[139.7668,34.9582]]],[[[139.7626,34.9591],[139.7624,34.9591],[139.7624,34.959],[139.7625,34.959],[139.7626,34.9591]]],[[[139.764,34.9578],[139.7639,34.9578],[139.7639,34.9577],[139.764,34.9577],[139.764,34.9578]]],[[[139.7589,34.9594],[139.7589,34.9593],[139.759,34.9593],[139.7589,34.9594]]],[[[139.7788,34.9556],[139.7789,34.9556],[139.7789,34.9557],[139.7788,34.9556]]],[[[139.761,34.959],[139.7609,34.9591],[139.7608,34.959],[139.761,34.959]]],[[[139.7621,34.9588],[139.7621,34.9589],[139.762,34.9589],[139.7621,34.9588]]],[[[139.7557,34.9628],[139.7556,34.9629],[139.7556,34.9628],[139.7557,34.9628]]],[[[139.768,34.9565],[139.768,34.9566],[139.7679,34.9566],[139.7679,34.9565],[139.768,34.9565]]],[[[139.7822,34.9542],[139.7821,34.9543],[139.782,34.9543],[139.7822,34.9542]]],[[[139.7694,34.9553],[139.7693,34.9553],[139.7694,34.9552],[139.7694,34.9553]]],[[[139.7579,34.9587],[139.7578,34.9588],[139.7577,34.9588],[139.7577,34.9587],[139.7579,34.9587]]],[[[139.7683,34.9558],[139.7682,34.9559],[139.7681,34.956],[139.7682,34.9558],[139.7683,34.9558]]],[[[139.7709,34.9545],[139.7708,34.9544],[139.771,34.9544],[139.7709,34.9545]]],[[[139.8229,34.9156],[139.8231,34.9157],[139.823,34.9158],[139.8229,34.9156]]],[[[139.7678,34.9561],[139.7679,34.9562],[139.7677,34.9563],[139.7677,34.9562],[139.7678,34.9562],[139.7678,34.9561]]],[[[139.7611,34.9587],[139.7611,34.9588],[139.761,34.9588],[139.7608,34.9588],[139.761,34.9587],[139.7611,34.9587]]],[[[139.7523,34.9655],[139.7525,34.9655],[139.7524,34.9656],[139.7523,34.9656],[139.7523,34.9655]]],[[[139.7682,34.9547],[139.7682,34.9548],[139.7681,34.9548],[139.7682,34.9547]]],[[[139.8226,34.9237],[139.8227,34.9237],[139.8226,34.9238],[139.8225,34.9237],[139.8226,34.9237]]],[[[139.7536,34.9718],[139.7536,34.972],[139.7535,34.972],[139.7536,34.9718]]],[[[139.7694,34.9546],[139.7695,34.9547],[139.7694,34.9547],[139.7694,34.9546]]],[[[139.7673,34.9577],[139.7673,34.9578],[139.7672,34.9578],[139.7672,34.9577],[139.7673,34.9577]]],[[[139.7653,34.9579],[139.7651,34.9578],[139.7653,34.9578],[139.7653,34.9579]]],[[[139.7662,34.9754],[139.7663,34.9755],[139.7662,34.9755],[139.7662,34.9754]]],[[[139.7646,34.9571],[139.7647,34.9572],[139.7646,34.9572],[139.7646,34.9571]]],[[[139.7614,34.9763],[139.7614,34.9764],[139.7613,34.9764],[139.7613,34.9763],[139.7614,34.9763]]],[[[139.7737,34.9775],[139.7736,34.9775],[139.7736,34.9774],[139.7737,34.9775]]],[[[139.7678,34.9557],[139.7679,34.9557],[139.7678,34.9558],[139.7678,34.9557]]],[[[139.7523,34.9753],[139.7522,34.9754],[139.7521,34.9753],[139.7523,34.9753]]],[[[139.7731,34.954],[139.7731,34.9541],[139.773,34.9541],[139.773,34.954],[139.7731,34.954]]],[[[139.7541,34.9643],[139.7541,34.9644],[139.754,34.9644],[139.7541,34.9643]]],[[[139.7796,34.9762],[139.7796,34.9763],[139.7795,34.9762],[139.7796,34.9762]]],[[[139.776,34.955],[139.776,34.9551],[139.7759,34.9551],[139.7759,34.955],[139.776,34.955]]],[[[139.7764,34.9552],[139.7764,34.9553],[139.7763,34.9552],[139.7764,34.9552]]],[[[139.7639,34.9584],[139.7638,34.9585],[139.7637,34.9585],[139.7639,34.9584]]],[[[139.7648,34.9573],[139.765,34.9574],[139.7649,34.9574],[139.7648,34.9573]]],[[[139.7671,34.9757],[139.7671,34.9758],[139.767,34.9758],[139.767,34.9757],[139.7671,34.9757]]],[[[139.7807,34.9539],[139.7807,34.954],[139.7806,34.954],[139.7806,34.9539],[139.7807,34.9539]]],[[[139.7639,34.9555],[139.7638,34.9556],[139.7637,34.9556],[139.7638,34.9555],[139.7639,34.9555]]],[[[139.7518,34.9689],[139.7518,34.969],[139.7517,34.969],[139.7518,34.9689]]],[[[139.7573,34.962],[139.7572,34.9621],[139.7571,34.9621],[139.7571,34.962],[139.7573,34.962]]],[[[139.7809,34.9541],[139.781,34.9541],[139.7809,34.9542],[139.7809,34.9541]]],[[[139.7793,34.9762],[139.7792,34.9762],[139.7793,34.9761],[139.7793,34.9762]]],[[[139.7521,34.9733],[139.7522,34.9734],[139.7521,34.9734],[139.752,34.9734],[139.7521,34.9733]]],[[[139.7683,34.9761],[139.7682,34.9762],[139.7682,34.9761],[139.7683,34.9761]]],[[[139.7706,34.9543],[139.7707,34.9544],[139.7706,34.9544],[139.7706,34.9543]]],[[[139.7676,34.9561],[139.7676,34.9563],[139.7675,34.9562],[139.7676,34.9561]]],[[[139.7559,34.9623],[139.756,34.9624],[139.7558,34.9623],[139.7559,34.9623]]],[[[139.7708,34.9545],[139.7709,34.9546],[139.7707,34.9546],[139.7708,34.9545]]],[[[139.7685,34.9761],[139.7685,34.9762],[139.7684,34.9763],[139.7684,34.9762],[139.7685,34.9762],[139.7685,34.9761]]],[[[139.7678,34.9577],[139.7676,34.9578],[139.7676,34.9577],[139.7678,34.9577]]],[[[139.7774,34.9556],[139.7774,34.9557],[139.7773,34.9557],[139.7774,34.9556]]],[[[139.7632,34.9568],[139.7631,34.9569],[139.7631,34.9568],[139.7632,34.9568]]],[[[139.7654,34.9579],[139.7654,34.958],[139.7653,34.958],[139.7654,34.9579]]],[[[139.7805,34.9545],[139.7805,34.9546],[139.7804,34.9546],[139.7805,34.9545]]],[[[139.7644,34.9575],[139.7644,34.9576],[139.7643,34.9575],[139.7644,34.9575]]],[[[139.7628,34.9585],[139.7627,34.9586],[139.7626,34.9585],[139.7628,34.9585]]],[[[139.7694,34.9543],[139.7694,34.9544],[139.7693,34.9544],[139.7694,34.9543]]],[[[139.7524,34.9728],[139.7524,34.9729],[139.7523,34.9729],[139.7524,34.9728]]],[[[139.769,34.9546],[139.769,34.9547],[139.7689,34.9547],[139.769,34.9546]]],[[[139.7795,34.976],[139.7796,34.9761],[139.7795,34.9761],[139.7795,34.976]]],[[[139.7626,34.9577],[139.7626,34.9578],[139.7625,34.9577],[139.7626,34.9577]]],[[[139.779,34.9557],[139.779,34.9558],[139.7789,34.9557],[139.779,34.9557]]],[[[139.7715,34.9549],[139.7714,34.9549],[139.7714,34.9548],[139.7716,34.9549],[139.7715,34.9549]]],[[[139.7544,34.9713],[139.7544,34.9715],[139.7543,34.9714],[139.7544,34.9713]]],[[[139.7533,34.9662],[139.7531,34.9663],[139.7531,34.9662],[139.7533,34.9662]]],[[[139.7691,34.9549],[139.7691,34.955],[139.769,34.955],[139.7691,34.9549]]],[[[139.7539,34.9685],[139.7537,34.9686],[139.7538,34.9685],[139.7539,34.9685]]],[[[139.7784,34.955],[139.7785,34.9551],[139.7784,34.9551],[139.7784,34.955]]],[[[139.7682,34.9545],[139.7683,34.9546],[139.7682,34.9546],[139.7682,34.9545]]],[[[139.7678,34.9552],[139.7677,34.9553],[139.7677,34.9552],[139.7678,34.9552]]],[[[139.7795,34.9556],[139.7795,34.9555],[139.7796,34.9556],[139.7795,34.9556]]],[[[139.7591,34.9591],[139.759,34.9592],[139.759,34.9591],[139.7591,34.9591]]],[[[139.7642,34.9579],[139.7641,34.9579],[139.764,34.9579],[139.764,34.9578],[139.7642,34.9579]]],[[[139.7722,34.9769],[139.7721,34.9769],[139.7723,34.9768],[139.7722,34.9769]]],[[[139.7549,34.9711],[139.7548,34.9711],[139.7549,34.971],[139.7549,34.9711]]],[[[139.7596,34.9585],[139.7596,34.9586],[139.7595,34.9586],[139.7594,34.9586],[139.7596,34.9585]]],[[[139.7744,34.9774],[139.7745,34.9774],[139.7745,34.9775],[139.7744,34.9774]]],[[[139.7683,34.9559],[139.7684,34.9559],[139.7682,34.956],[139.7683,34.9559]]],[[[139.7523,34.9731],[139.7523,34.9732],[139.7522,34.9732],[139.7523,34.9731]]],[[[139.7538,34.9719],[139.7538,34.972],[139.7537,34.972],[139.7538,34.9719]]],[[[139.752,34.9753],[139.7519,34.9753],[139.752,34.9752],[139.752,34.9753]]],[[[139.7616,34.9587],[139.7615,34.9588],[139.7615,34.9587],[139.7616,34.9587]]],[[[139.7815,34.9543],[139.7816,34.9544],[139.7815,34.9544],[139.7815,34.9543]]],[[[139.7778,34.9555],[139.7778,34.9556],[139.7777,34.9556],[139.7778,34.9555]]],[[[139.7652,34.9574],[139.7652,34.9575],[139.7651,34.9574],[139.7652,34.9574]]],[[[139.8139,34.9784],[139.8138,34.9785],[139.8138,34.9784],[139.8139,34.9784]]],[[[139.7769,34.9554],[139.777,34.9555],[139.7769,34.9555],[139.7769,34.9554]]],[[[139.768,34.9564],[139.768,34.9565],[139.7679,34.9564],[139.768,34.9564]]],[[[139.7616,34.977],[139.7616,34.9771],[139.7615,34.9771],[139.7616,34.977]]],[[[139.7798,34.9759],[139.7797,34.976],[139.7797,34.9759],[139.7798,34.9759]]],[[[139.7711,34.9771],[139.771,34.9771],[139.7711,34.977],[139.7711,34.9771]]],[[[139.7584,34.959],[139.7585,34.959],[139.7584,34.9591],[139.7584,34.959]]],[[[139.7715,34.955],[139.7715,34.9551],[139.7714,34.9551],[139.7715,34.955]]],[[[139.7685,34.955],[139.7686,34.9551],[139.7685,34.9551],[139.7685,34.955]]],[[[139.8243,34.9112],[139.8245,34.9112],[139.8244,34.9113],[139.8243,34.9112]]],[[[139.7737,34.9545],[139.7738,34.9546],[139.7737,34.9546],[139.7737,34.9545]]],[[[139.7883,34.9525],[139.7884,34.9526],[139.7883,34.9526],[139.7883,34.9525]]],[[[139.7656,34.9575],[139.7656,34.9576],[139.7655,34.9576],[139.7656,34.9575]]],[[[139.7533,34.9653],[139.7533,34.9654],[139.7531,34.9654],[139.7532,34.9653],[139.7533,34.9653]]],[[[139.7718,34.9542],[139.7717,34.9543],[139.7717,34.9542],[139.7718,34.9542]]],[[[139.7649,34.9572],[139.7649,34.9571],[139.765,34.9572],[139.7649,34.9572]]],[[[139.7704,34.9545],[139.7704,34.9546],[139.7703,34.9546],[139.7704,34.9545]]],[[[139.7726,34.9771],[139.7726,34.9772],[139.7725,34.9772],[139.7726,34.9771]]],[[[139.7679,34.9561],[139.768,34.9562],[139.7679,34.9562],[139.7679,34.9561]]],[[[139.7681,34.9561],[139.7681,34.9562],[139.768,34.9561],[139.7681,34.9561]]],[[[139.7692,34.9554],[139.7692,34.9556],[139.7691,34.9556],[139.7691,34.9555],[139.7692,34.9554]]],[[[139.7684,34.9557],[139.7684,34.9558],[139.7683,34.9557],[139.7684,34.9557]]],[[[139.7693,34.9542],[139.7694,34.9543],[139.7693,34.9543],[139.7693,34.9542]]],[[[139.7707,34.9545],[139.7707,34.9546],[139.7706,34.9545],[139.7707,34.9545]]],[[[139.7685,34.9571],[139.7685,34.9572],[139.7684,34.9571],[139.7685,34.9571]]],[[[139.7817,34.9542],[139.7817,34.9543],[139.7816,34.9543],[139.7817,34.9542]]],[[[139.7629,34.9586],[139.7629,34.9587],[139.7628,34.9587],[139.7629,34.9586]]],[[[139.7683,34.9567],[139.7682,34.9568],[139.7682,34.9567],[139.7683,34.9567]]],[[[139.7534,34.9658],[139.7533,34.9658],[139.7533,34.9657],[139.7534,34.9657],[139.7534,34.9658]]],[[[139.7681,34.955],[139.7682,34.955],[139.7681,34.9551],[139.7681,34.955]]],[[[139.7548,34.9709],[139.7548,34.971],[139.7547,34.9709],[139.7548,34.9709]]],[[[139.768,34.955],[139.7681,34.955],[139.768,34.9551],[139.768,34.955]]],[[[139.7679,34.9571],[139.768,34.9572],[139.7679,34.9572],[139.7679,34.9571]]],[[[139.7688,34.9548],[139.7687,34.9549],[139.7687,34.9548],[139.7688,34.9548]]],[[[139.7655,34.9577],[139.7655,34.9578],[139.7654,34.9578],[139.7654,34.9577],[139.7655,34.9577]]],[[[139.7762,34.9551],[139.7762,34.9552],[139.7761,34.9551],[139.7762,34.9551]]],[[[139.7883,34.9527],[139.7883,34.9528],[139.7882,34.9528],[139.7883,34.9527]]],[[[139.7577,34.9595],[139.7576,34.9596],[139.7576,34.9595],[139.7577,34.9595]]],[[[139.7689,34.9551],[139.7689,34.9552],[139.7688,34.9551],[139.7689,34.9551]]],[[[139.7638,34.9577],[139.7637,34.9578],[139.7637,34.9577],[139.7638,34.9577]]],[[[139.7536,34.9692],[139.7536,34.9693],[139.7535,34.9693],[139.7536,34.9692]]],[[[139.7755,34.955],[139.7754,34.9551],[139.7754,34.955],[139.7755,34.955]]],[[[139.7806,34.9547],[139.7806,34.9548],[139.7805,34.9548],[139.7805,34.9547],[139.7806,34.9547]]],[[[139.7692,34.9553],[139.7692,34.9554],[139.7691,34.9553],[139.7692,34.9553]]],[[[139.7783,34.9551],[139.7782,34.9552],[139.7782,34.9551],[139.7783,34.9551]]],[[[139.7799,34.9555],[139.7799,34.9556],[139.7798,34.9556],[139.7799,34.9555]]],[[[139.7682,34.9572],[139.7681,34.9573],[139.7681,34.9572],[139.7682,34.9572]]]]}},{"type":"Feature","properties":{"name":"木更津市","自治体":"木更津市","区分":"自治体独自の規制は確認されず(国の規制のみ)","規制概要":"市独自規制ではなく、国の小型無人機等飛行禁止法(市内の自衛隊施設周辺は原則禁止)を市が案内している。","公式HP":"https://www.city.kisarazu.lg.jp/","確認日":"2026-08-17","_pref":"千葉県","_cat":"unknown","_color":"#455a64","_opacity":0.9,"_weight":1.5,"_fillColor":"#78909c","_fillOpacity":0.18,"出典1":"木更津市 防衛施設周辺における小型無人機(ドローン等)の飛行の禁止(企画課)","出典1_URL":"https://www.city.kisarazu.lg.jp/soshiki/kikaku/kikaku/1/3984.html","出典1_引用":"小型無人機等飛行禁止法に基づき、市内に所在する各自衛隊施設が対象防衛関係施設に指定され"},"geometry":{"type":"MultiPolygon","coordinates":[[[[139.9486,35.4422],[139.9468,35.4426],[139.9446,35.4427],[139.943,35.4432],[139.9429,35.4441],[139.94,35.4439],[139.9398,35.4431],[139.937,35.4427],[139.9358,35.4416],[139.935,35.442],[139.9315,35.4413],[139.9282,35.4406],[139.9278,35.44],[139.927,35.4402],[139.9245,35.4398],[139.9242,35.4408],[139.9221,35.4405],[139.9197,35.4399],[139.9201,35.4395],[139.9218,35.4399],[139.922,35.4392],[139.9195,35.4386],[139.9189,35.438],[139.9181,35.4382],[139.9176,35.4394],[139.9172,35.4394],[139.9177,35.4375],[139.9144,35.4366],[139.9124,35.4357],[139.9092,35.4332],[139.9077,35.4324],[139.9055,35.4319],[139.905,35.4323],[139.9033,35.4315],[139.9036,35.43],[139.9031,35.4294],[139.9031,35.4279],[139.9028,35.4274],[139.901,35.4275],[139.9009,35.4271],[139.9022,35.4261],[139.9018,35.4251],[139.9002,35.4237],[139.8979,35.4235],[139.897,35.4232],[139.8969,35.4191],[139.8989,35.419],[139.8999,35.4168],[139.9028,35.4151],[139.8999,35.4155],[139.8994,35.4168],[139.8993,35.418],[139.8985,35.4175],[139.8977,35.4158],[139.8977,35.4138],[139.8981,35.4131],[139.8974,35.4123],[139.8981,35.4099],[139.8979,35.4092],[139.8988,35.4083],[139.8993,35.4066],[139.901,35.4067],[139.9012,35.4044],[139.9022,35.4041],[139.9008,35.4015],[139.9018,35.4008],[139.9031,35.4009],[139.9039,35.4006],[139.9022,35.3995],[139.9066,35.3893],[139.9068,35.3895],[139.9133,35.3914],[139.9144,35.3889],[139.9148,35.3888],[139.9175,35.3894],[139.9181,35.3892],[139.9186,35.3875],[139.9181,35.3874],[139.9187,35.386],[139.9181,35.3857],[139.9177,35.3869],[139.9168,35.3875],[139.9158,35.3873],[139.9155,35.3866],[139.9178,35.3857],[139.9177,35.3824],[139.918,35.3817],[139.9155,35.3813],[139.9139,35.3834],[139.9127,35.3828],[139.9146,35.3799],[139.9142,35.3794],[139.9128,35.3794],[139.911,35.3807],[139.8976,35.375],[139.8991,35.3727],[139.9045,35.375],[139.9074,35.3703],[139.9023,35.3682],[139.8998,35.3721],[139.8947,35.3699],[139.8927,35.373],[139.8878,35.3709],[139.8914,35.3652],[139.894,35.3632],[139.8952,35.3635],[139.8955,35.3631],[139.8943,35.3626],[139.8965,35.3592],[139.8967,35.3583],[139.8941,35.3571],[139.8913,35.3615],[139.8875,35.3615],[139.8889,35.3592],[139.8955,35.3487],[139.8973,35.3471],[139.8978,35.3452],[139.8978,35.3438],[139.8988,35.3419],[139.8988,35.3408],[139.8985,35.3396],[139.8994,35.339],[139.8989,35.3374],[139.9002,35.3373],[139.9046,35.3352],[139.9054,35.3367],[139.9057,35.3384],[139.9088,35.3378],[139.9092,35.3388],[139.9106,35.3392],[139.9115,35.3392],[139.9117,35.3402],[139.9121,35.3404],[139.9137,35.3399],[139.9142,35.3407],[139.9162,35.3399],[139.9171,35.3389],[139.9175,35.3393],[139.9196,35.3395],[139.9201,35.3404],[139.9207,35.3405],[139.9212,35.3396],[139.9222,35.3391],[139.9226,35.3382],[139.9235,35.3379],[139.9244,35.3383],[139.9249,35.3375],[139.9265,35.3375],[139.9265,35.3385],[139.9269,35.3393],[139.9277,35.3388],[139.9291,35.3384],[139.9297,35.3385],[139.9298,35.3376],[139.9305,35.3371],[139.9312,35.3375],[139.9315,35.3384],[139.9323,35.3383],[139.9332,35.3377],[139.9336,35.337],[139.9345,35.3374],[139.9359,35.3373],[139.9371,35.3383],[139.938,35.3376],[139.9385,35.3377],[139.9394,35.3356],[139.9405,35.3361],[139.9424,35.3349],[139.9458,35.3334],[139.9458,35.3328],[139.9469,35.3329],[139.9481,35.3335],[139.9488,35.3331],[139.9488,35.3322],[139.9493,35.3317],[139.9503,35.3313],[139.9514,35.3305],[139.9517,35.3297],[139.9534,35.3299],[139.9541,35.3305],[139.9548,35.3303],[139.9569,35.331],[139.9575,35.3315],[139.9587,35.3315],[139.9604,35.3317],[139.9629,35.3313],[139.9643,35.3315],[139.9647,35.3304],[139.965,35.3284],[139.9658,35.3269],[139.9676,35.326],[139.969,35.3245],[139.9722,35.3226],[139.9734,35.3211],[139.9738,35.3196],[139.9738,35.3184],[139.9758,35.3186],[139.9776,35.318],[139.9786,35.3172],[139.9794,35.3174],[139.98,35.3159],[139.9809,35.3151],[139.9816,35.3168],[139.9825,35.3168],[139.9837,35.3193],[139.9843,35.3198],[139.986,35.3195],[139.9876,35.3176],[139.9881,35.3177],[139.9889,35.3188],[139.99,35.3197],[139.991,35.3184],[139.9926,35.3172],[139.9946,35.3168],[139.996,35.3157],[139.9965,35.3164],[139.9961,35.3167],[139.9963,35.3177],[139.9973,35.3174],[139.9978,35.3189],[139.9981,35.3207],[139.9977,35.3221],[139.9981,35.3259],[139.999,35.3269],[140.0001,35.3274],[140.0014,35.3273],[140.0016,35.3299],[140.0019,35.3303],[140.004,35.3281],[140.0049,35.3268],[140.0049,35.3262],[140.0064,35.3233],[140.0075,35.322],[140.0074,35.3211],[140.0083,35.3209],[140.0089,35.3199],[140.0103,35.3189],[140.0108,35.3162],[140.0113,35.3155],[140.012,35.3154],[140.0128,35.3148],[140.0129,35.3142],[140.014,35.3127],[140.0156,35.3135],[140.0157,35.3142],[140.0166,35.3161],[140.0161,35.317],[140.0162,35.318],[140.0167,35.3189],[140.0176,35.3195],[140.0192,35.3215],[140.02,35.3219],[140.0203,35.3228],[140.0212,35.324],[140.0213,35.3257],[140.0208,35.3291],[140.0216,35.3301],[140.0233,35.3305],[140.0243,35.3302],[140.0258,35.3302],[140.0266,35.33],[140.0293,35.3305],[140.0305,35.3317],[140.0318,35.3321],[140.0331,35.3332],[140.0357,35.3338],[140.0368,35.3349],[140.0379,35.3346],[140.0393,35.3352],[140.0402,35.3353],[140.0418,35.3359],[140.041,35.3374],[140.0412,35.3382],[140.0436,35.3377],[140.044,35.3385],[140.0426,35.3394],[140.0445,35.3407],[140.0452,35.3416],[140.0453,35.3424],[140.0447,35.3436],[140.0432,35.3453],[140.0436,35.3458],[140.0435,35.3475],[140.0443,35.3483],[140.0462,35.3476],[140.0471,35.3476],[140.0482,35.3481],[140.0484,35.3487],[140.0466,35.3507],[140.049,35.3508],[140.0486,35.352],[140.0517,35.352],[140.0516,35.3553],[140.0526,35.3556],[140.0552,35.3556],[140.0561,35.3554],[140.056,35.3548],[140.0573,35.3542],[140.0587,35.3543],[140.0593,35.3539],[140.0595,35.3529],[140.0609,35.3509],[140.0618,35.3511],[140.0636,35.3504],[140.0643,35.3499],[140.0654,35.3499],[140.0666,35.349],[140.0692,35.3467],[140.07,35.3467],[140.0707,35.3458],[140.0732,35.3453],[140.0753,35.3466],[140.0771,35.3469],[140.079,35.3464],[140.0793,35.3455],[140.0803,35.3459],[140.0821,35.3458],[140.083,35.3471],[140.0841,35.3469],[140.0833,35.3458],[140.0831,35.344],[140.0833,35.3426],[140.0843,35.3407],[140.0842,35.3398],[140.085,35.3382],[140.087,35.3379],[140.0877,35.3371],[140.0879,35.3361],[140.0893,35.3351],[140.09,35.3339],[140.0916,35.334],[140.092,35.3336],[140.0901,35.3309],[140.091,35.3305],[140.092,35.3306],[140.0929,35.3303],[140.0934,35.3296],[140.0939,35.3283],[140.0948,35.3282],[140.0959,35.3287],[140.097,35.327],[140.0979,35.3271],[140.0981,35.3284],[140.1,35.3284],[140.1007,35.3273],[140.1015,35.3267],[140.1032,35.3271],[140.1042,35.3259],[140.1038,35.3252],[140.1039,35.3243],[140.1049,35.3236],[140.1061,35.3232],[140.1067,35.3226],[140.1075,35.321],[140.1091,35.3192],[140.1097,35.3198],[140.1098,35.3206],[140.1089,35.3216],[140.1084,35.3245],[140.11,35.3249],[140.1111,35.3245],[140.1114,35.3256],[140.1113,35.3271],[140.1117,35.3273],[140.1134,35.3292],[140.1145,35.3287],[140.1156,35.3286],[140.1169,35.3289],[140.1183,35.3305],[140.1196,35.3314],[140.1202,35.3327],[140.1211,35.3331],[140.1214,35.3338],[140.1205,35.334],[140.1206,35.3347],[140.1216,35.3355],[140.1214,35.3372],[140.122,35.3377],[140.1228,35.3389],[140.1242,35.3387],[140.125,35.3391],[140.1259,35.3406],[140.1263,35.342],[140.1272,35.3422],[140.1287,35.3433],[140.1288,35.3445],[140.1295,35.3455],[140.1297,35.3466],[140.1295,35.3473],[140.1286,35.3476],[140.1267,35.3489],[140.1258,35.3499],[140.1251,35.3502],[140.1238,35.3516],[140.1233,35.3531],[140.1228,35.3536],[140.1221,35.3556],[140.1226,35.3565],[140.123,35.3582],[140.1228,35.3588],[140.1215,35.3595],[140.1208,35.3594],[140.1191,35.3604],[140.1183,35.3613],[140.1183,35.3624],[140.1193,35.3629],[140.1197,35.3637],[140.1207,35.364],[140.1197,35.3651],[140.1184,35.3653],[140.1178,35.3665],[140.117,35.3667],[140.1147,35.3706],[140.1134,35.3707],[140.1118,35.3725],[140.1117,35.3733],[140.1108,35.3736],[140.1096,35.3753],[140.1104,35.3757],[140.1102,35.3763],[140.1104,35.3774],[140.1093,35.3795],[140.1081,35.3804],[140.1072,35.3813],[140.1063,35.3828],[140.1062,35.3837],[140.1056,35.3844],[140.1044,35.3842],[140.1022,35.3852],[140.1023,35.3845],[140.1033,35.3838],[140.1042,35.3824],[140.1044,35.3813],[140.1038,35.3807],[140.1056,35.3793],[140.1045,35.3779],[140.1035,35.3778],[140.1035,35.3772],[140.1043,35.3762],[140.1025,35.3755],[140.1001,35.3751],[140.0994,35.3751],[140.098,35.3759],[140.097,35.3767],[140.0947,35.3776],[140.0934,35.3787],[140.092,35.3792],[140.0899,35.3809],[140.0899,35.3826],[140.0905,35.3835],[140.092,35.3842],[140.0926,35.3867],[140.0933,35.3879],[140.0921,35.3881],[140.0913,35.3856],[140.0912,35.3848],[140.0891,35.3832],[140.0878,35.3834],[140.0861,35.3829],[140.0853,35.3825],[140.0844,35.3826],[140.0837,35.3832],[140.0833,35.3845],[140.0827,35.3849],[140.0818,35.3847],[140.0814,35.3853],[140.0777,35.3855],[140.0764,35.3851],[140.0754,35.3854],[140.0741,35.3845],[140.0729,35.3833],[140.0724,35.3832],[140.07,35.3838],[140.0692,35.3835],[140.0682,35.3835],[140.0678,35.3831],[140.0661,35.3827],[140.0652,35.3828],[140.064,35.3816],[140.0631,35.3812],[140.0609,35.3788],[140.0603,35.3787],[140.0589,35.379],[140.0575,35.3795],[140.0577,35.3799],[140.0552,35.3809],[140.0535,35.3782],[140.0476,35.3806],[140.0458,35.3789],[140.0454,35.3751],[140.0451,35.3735],[140.0441,35.3737],[140.0434,35.3726],[140.0424,35.3726],[140.0423,35.3711],[140.037,35.3712],[140.0353,35.3713],[140.0354,35.3699],[140.0349,35.368],[140.0341,35.3661],[140.0344,35.364],[140.0333,35.3631],[140.0329,35.3612],[140.0307,35.3603],[140.0292,35.3606],[140.0276,35.3605],[140.0271,35.3603],[140.0241,35.3604],[140.0236,35.36],[140.0229,35.357],[140.0249,35.3532],[140.0246,35.3527],[140.0234,35.3527],[140.022,35.3523],[140.0208,35.3521],[140.0192,35.3527],[140.019,35.3522],[140.0197,35.3506],[140.0194,35.3501],[140.0177,35.3487],[140.0174,35.3479],[140.0155,35.3462],[140.015,35.345],[140.0136,35.3446],[140.0129,35.3436],[140.0117,35.3441],[140.0091,35.3446],[140.0081,35.3453],[140.0059,35.3448],[140.005,35.3454],[140.0047,35.3441],[140.0034,35.3438],[140.0016,35.3447],[140.0018,35.3452],[140.0012,35.3462],[140.0001,35.3464],[139.9994,35.3473],[139.9992,35.3481],[140.0001,35.349],[140.0013,35.349],[140.0006,35.3498],[140.0004,35.351],[139.9998,35.3509],[139.9998,35.3497],[139.9992,35.3496],[139.9987,35.3488],[139.9981,35.3487],[139.9971,35.3495],[139.9969,35.3504],[139.9959,35.3501],[139.9953,35.3485],[139.995,35.3501],[139.9959,35.3509],[139.9968,35.3507],[139.999,35.3514],[140.0008,35.353],[140.0007,35.3545],[140.0015,35.3561],[140.0015,35.3574],[140.0032,35.3598],[140.0028,35.3613],[140.0018,35.3625],[139.9989,35.3645],[139.9987,35.366],[139.9982,35.3669],[139.9985,35.3685],[139.9996,35.3696],[140.0008,35.3703],[140.002,35.3718],[140.0021,35.3725],[140.0007,35.3755],[140.0008,35.3773],[140.0013,35.3784],[140.0008,35.3787],[140.0014,35.3801],[140.0006,35.3819],[140.0009,35.383],[140.0015,35.3836],[140.0024,35.3829],[140.0035,35.3826],[140.004,35.3838],[140.0037,35.3843],[140.0045,35.386],[140.0037,35.3863],[140.003,35.3871],[140.0018,35.3875],[140.0006,35.3873],[139.9993,35.3876],[139.9989,35.3883],[139.9981,35.3885],[139.9965,35.3896],[139.9953,35.3896],[139.995,35.3901],[139.9948,35.3914],[139.9932,35.3915],[139.9927,35.3931],[139.9931,35.3938],[139.995,35.3946],[139.9968,35.396],[139.9983,35.3967],[139.9996,35.3969],[140.0009,35.3968],[140.0023,35.3963],[140.0056,35.3944],[140.0066,35.3937],[140.0073,35.3954],[140.0079,35.3957],[140.0086,35.3984],[140.0105,35.3983],[140.0114,35.4013],[140.0108,35.4014],[140.0118,35.4043],[140.009,35.4051],[140.0076,35.4049],[140.0065,35.4052],[140.0059,35.4049],[140.0037,35.405],[140.0025,35.4053],[140.0018,35.4051],[139.9998,35.4055],[139.9981,35.4056],[139.9971,35.4049],[139.9948,35.4051],[139.995,35.4067],[139.9948,35.407],[139.9926,35.407],[139.991,35.4077],[139.9907,35.4084],[139.9893,35.4082],[139.9889,35.4085],[139.9851,35.4087],[139.9836,35.4091],[139.9802,35.4093],[139.9797,35.4089],[139.9794,35.4077],[139.9771,35.4084],[139.9753,35.4075],[139.9731,35.4088],[139.9723,35.4094],[139.9713,35.4097],[139.9715,35.4108],[139.972,35.4122],[139.974,35.4139],[139.9753,35.417],[139.9732,35.4181],[139.9729,35.4177],[139.968,35.4201],[139.9674,35.4202],[139.9638,35.4198],[139.9641,35.4181],[139.966,35.4179],[139.9652,35.4172],[139.9645,35.4153],[139.9631,35.4143],[139.9609,35.4136],[139.9586,35.4133],[139.9567,35.4106],[139.9556,35.4106],[139.9553,35.4114],[139.9542,35.4126],[139.9533,35.4129],[139.9532,35.4134],[139.9509,35.4133],[139.95,35.4143],[139.9488,35.4152],[139.9469,35.4159],[139.9455,35.416],[139.9434,35.4169],[139.9426,35.4176],[139.9423,35.4184],[139.9424,35.421],[139.9416,35.4213],[139.9403,35.4206],[139.9384,35.4214],[139.9406,35.4245],[139.9425,35.4263],[139.9439,35.4271],[139.9465,35.4281],[139.9455,35.4298],[139.9457,35.4321],[139.9459,35.4326],[139.9501,35.4377],[139.9495,35.4388],[139.9502,35.4391],[139.9487,35.4417],[139.9486,35.4422]]],[[[139.8728,35.4659],[139.8722,35.4654],[139.8735,35.4641],[139.8745,35.4637],[139.8784,35.4611],[139.8791,35.4618],[139.8736,35.4656],[139.8728,35.4659]]],[[[139.9083,35.3872],[139.9112,35.3847],[139.9123,35.3842],[139.9131,35.3855],[139.9123,35.3855],[139.9112,35.386],[139.91,35.3858],[139.9083,35.3872]]],[[[139.9178,35.3891],[139.9141,35.3884],[139.9144,35.3881],[139.9176,35.3889],[139.9178,35.3891]]],[[[139.891,35.3773],[139.8899,35.3769],[139.8824,35.3769],[139.8824,35.3768],[139.8899,35.3768],[139.891,35.3773]]],[[[139.8928,35.378],[139.8969,35.3798],[139.8968,35.3798],[139.8928,35.378]]],[[[139.9001,35.4165],[139.9,35.4162],[139.9004,35.416],[139.901,35.4158],[139.9002,35.4163],[139.9001,35.4165]]],[[[139.9119,35.4363],[139.9121,35.4364],[139.9122,35.4367],[139.9117,35.4364],[139.9119,35.4363]]],[[[139.8893,35.4539],[139.8894,35.4539],[139.8893,35.4541],[139.8892,35.454],[139.8893,35.4539]]],[[[139.8909,35.4528],[139.891,35.4529],[139.8909,35.453],[139.8908,35.4529],[139.8909,35.4528]]],[[[139.8876,35.4555],[139.8877,35.4556],[139.8876,35.4557],[139.8874,35.4556],[139.8876,35.4555]]],[[[139.884,35.458],[139.884,35.4582],[139.8838,35.4581],[139.884,35.458]]],[[[139.8856,35.4569],[139.8856,35.4571],[139.8854,35.457],[139.8856,35.4569]]],[[[139.8873,35.4552],[139.8874,35.4553],[139.8872,35.4554],[139.8872,35.4553],[139.8873,35.4552]]],[[[139.894,35.3734],[139.894,35.3735],[139.8938,35.3734],[139.8939,35.3733],[139.894,35.3734]]],[[[139.8953,35.3739],[139.8952,35.374],[139.8951,35.3739],[139.8953,35.3739]]],[[[139.8947,35.3737],[139.8946,35.3737],[139.8945,35.3737],[139.8945,35.3736],[139.8947,35.3737]]],[[[139.8965,35.3745],[139.8964,35.3745],[139.8964,35.3744],[139.8965,35.3745]]],[[[139.8959,35.3742],[139.8958,35.3743],[139.8958,35.3742],[139.8958,35.3741],[139.8959,35.3742]]],[[[139.9012,35.4276],[139.9011,35.4276],[139.9011,35.4275],[139.9012,35.4276]]],[[[139.9226,35.4406],[139.9226,35.4407],[139.9225,35.4407],[139.9226,35.4406]]]]}},{"type":"Feature","properties":{"name":"松戸市","自治体":"松戸市","区分":"市管理公園等で原則禁止(公式確認済)","規制概要":"都市公園「21世紀の森と広場」の持込禁止品リストにドローンを明記(園内へ持ち込めない)。市域全体ではなく当該公園の運用。","公式HP":"https://www.city.matsudo.chiba.jp/","確認日":"2026-08-19","_pref":"千葉県","_cat":"prohibited","_color":"#4a148c","_opacity":0.9,"_weight":1.5,"_fillColor":"#6a1b9a","_fillOpacity":0.55,"出典1":"松戸市 21世紀の森と広場 持込禁止品(公園緑地課)","出典1_URL":"https://www.city.matsudo.chiba.jp/shisetsu-guide/kouen_ryokuka/top/riyouannnai/mochikomikinnshi.html","出典1_引用":"ドローン ラジコン(船・車)","出典2":"松戸市 公式（自動分類 2026-08-19 確認）","出典2_URL":"https://www.city.matsudo.chiba.jp/shisetsu-guide/sports/nogikuno.html","出典2_引用":"施設外のちば野菊の里浄水場内に物品を入れる（落ちる）恐れがある行為（ドローン・ラジコン、凧上げ、ボールの投げ入れ等）"},"geometry":{"type":"Polygon","coordinates":[[[139.9759,35.7738],[139.9763,35.7744],[139.9775,35.7744],[139.9792,35.774],[139.9815,35.7735],[139.9837,35.7734],[139.9843,35.7762],[139.9825,35.7768],[139.9789,35.7778],[139.9765,35.7786],[139.9764,35.7789],[139.9729,35.7802],[139.9725,35.7784],[139.9687,35.7782],[139.9686,35.7819],[139.9684,35.7863],[139.9713,35.7863],[139.9712,35.7878],[139.977,35.787],[139.9776,35.7871],[139.9782,35.7878],[139.9805,35.7888],[139.9823,35.7889],[139.9836,35.7884],[139.9846,35.7885],[139.9855,35.7896],[139.9873,35.7905],[139.989,35.7908],[139.9914,35.79],[139.9916,35.789],[139.9942,35.7879],[139.9958,35.7873],[139.9968,35.7877],[139.9983,35.7886],[140.0011,35.7911],[140.0007,35.7915],[140.0014,35.7923],[140.0005,35.7929],[140.0005,35.7941],[140.0013,35.7944],[140.0008,35.7954],[139.9999,35.7956],[139.9993,35.7968],[139.9977,35.7972],[139.9967,35.7971],[139.9955,35.7978],[139.9954,35.7988],[139.9963,35.7991],[139.9977,35.8001],[139.998,35.8006],[139.9968,35.8017],[139.9979,35.8026],[139.9986,35.8037],[139.9979,35.8044],[139.9953,35.8026],[139.9952,35.8019],[139.9932,35.8034],[139.9924,35.8029],[139.9914,35.8016],[139.9899,35.8021],[139.9895,35.8031],[139.9888,35.8035],[139.9896,35.8044],[139.9905,35.8039],[139.9912,35.8055],[139.989,35.8068],[139.9878,35.8059],[139.9869,35.807],[139.9856,35.8065],[139.9855,35.8055],[139.9859,35.8051],[139.983,35.802],[139.982,35.8012],[139.9815,35.8002],[139.9796,35.8006],[139.9795,35.7996],[139.9788,35.7983],[139.9728,35.8007],[139.9673,35.8027],[139.967,35.8043],[139.9674,35.8045],[139.9673,35.8061],[139.9674,35.808],[139.9585,35.8093],[139.9552,35.8143],[139.9544,35.8159],[139.9535,35.8168],[139.9525,35.8172],[139.9521,35.8189],[139.9518,35.8193],[139.9517,35.8212],[139.9519,35.8221],[139.9516,35.823],[139.95,35.8244],[139.9491,35.8261],[139.9499,35.8262],[139.9506,35.8269],[139.9505,35.8278],[139.95,35.8287],[139.9494,35.8289],[139.9472,35.8302],[139.9483,35.8309],[139.9467,35.8318],[139.9455,35.8316],[139.944,35.8328],[139.9423,35.8324],[139.9411,35.8337],[139.9415,35.8349],[139.9393,35.8346],[139.9382,35.8338],[139.9374,35.8347],[139.9366,35.8364],[139.9359,35.8396],[139.9343,35.8411],[139.9306,35.846],[139.9298,35.8483],[139.9292,35.8492],[139.9283,35.8498],[139.9249,35.8494],[139.9226,35.849],[139.9211,35.8482],[139.9186,35.8464],[139.9177,35.8452],[139.9177,35.8445],[139.9182,35.8434],[139.9182,35.8416],[139.9172,35.8398],[139.915,35.8377],[139.9128,35.8367],[139.9066,35.8366],[139.9058,35.8339],[139.906,35.8332],[139.9035,35.8336],[139.9032,35.8326],[139.902,35.8328],[139.9014,35.8307],[139.8994,35.8311],[139.8975,35.8311],[139.8975,35.8301],[139.8987,35.83],[139.8986,35.8293],[139.8999,35.8289],[139.9006,35.8284],[139.9003,35.8275],[139.8964,35.8277],[139.8964,35.828],[139.8947,35.8281],[139.8948,35.8293],[139.8945,35.8301],[139.8885,35.8302],[139.8889,35.8274],[139.888,35.8243],[139.888,35.8232],[139.889,35.8218],[139.8904,35.8207],[139.8915,35.8193],[139.8916,35.8177],[139.8907,35.8134],[139.8904,35.8109],[139.8888,35.8075],[139.889,35.8061],[139.8896,35.8042],[139.8904,35.8025],[139.8908,35.8006],[139.8907,35.7993],[139.8899,35.7978],[139.8885,35.7965],[139.8882,35.7953],[139.8887,35.7935],[139.8908,35.7902],[139.8928,35.7845],[139.8941,35.7822],[139.8945,35.7809],[139.8945,35.7799],[139.8934,35.7783],[139.892,35.7774],[139.8885,35.7758],[139.8828,35.7735],[139.8818,35.7729],[139.8808,35.7717],[139.8798,35.7697],[139.8795,35.7685],[139.8795,35.7675],[139.8801,35.766],[139.8808,35.7648],[139.8822,35.763],[139.8827,35.762],[139.8832,35.7586],[139.884,35.7574],[139.8866,35.7546],[139.8879,35.7532],[139.8904,35.7503],[139.8926,35.752],[139.8941,35.751],[139.8949,35.7509],[139.8961,35.7518],[139.8953,35.7529],[139.8972,35.7524],[139.8981,35.7532],[139.8996,35.7534],[139.9001,35.7544],[139.9012,35.7549],[139.9019,35.7558],[139.9014,35.7567],[139.9016,35.7583],[139.9034,35.7641],[139.904,35.7652],[139.905,35.7664],[139.9062,35.7672],[139.9074,35.767],[139.9092,35.7668],[139.91,35.7657],[139.911,35.7652],[139.9121,35.765],[139.9124,35.7653],[139.9137,35.764],[139.9161,35.7627],[139.9189,35.7629],[139.92,35.7625],[139.9232,35.7616],[139.9224,35.7593],[139.9221,35.7593],[139.9216,35.7575],[139.9267,35.7577],[139.9287,35.7595],[139.9293,35.7594],[139.9299,35.76],[139.9316,35.7598],[139.9316,35.7585],[139.9313,35.7571],[139.9319,35.756],[139.9322,35.7547],[139.9303,35.7543],[139.9288,35.7526],[139.9296,35.7525],[139.9297,35.7515],[139.9313,35.7507],[139.9327,35.7493],[139.9338,35.7489],[139.9348,35.7492],[139.9359,35.749],[139.9365,35.7492],[139.9372,35.7486],[139.9384,35.7486],[139.939,35.748],[139.9397,35.7467],[139.9424,35.7484],[139.9433,35.7493],[139.9446,35.75],[139.9436,35.7513],[139.9436,35.7526],[139.9439,35.754],[139.9435,35.7554],[139.945,35.7564],[139.945,35.7568],[139.944,35.7577],[139.9419,35.7575],[139.9418,35.758],[139.9437,35.7584],[139.9447,35.7594],[139.9462,35.7607],[139.9474,35.7611],[139.951,35.7611],[139.9518,35.7619],[139.9514,35.764],[139.9508,35.7654],[139.95,35.7658],[139.9481,35.7664],[139.9476,35.7671],[139.9482,35.7682],[139.9491,35.7683],[139.9495,35.7698],[139.9514,35.7705],[139.9517,35.7709],[139.9537,35.7714],[139.9541,35.7705],[139.9547,35.7704],[139.9544,35.7719],[139.9551,35.7727],[139.9557,35.7729],[139.9567,35.774],[139.9573,35.7751],[139.9587,35.7756],[139.9619,35.7753],[139.9629,35.7744],[139.9637,35.7742],[139.9648,35.7746],[139.9678,35.7745],[139.9707,35.7756],[139.9722,35.7756],[139.9746,35.775],[139.9751,35.7741],[139.9759,35.7738]]]}},{"type":"Feature","properties":{"name":"野田市","自治体":"野田市","区分":"市管理公園等で原則禁止(公式確認済)","規制概要":"市独自規制ではなく、航空法改正に伴う国の無人航空機飛行ルール(人口集中地区上空の飛行禁止等)を市が案内している。","公式HP":"https://www.city.noda.chiba.jp/","確認日":"2026-08-19","_pref":"千葉県","_cat":"prohibited","_color":"#4a148c","_opacity":0.9,"_weight":1.5,"_fillColor":"#6a1b9a","_fillOpacity":0.55,"出典1":"野田市 無人航空機(ドローン等)の安全な飛行について(国の航空法ルールを案内)","出典1_URL":"https://www.city.noda.chiba.jp/kurashi/oshirase/seikatsukankyo/1008211.html","出典1_引用":"航空法の改正によりドローンやラジコン機等の無人航空機の飛行ルールが新たに導入され","出典2":"野田市 公式（自動分類 2026-08-19 確認）","出典2_URL":"https://www.city.noda.chiba.jp/shisetsu/kouen/1001081.html","出典2_引用":"なお、施設内でのドローン飛行及び撮影は原則禁止です。"},"geometry":{"type":"Polygon","coordinates":[[[139.9519,35.9358],[139.9499,35.9369],[139.9479,35.9377],[139.9442,35.9387],[139.9424,35.9389],[139.9408,35.9395],[139.9386,35.9406],[139.9373,35.9416],[139.9361,35.9429],[139.9336,35.9464],[139.9326,35.9483],[139.9317,35.9508],[139.9337,35.9543],[139.9339,35.9551],[139.9338,35.9559],[139.9346,35.9572],[139.9354,35.9574],[139.938,35.962],[139.938,35.9631],[139.9368,35.9659],[139.9355,35.9673],[139.9325,35.9694],[139.9291,35.97],[139.9243,35.9705],[139.9237,35.9702],[139.9167,35.9703],[139.916,35.9704],[139.9129,35.9714],[139.9101,35.9731],[139.908,35.9741],[139.9024,35.9765],[139.8994,35.9775],[139.896,35.9794],[139.8923,35.9826],[139.8868,35.9865],[139.8842,35.9888],[139.883,35.9901],[139.8823,35.9914],[139.8808,35.9964],[139.8803,36.0001],[139.8795,36.0031],[139.8788,36.0055],[139.8782,36.0076],[139.8777,36.0088],[139.8758,36.0113],[139.8735,36.0129],[139.8718,36.0144],[139.867,36.0196],[139.8662,36.0203],[139.8571,36.0294],[139.8544,36.0308],[139.8474,36.0339],[139.8446,36.0355],[139.8413,36.0377],[139.8372,36.0411],[139.8329,36.0454],[139.8266,36.0513],[139.8234,36.0544],[139.8202,36.0572],[139.817,36.0596],[139.8137,36.0624],[139.8102,36.0666],[139.8089,36.069],[139.8083,36.0704],[139.8056,36.0791],[139.8047,36.0828],[139.8038,36.0869],[139.8018,36.091],[139.8,36.0937],[139.7984,36.0955],[139.7974,36.0964],[139.7936,36.099],[139.7894,36.102],[139.7868,36.1041],[139.7835,36.1016],[139.7821,36.1008],[139.7796,36.0997],[139.778,36.0986],[139.7764,36.0965],[139.7761,36.0946],[139.776,36.0927],[139.7761,36.0913],[139.7767,36.0891],[139.7773,36.0876],[139.779,36.085],[139.7799,36.0828],[139.78,36.0818],[139.7799,36.0801],[139.7802,36.0786],[139.7806,36.0776],[139.7815,36.0765],[139.7822,36.0752],[139.7824,36.0713],[139.7828,36.0702],[139.7833,36.0695],[139.7876,36.0649],[139.7889,36.0631],[139.7899,36.061],[139.7907,36.059],[139.7914,36.0581],[139.7947,36.0559],[139.7963,36.0542],[139.7973,36.0527],[139.7986,36.0515],[139.8002,36.0504],[139.8016,36.0492],[139.8035,36.0461],[139.8046,36.0446],[139.8085,36.0421],[139.8137,36.0385],[139.8154,36.0368],[139.8162,36.0347],[139.8173,36.0325],[139.8176,36.0311],[139.8173,36.0297],[139.814,36.025],[139.8134,36.0231],[139.8137,36.021],[139.8146,36.0174],[139.8153,36.0118],[139.8162,36.0074],[139.8166,36.0054],[139.817,36.0032],[139.8169,36.0024],[139.8163,36.0009],[139.8147,35.9993],[139.8142,35.9982],[139.8143,35.9971],[139.8154,35.9956],[139.8173,35.9943],[139.8193,35.992],[139.822,35.9886],[139.8236,35.9869],[139.826,35.9845],[139.8267,35.9831],[139.8268,35.9814],[139.8263,35.9788],[139.8252,35.9755],[139.8252,35.9743],[139.8258,35.9726],[139.8272,35.9714],[139.8287,35.9708],[139.8311,35.9702],[139.8329,35.9693],[139.8342,35.9677],[139.8351,35.9653],[139.8353,35.9643],[139.835,35.962],[139.835,35.9602],[139.8378,35.9539],[139.839,35.9519],[139.8427,35.9464],[139.8465,35.941],[139.8482,35.9391],[139.8505,35.9376],[139.855,35.9354],[139.8562,35.9347],[139.8583,35.9339],[139.8609,35.9325],[139.8632,35.9306],[139.8654,35.9283],[139.8674,35.9255],[139.8685,35.9236],[139.8699,35.9206],[139.8708,35.9176],[139.8719,35.9159],[139.8748,35.9129],[139.8772,35.9132],[139.8785,35.9131],[139.8823,35.9139],[139.8854,35.9142],[139.8873,35.9148],[139.8897,35.9153],[139.8914,35.9154],[139.8927,35.9152],[139.8942,35.9154],[139.8956,35.9151],[139.9007,35.9148],[139.901,35.915],[139.9012,35.917],[139.902,35.9181],[139.9032,35.9179],[139.905,35.917],[139.9065,35.9171],[139.9067,35.916],[139.908,35.9161],[139.9109,35.9152],[139.9124,35.9151],[139.9118,35.9181],[139.9136,35.9186],[139.9137,35.9196],[139.9172,35.9191],[139.9181,35.9186],[139.919,35.9177],[139.9202,35.9169],[139.9241,35.9165],[139.9261,35.9171],[139.9283,35.918],[139.9298,35.9191],[139.9304,35.9201],[139.9323,35.9218],[139.9342,35.9226],[139.9341,35.9231],[139.9351,35.9253],[139.9367,35.9261],[139.937,35.9257],[139.9399,35.9271],[139.9401,35.9275],[139.9418,35.9285],[139.9421,35.9277],[139.9434,35.9284],[139.9438,35.9292],[139.9445,35.9289],[139.9455,35.9293],[139.9456,35.9303],[139.9469,35.9314],[139.949,35.9312],[139.9519,35.9358]]]}},{"type":"Feature","properties":{"name":"茂原市","自治体":"茂原市","区分":"自治体独自の規制は確認されず(国の規制のみ)","規制概要":"公式ページでドローンに関する記載は確認されず(2026-08-17時点)。自治体独自の規制は確認されていないため、国の規制(航空法・小型無人機等飛行禁止法・空域)が適用される。公園条例の一般規定(危険・迷惑・管理支障行為の禁止)により管理者判断で個別に制限される場合はある。","公式HP":"https://www.city.mobara.chiba.jp/","確認日":"2026-08-17","_pref":"千葉県","_cat":"unknown","_color":"#455a64","_opacity":0.9,"_weight":1.5,"_fillColor":"#78909c","_fillOpacity":0.18,"出典1":"千葉県警察 小型無人機(ドローン)等の飛行に関するルール(航空法・小型無人機等飛行禁止法)","出典1_URL":"https://www.police.pref.chiba.jp/keibika/safeLife_drone_rules.html","出典2":"千葉県 県管理海岸(港湾・漁港区域を除く)・河川におけるドローンの利用や撮影について","出典2_URL":"https://www.pref.chiba.lg.jp/kakan/kaigan/drone.html"},"geometry":{"type":"MultiPolygon","coordinates":[[[[140.2563,35.4943],[140.2552,35.4939],[140.2548,35.4931],[140.2533,35.4928],[140.2512,35.4917],[140.2524,35.4907],[140.2517,35.4903],[140.2521,35.4896],[140.2518,35.4879],[140.2508,35.4869],[140.2475,35.4861],[140.2485,35.4818],[140.2493,35.481],[140.2496,35.4801],[140.2502,35.4793],[140.2499,35.4787],[140.2502,35.4774],[140.2493,35.4769],[140.2491,35.4757],[140.2505,35.4739],[140.251,35.4723],[140.2525,35.4705],[140.2535,35.4697],[140.2534,35.4682],[140.2528,35.4664],[140.2518,35.4665],[140.2512,35.4661],[140.2498,35.466],[140.2496,35.4652],[140.2488,35.4652],[140.2488,35.464],[140.2498,35.463],[140.2488,35.4615],[140.2467,35.46],[140.2456,35.4601],[140.2446,35.4595],[140.2449,35.4587],[140.2469,35.4581],[140.2482,35.4567],[140.2483,35.456],[140.2478,35.4554],[140.248,35.4544],[140.2471,35.4545],[140.2464,35.4529],[140.2458,35.4521],[140.2473,35.451],[140.2475,35.4501],[140.2471,35.4489],[140.2472,35.4477],[140.2479,35.4475],[140.2479,35.4457],[140.2485,35.444],[140.2484,35.4432],[140.2499,35.4413],[140.2496,35.4403],[140.249,35.4401],[140.2489,35.4391],[140.2504,35.4383],[140.2507,35.4377],[140.2519,35.4366],[140.2525,35.4368],[140.2539,35.436],[140.255,35.4344],[140.2577,35.433],[140.258,35.4318],[140.2586,35.4312],[140.2587,35.4303],[140.2594,35.4287],[140.26,35.4282],[140.2604,35.4269],[140.2608,35.4263],[140.2598,35.4256],[140.2598,35.4251],[140.2606,35.4246],[140.2618,35.4232],[140.2631,35.4233],[140.2648,35.423],[140.2648,35.4225],[140.2633,35.4217],[140.2626,35.4211],[140.2619,35.4197],[140.2613,35.4189],[140.2622,35.4182],[140.2621,35.4176],[140.2606,35.4158],[140.2607,35.4146],[140.2613,35.4137],[140.2615,35.4127],[140.2605,35.4113],[140.2586,35.4103],[140.2568,35.4096],[140.255,35.4087],[140.2549,35.4082],[140.2537,35.4073],[140.2507,35.4063],[140.2497,35.4055],[140.2479,35.4053],[140.2475,35.4039],[140.2476,35.403],[140.2488,35.4032],[140.2497,35.4031],[140.2516,35.4035],[140.2519,35.4041],[140.2533,35.4038],[140.2552,35.4048],[140.2559,35.4023],[140.2565,35.4015],[140.2561,35.4009],[140.2543,35.4005],[140.2542,35.3997],[140.255,35.3987],[140.2573,35.3989],[140.2576,35.3983],[140.2591,35.3979],[140.2594,35.3973],[140.2607,35.3967],[140.2616,35.3973],[140.2619,35.398],[140.2629,35.3989],[140.2664,35.399],[140.2672,35.3995],[140.2691,35.3995],[140.2692,35.4003],[140.2704,35.4007],[140.272,35.4018],[140.2728,35.4037],[140.2739,35.4041],[140.2751,35.4036],[140.2764,35.4033],[140.2778,35.4032],[140.2775,35.4011],[140.2783,35.4003],[140.2789,35.4002],[140.2796,35.399],[140.2798,35.3965],[140.2785,35.3955],[140.2769,35.3948],[140.2766,35.3936],[140.2758,35.3926],[140.2766,35.3909],[140.276,35.3897],[140.2769,35.3881],[140.2768,35.3861],[140.2776,35.3863],[140.2782,35.385],[140.2774,35.3844],[140.2769,35.3834],[140.277,35.3829],[140.2798,35.3802],[140.2816,35.381],[140.2834,35.3808],[140.2839,35.3815],[140.2848,35.3816],[140.2857,35.3812],[140.2876,35.381],[140.289,35.3801],[140.2898,35.3805],[140.2924,35.3808],[140.2953,35.38],[140.2966,35.3799],[140.297,35.3794],[140.2981,35.3795],[140.2999,35.3807],[140.301,35.3805],[140.3023,35.3805],[140.3027,35.3813],[140.3036,35.3813],[140.3045,35.3816],[140.3072,35.3819],[140.308,35.3822],[140.3083,35.3827],[140.3099,35.3837],[140.3095,35.3845],[140.3101,35.3861],[140.3115,35.3869],[140.3113,35.3879],[140.3117,35.3888],[140.3117,35.3898],[140.3122,35.3902],[140.3122,35.3914],[140.3137,35.3915],[140.3152,35.3913],[140.3158,35.3909],[140.3171,35.3916],[140.3188,35.3915],[140.3183,35.3905],[140.3192,35.3904],[140.3195,35.3914],[140.3208,35.392],[140.3202,35.3933],[140.3205,35.3951],[140.3198,35.3961],[140.3178,35.3978],[140.3161,35.4014],[140.3145,35.4027],[140.3134,35.4022],[140.3122,35.4024],[140.3123,35.403],[140.3135,35.4052],[140.3142,35.4054],[140.3158,35.4032],[140.3184,35.4047],[140.3191,35.4052],[140.3186,35.4059],[140.3204,35.4063],[140.3199,35.4071],[140.3219,35.4078],[140.323,35.4069],[140.3255,35.4078],[140.3248,35.4102],[140.3251,35.4104],[140.325,35.4119],[140.3253,35.4129],[140.3242,35.4155],[140.324,35.4183],[140.3251,35.4185],[140.3252,35.4192],[140.3273,35.4196],[140.3293,35.4191],[140.3296,35.4198],[140.3345,35.4185],[140.3351,35.4201],[140.3363,35.4205],[140.3368,35.4222],[140.3316,35.4235],[140.3313,35.4252],[140.3337,35.4245],[140.3343,35.4241],[140.3359,35.4253],[140.3368,35.4254],[140.3384,35.4242],[140.3394,35.4241],[140.3391,35.4253],[140.3383,35.4256],[140.3385,35.4262],[140.3362,35.4269],[140.3363,35.4276],[140.3376,35.4275],[140.3393,35.4289],[140.3399,35.4264],[140.3414,35.426],[140.3419,35.4286],[140.3429,35.429],[140.3466,35.4287],[140.3475,35.4295],[140.3476,35.4312],[140.3481,35.4336],[140.3475,35.4336],[140.3475,35.4347],[140.3454,35.4346],[140.3414,35.4358],[140.3405,35.4363],[140.3405,35.4383],[140.3402,35.4402],[140.3404,35.4408],[140.3401,35.4418],[140.3406,35.4422],[140.3418,35.4425],[140.3438,35.4423],[140.3449,35.4427],[140.3452,35.4432],[140.3445,35.4452],[140.3424,35.4451],[140.3417,35.4448],[140.3415,35.4457],[140.3418,35.4473],[140.3411,35.4477],[140.3414,35.4496],[140.3428,35.4498],[140.3423,35.4532],[140.3463,35.4535],[140.3464,35.4557],[140.3501,35.4556],[140.3504,35.4617],[140.3518,35.4616],[140.3549,35.4628],[140.356,35.4625],[140.3601,35.4653],[140.3611,35.4664],[140.3607,35.4698],[140.3608,35.4716],[140.3615,35.4727],[140.3603,35.4744],[140.3634,35.4742],[140.3662,35.4744],[140.3696,35.4743],[140.3704,35.474],[140.3709,35.473],[140.3714,35.4731],[140.3717,35.4717],[140.3724,35.4708],[140.3732,35.4709],[140.373,35.4693],[140.3747,35.4691],[140.3762,35.4691],[140.3776,35.4686],[140.3784,35.4693],[140.3785,35.4707],[140.3795,35.473],[140.3803,35.4742],[140.3808,35.4743],[140.3814,35.4755],[140.3806,35.4758],[140.3809,35.4764],[140.3798,35.4769],[140.3788,35.4767],[140.3794,35.478],[140.3793,35.4794],[140.3781,35.4799],[140.3789,35.4812],[140.3785,35.4827],[140.3778,35.4839],[140.3783,35.4841],[140.3789,35.4875],[140.3767,35.4887],[140.3769,35.4898],[140.3747,35.4917],[140.3743,35.4925],[140.3746,35.4935],[140.3735,35.4942],[140.3724,35.4943],[140.37,35.4936],[140.3692,35.4935],[140.3663,35.4939],[140.365,35.495],[140.3632,35.4956],[140.3627,35.4948],[140.3615,35.4957],[140.3609,35.4954],[140.359,35.4955],[140.3585,35.4951],[140.3571,35.4947],[140.356,35.4935],[140.3553,35.4943],[140.3551,35.495],[140.3533,35.4952],[140.3533,35.4962],[140.3522,35.4966],[140.3515,35.4953],[140.3506,35.4926],[140.3496,35.4905],[140.348,35.4858],[140.3475,35.4849],[140.3466,35.4848],[140.3451,35.4852],[140.3435,35.4852],[140.3413,35.4865],[140.3414,35.4877],[140.3376,35.4895],[140.3365,35.4898],[140.3357,35.4903],[140.3324,35.4911],[140.3312,35.4916],[140.3304,35.4914],[140.3292,35.4921],[140.3281,35.4923],[140.326,35.4921],[140.3231,35.4942],[140.3234,35.4949],[140.3259,35.4943],[140.3273,35.4958],[140.3277,35.4959],[140.3285,35.4976],[140.3295,35.4975],[140.3296,35.4981],[140.3286,35.4999],[140.3281,35.5003],[140.3257,35.5013],[140.3255,35.5009],[140.3241,35.5009],[140.3228,35.5012],[140.3217,35.4999],[140.3208,35.4993],[140.3196,35.4996],[140.3191,35.4991],[140.3176,35.5008],[140.3163,35.5007],[140.3157,35.5012],[140.316,35.5028],[140.3149,35.5022],[140.3133,35.5018],[140.3117,35.5021],[140.3105,35.5016],[140.3096,35.5018],[140.3078,35.5014],[140.3072,35.5003],[140.3055,35.4999],[140.3045,35.499],[140.3039,35.4994],[140.302,35.4989],[140.3022,35.4982],[140.3014,35.4975],[140.3003,35.4972],[140.2984,35.4988],[140.2965,35.498],[140.2965,35.4973],[140.2952,35.4972],[140.293,35.4966],[140.2904,35.4964],[140.288,35.4974],[140.286,35.4969],[140.2853,35.4978],[140.2844,35.4977],[140.2833,35.4982],[140.2825,35.4992],[140.2818,35.4993],[140.2804,35.4986],[140.2784,35.4964],[140.278,35.4961],[140.2778,35.495],[140.2772,35.4947],[140.2756,35.4946],[140.2731,35.4938],[140.2721,35.4936],[140.2702,35.4937],[140.2698,35.494],[140.2699,35.4963],[140.2712,35.4985],[140.2712,35.4995],[140.2701,35.5003],[140.2687,35.5008],[140.267,35.5018],[140.2651,35.5004],[140.2629,35.5021],[140.2611,35.5017],[140.2611,35.5023],[140.2597,35.5017],[140.2595,35.5009],[140.2603,35.4995],[140.2612,35.4989],[140.263,35.4991],[140.2637,35.4982],[140.2635,35.4979],[140.2622,35.4979],[140.2627,35.4972],[140.2624,35.4956],[140.2628,35.4944],[140.2613,35.4945],[140.2601,35.4939],[140.2581,35.4936],[140.2563,35.4943]]],[[[140.2779,35.4963],[140.2764,35.4967],[140.2756,35.496],[140.2768,35.4958],[140.2776,35.4953],[140.2779,35.4963]]],[[[140.2604,35.4972],[140.2614,35.497],[140.2621,35.4979],[140.2616,35.4982],[140.2604,35.4972]]]]}},{"type":"Feature","properties":{"name":"成田市","自治体":"成田市","区分":"市管理公園等で原則禁止(公式確認済)","規制概要":"市の都市公園でのドローン等飛行は都市公園条例の「行為の禁止」に該当し、飛行には市の許可が必要(許可制)。市内は成田空港周辺の国規制(飛行禁止法・航空法)も及ぶ。","公式HP":"https://www.city.narita.chiba.jp/","確認日":"2026-08-19","_pref":"千葉県","_cat":"prohibited","_color":"#4a148c","_opacity":0.9,"_weight":1.5,"_fillColor":"#6a1b9a","_fillOpacity":0.55,"出典1":"成田市 都市公園でのドローン等の飛行(市の許可制)","出典1_URL":"https://www.city.narita.chiba.jp/content/000150795.pdf","出典1_引用":"公園内でのドローンやラジコンヘリ等の飛行は、成田市都市公園条例の「行為の禁止」に該当します。飛行させるには市の許可が必要となります。","出典2":"成田市 公式（自動分類 2026-08-19 確認）","出典2_URL":"https://www.city.narita.chiba.jp/kanko/page151300.html","出典2_引用":"無人航空機（ドローン、ラジコン等）の飛行"},"geometry":{"type":"Polygon","coordinates":[[[140.4405,35.8679],[140.4402,35.8663],[140.4395,35.866],[140.4398,35.8652],[140.4394,35.8642],[140.4384,35.8634],[140.4373,35.8633],[140.4355,35.8639],[140.4345,35.864],[140.4329,35.8638],[140.4327,35.8643],[140.4314,35.8639],[140.4301,35.8631],[140.4298,35.8636],[140.4281,35.8636],[140.4255,35.8624],[140.4246,35.8616],[140.4245,35.8611],[140.4236,35.8607],[140.4227,35.8606],[140.4231,35.8638],[140.4225,35.8643],[140.4224,35.8663],[140.4193,35.8666],[140.4181,35.8663],[140.417,35.8656],[140.4164,35.8647],[140.414,35.8629],[140.4129,35.8617],[140.4109,35.8605],[140.4114,35.8599],[140.4091,35.8586],[140.4093,35.8578],[140.4079,35.8578],[140.4081,35.857],[140.406,35.8563],[140.4057,35.8567],[140.4044,35.8562],[140.4035,35.855],[140.4031,35.8535],[140.401,35.8531],[140.3975,35.8528],[140.3968,35.853],[140.3944,35.8528],[140.3942,35.8546],[140.3923,35.8546],[140.3928,35.8559],[140.395,35.8558],[140.3952,35.8546],[140.3963,35.8544],[140.398,35.8545],[140.3984,35.8553],[140.397,35.8559],[140.3942,35.8576],[140.3948,35.8586],[140.3964,35.86],[140.3972,35.8597],[140.398,35.8607],[140.3975,35.8625],[140.3991,35.8631],[140.3994,35.8647],[140.3999,35.8662],[140.4005,35.8671],[140.4003,35.8684],[140.3997,35.8696],[140.3982,35.8697],[140.3983,35.8702],[140.3997,35.8703],[140.4001,35.8712],[140.3998,35.8719],[140.4009,35.8722],[140.4001,35.8742],[140.3998,35.8755],[140.3993,35.8762],[140.398,35.8771],[140.3971,35.8772],[140.3962,35.8782],[140.3949,35.8804],[140.394,35.8814],[140.3933,35.8817],[140.392,35.8831],[140.3921,35.8843],[140.3926,35.885],[140.3914,35.8862],[140.39,35.886],[140.3882,35.8862],[140.385,35.885],[140.3839,35.8894],[140.3819,35.8907],[140.3798,35.8912],[140.3759,35.8945],[140.3755,35.8952],[140.3751,35.8984],[140.3754,35.8998],[140.3752,35.9004],[140.3759,35.9024],[140.3717,35.9015],[140.3665,35.9001],[140.3637,35.8994],[140.3616,35.8986],[140.3592,35.8972],[140.357,35.8956],[140.3552,35.8941],[140.3531,35.8919],[140.3515,35.8893],[140.3499,35.8851],[140.3484,35.8832],[140.3419,35.8787],[140.3389,35.8761],[140.3366,35.8738],[140.335,35.8724],[140.3308,35.8698],[140.3231,35.8661],[140.3194,35.8646],[140.3171,35.8643],[140.313,35.8643],[140.3083,35.8645],[140.3041,35.8653],[140.3,35.8667],[140.2967,35.8679],[140.294,35.8691],[140.2894,35.8714],[140.2879,35.8701],[140.2867,35.8673],[140.2858,35.8661],[140.2848,35.8638],[140.2845,35.8625],[140.284,35.8622],[140.2807,35.8613],[140.2807,35.8601],[140.2811,35.8595],[140.2823,35.8591],[140.2814,35.8567],[140.2804,35.8529],[140.2802,35.8519],[140.2776,35.852],[140.2776,35.8517],[140.2756,35.8516],[140.275,35.8511],[140.2748,35.8498],[140.2733,35.8498],[140.2742,35.8482],[140.2757,35.8486],[140.2765,35.8474],[140.2758,35.8466],[140.2754,35.8458],[140.2757,35.8453],[140.2766,35.8452],[140.2774,35.846],[140.2782,35.8459],[140.2783,35.8467],[140.2796,35.8466],[140.2795,35.8429],[140.2799,35.8423],[140.2799,35.8413],[140.2809,35.8404],[140.2819,35.8392],[140.2818,35.8374],[140.2814,35.8365],[140.2818,35.8352],[140.2825,35.8338],[140.2826,35.8322],[140.2841,35.8312],[140.2845,35.8298],[140.2853,35.8289],[140.2861,35.8286],[140.285,35.8278],[140.2854,35.8274],[140.2837,35.826],[140.2832,35.8249],[140.2814,35.8237],[140.2795,35.8203],[140.28,35.8201],[140.2788,35.8186],[140.2782,35.8187],[140.2774,35.818],[140.2769,35.8192],[140.2759,35.8201],[140.275,35.8212],[140.2719,35.8217],[140.2701,35.8222],[140.268,35.8232],[140.2672,35.8209],[140.2666,35.8204],[140.2664,35.8195],[140.2649,35.8184],[140.2592,35.815],[140.2589,35.8153],[140.2556,35.8135],[140.2572,35.8114],[140.254,35.805],[140.2516,35.8003],[140.2515,35.7971],[140.2505,35.7933],[140.2492,35.789],[140.2492,35.7878],[140.2499,35.7857],[140.2504,35.7849],[140.2516,35.7837],[140.2546,35.7814],[140.2582,35.7796],[140.2596,35.778],[140.2597,35.7765],[140.2589,35.7683],[140.2578,35.7653],[140.2579,35.7642],[140.2615,35.7602],[140.2621,35.7589],[140.2633,35.7548],[140.2664,35.7553],[140.2706,35.7554],[140.2722,35.7549],[140.2729,35.7551],[140.2738,35.7546],[140.2758,35.7558],[140.2775,35.7575],[140.2794,35.7574],[140.2835,35.7536],[140.2839,35.7514],[140.285,35.7517],[140.2865,35.7517],[140.2872,35.752],[140.2897,35.7521],[140.29,35.7542],[140.2897,35.7555],[140.2891,35.7562],[140.2887,35.7575],[140.2899,35.7576],[140.2905,35.7574],[140.292,35.7575],[140.2934,35.7561],[140.2942,35.7548],[140.2959,35.7545],[140.2966,35.7547],[140.2974,35.7535],[140.298,35.7534],[140.2988,35.7523],[140.2989,35.7508],[140.3,35.7491],[140.3005,35.7476],[140.3032,35.7478],[140.3053,35.749],[140.307,35.7496],[140.3089,35.7507],[140.311,35.7523],[140.314,35.7556],[140.3138,35.7564],[140.3141,35.7574],[140.3128,35.7575],[140.3123,35.7579],[140.3123,35.7597],[140.3136,35.7617],[140.3131,35.7624],[140.3136,35.7633],[140.3145,35.7638],[140.3158,35.7659],[140.3177,35.7675],[140.3173,35.7679],[140.3184,35.7714],[140.3192,35.7725],[140.3195,35.7737],[140.319,35.7743],[140.318,35.7747],[140.32,35.7758],[140.3225,35.7776],[140.3233,35.7777],[140.325,35.7772],[140.3253,35.7761],[140.3264,35.7753],[140.3269,35.7743],[140.3281,35.7732],[140.3286,35.7721],[140.33,35.771],[140.3301,35.7699],[140.3295,35.7688],[140.3308,35.7663],[140.3318,35.7653],[140.3341,35.7644],[140.3374,35.7633],[140.3375,35.7636],[140.3424,35.7618],[140.3479,35.7577],[140.3476,35.7574],[140.3527,35.7537],[140.3553,35.7515],[140.3563,35.7485],[140.3565,35.7456],[140.3582,35.7445],[140.36,35.7451],[140.3601,35.7446],[140.3587,35.7444],[140.3608,35.7433],[140.3624,35.7419],[140.3647,35.7415],[140.3655,35.7402],[140.3651,35.7394],[140.3629,35.7396],[140.3632,35.739],[140.3631,35.7378],[140.3626,35.737],[140.3635,35.7357],[140.3635,35.7349],[140.3627,35.7334],[140.3628,35.732],[140.3679,35.7312],[140.3677,35.7333],[140.368,35.7394],[140.3744,35.7384],[140.3767,35.7379],[140.3773,35.7371],[140.3782,35.7354],[140.3789,35.7345],[140.3795,35.733],[140.3795,35.7323],[140.3785,35.7306],[140.3785,35.7301],[140.3794,35.7287],[140.3806,35.7277],[140.3816,35.7273],[140.382,35.7267],[140.3828,35.7266],[140.3844,35.7255],[140.387,35.7233],[140.3898,35.7259],[140.3915,35.7268],[140.3918,35.7278],[140.3933,35.7277],[140.3932,35.7288],[140.3924,35.7295],[140.39,35.7291],[140.3886,35.729],[140.3891,35.7299],[140.3868,35.7315],[140.3848,35.7349],[140.3845,35.7361],[140.3849,35.7375],[140.3853,35.7381],[140.3855,35.7393],[140.385,35.7407],[140.3878,35.7421],[140.3885,35.7422],[140.3897,35.7413],[140.3909,35.7408],[140.3915,35.7403],[140.3926,35.7408],[140.3936,35.7404],[140.395,35.741],[140.3964,35.7406],[140.3972,35.7418],[140.3981,35.7413],[140.3989,35.7421],[140.3996,35.7421],[140.402,35.7409],[140.4025,35.7409],[140.4032,35.7417],[140.4031,35.7428],[140.4014,35.7431],[140.4009,35.7441],[140.4005,35.7453],[140.4007,35.7464],[140.4005,35.7491],[140.4018,35.7521],[140.402,35.7533],[140.4008,35.7537],[140.3978,35.755],[140.3943,35.7558],[140.3939,35.7567],[140.393,35.7572],[140.3905,35.7576],[140.3905,35.7581],[140.3938,35.7573],[140.3947,35.7562],[140.3959,35.7567],[140.3964,35.7584],[140.3969,35.7594],[140.3967,35.7613],[140.3969,35.7617],[140.3998,35.7634],[140.3995,35.7641],[140.3974,35.7647],[140.3953,35.7662],[140.3936,35.7675],[140.3935,35.7679],[140.395,35.769],[140.395,35.7702],[140.3955,35.7706],[140.3959,35.7719],[140.3964,35.7724],[140.3975,35.7729],[140.4029,35.7749],[140.4025,35.7778],[140.4019,35.7788],[140.4022,35.7806],[140.4022,35.7833],[140.4025,35.7839],[140.4035,35.7839],[140.4049,35.7854],[140.4075,35.7865],[140.4096,35.7862],[140.4106,35.7857],[140.4121,35.7859],[140.4132,35.7857],[140.414,35.7853],[140.4178,35.7813],[140.4177,35.7781],[140.4171,35.7769],[140.417,35.7758],[140.4183,35.7752],[140.4201,35.7752],[140.4206,35.7757],[140.4227,35.7756],[140.4238,35.7753],[140.4303,35.7784],[140.435,35.7805],[140.4362,35.7808],[140.4361,35.7819],[140.4356,35.7824],[140.4331,35.786],[140.4355,35.7879],[140.4365,35.7882],[140.438,35.7873],[140.4392,35.7876],[140.4394,35.7866],[140.4404,35.7867],[140.4419,35.7878],[140.4425,35.7876],[140.4431,35.7886],[140.4432,35.7929],[140.4439,35.7955],[140.445,35.7991],[140.4451,35.7997],[140.4446,35.8014],[140.4449,35.802],[140.4445,35.8034],[140.4456,35.8037],[140.4519,35.8071],[140.4505,35.8094],[140.4523,35.8113],[140.4577,35.8136],[140.4609,35.8148],[140.4624,35.8162],[140.4652,35.8177],[140.4665,35.8194],[140.468,35.8206],[140.466,35.8224],[140.4654,35.8223],[140.4558,35.8183],[140.455,35.8181],[140.4555,35.8214],[140.456,35.8262],[140.4604,35.829],[140.4615,35.8299],[140.4622,35.8301],[140.4685,35.8339],[140.4695,35.8347],[140.4688,35.8377],[140.4642,35.838],[140.4639,35.8402],[140.463,35.8416],[140.4639,35.8453],[140.4654,35.8456],[140.4669,35.8451],[140.4678,35.8453],[140.47,35.8442],[140.4709,35.8442],[140.4712,35.8436],[140.4721,35.8436],[140.4722,35.8442],[140.4725,35.8509],[140.472,35.851],[140.4708,35.8502],[140.4652,35.8506],[140.4653,35.8513],[140.4659,35.8522],[140.4645,35.853],[140.4631,35.855],[140.463,35.8563],[140.4625,35.8578],[140.4609,35.8591],[140.4604,35.8605],[140.4606,35.8621],[140.4604,35.8628],[140.4589,35.8643],[140.4575,35.8646],[140.4566,35.8655],[140.456,35.8652],[140.455,35.8667],[140.4533,35.8681],[140.4524,35.8704],[140.45,35.8695],[140.4485,35.8684],[140.4473,35.8669],[140.4473,35.8663],[140.4466,35.8651],[140.4467,35.8643],[140.4454,35.8645],[140.4448,35.865],[140.4445,35.8662],[140.4433,35.8674],[140.4422,35.8682],[140.4417,35.8678],[140.4405,35.8679]]]}},{"type":"Feature","properties":{"name":"佐倉市","自治体":"佐倉市","区分":"市管理公園等で原則禁止(公式確認済)","規制概要":"都市公園条例第5条8号に該当するとして、市の都市公園でのドローン飛行を原則禁止。佐倉城址公園も対象。","公式HP":"https://www.city.sakura.lg.jp/","確認日":"2026-08-17","_pref":"千葉県","_cat":"prohibited","_color":"#4a148c","_opacity":0.9,"_weight":1.5,"_fillColor":"#6a1b9a","_fillOpacity":0.55,"出典1":"佐倉市 公園内におけるドローンの取扱いについて(公園緑地課)","出典1_URL":"https://www.city.sakura.lg.jp/soshiki/koenryokuchika/chuijoho/1923.html","出典1_引用":"佐倉市都市公園条例第5条8号「公園の公衆の利用を妨げる行為」に該当することから、原則禁止とします。"},"geometry":{"type":"MultiPolygon","coordinates":[[[[140.1526,35.6893],[140.1508,35.6911],[140.149,35.6921],[140.1469,35.6928],[140.1469,35.6932],[140.1481,35.6951],[140.1495,35.696],[140.1482,35.6964],[140.1489,35.6997],[140.1482,35.7],[140.1488,35.7008],[140.1509,35.6998],[140.155,35.698],[140.1549,35.6978],[140.158,35.6965],[140.1592,35.6956],[140.161,35.696],[140.163,35.6958],[140.1626,35.6935],[140.1629,35.6932],[140.1637,35.6954],[140.165,35.6967],[140.1654,35.6974],[140.1655,35.6988],[140.1671,35.6979],[140.1688,35.6966],[140.1692,35.6964],[140.1689,35.6952],[140.1692,35.6944],[140.1703,35.6957],[140.1728,35.6972],[140.1745,35.6995],[140.1765,35.6971],[140.1768,35.6951],[140.1775,35.6948],[140.179,35.695],[140.1814,35.6957],[140.1821,35.6961],[140.1831,35.6974],[140.1834,35.6984],[140.1832,35.699],[140.1843,35.6996],[140.1861,35.7],[140.1876,35.7007],[140.1883,35.7007],[140.1889,35.7016],[140.1897,35.702],[140.1901,35.703],[140.1914,35.7039],[140.1926,35.7043],[140.193,35.7036],[140.1929,35.7026],[140.1937,35.7018],[140.1946,35.7025],[140.1953,35.7024],[140.1962,35.7032],[140.1972,35.7045],[140.1991,35.705],[140.1994,35.7044],[140.2025,35.7048],[140.2035,35.7051],[140.2049,35.7064],[140.2052,35.7073],[140.2066,35.7055],[140.207,35.7046],[140.207,35.7037],[140.2077,35.7031],[140.2081,35.7019],[140.2067,35.701],[140.2078,35.7003],[140.2084,35.6977],[140.2046,35.6895],[140.2052,35.6893],[140.2046,35.6883],[140.2039,35.6886],[140.2025,35.6871],[140.2021,35.6862],[140.2025,35.6844],[140.2036,35.6806],[140.2046,35.6791],[140.206,35.6776],[140.2088,35.6764],[140.2101,35.6767],[140.2096,35.6757],[140.2091,35.6757],[140.208,35.6717],[140.2091,35.6718],[140.2098,35.6713],[140.2103,35.6705],[140.2108,35.6685],[140.2117,35.667],[140.2129,35.6655],[140.2142,35.6644],[140.2149,35.6628],[140.2145,35.6619],[140.2131,35.6608],[140.2127,35.6601],[140.2124,35.6575],[140.2133,35.6546],[140.2156,35.6546],[140.2182,35.6532],[140.2196,35.652],[140.2212,35.6482],[140.2222,35.6478],[140.2236,35.6477],[140.2223,35.6468],[140.2218,35.6458],[140.2217,35.644],[140.2224,35.6431],[140.223,35.6416],[140.2231,35.6393],[140.2219,35.6373],[140.2226,35.6372],[140.2238,35.6364],[140.2249,35.637],[140.2259,35.6371],[140.2268,35.6364],[140.2271,35.6351],[140.2281,35.6342],[140.2287,35.6331],[140.2295,35.633],[140.2313,35.6332],[140.233,35.6327],[140.235,35.6325],[140.2371,35.6311],[140.2381,35.6312],[140.2388,35.6307],[140.2405,35.6308],[140.2413,35.6313],[140.2418,35.6326],[140.2425,35.6328],[140.243,35.6322],[140.2428,35.6304],[140.2444,35.6303],[140.2462,35.6298],[140.2481,35.6288],[140.2489,35.6286],[140.2486,35.6273],[140.2497,35.6272],[140.251,35.6256],[140.2526,35.6249],[140.2532,35.6258],[140.2541,35.6255],[140.255,35.6246],[140.2561,35.6247],[140.2578,35.6255],[140.2566,35.6289],[140.2565,35.63],[140.257,35.6334],[140.2571,35.6343],[140.2565,35.6352],[140.2564,35.6364],[140.2549,35.6356],[140.2542,35.637],[140.2573,35.6381],[140.2567,35.6391],[140.2555,35.6392],[140.2554,35.6401],[140.2558,35.6409],[140.2556,35.6416],[140.2585,35.6446],[140.2563,35.6454],[140.255,35.6466],[140.2534,35.647],[140.2518,35.6472],[140.2509,35.647],[140.2488,35.6458],[140.2486,35.6466],[140.2495,35.6481],[140.2492,35.6495],[140.2498,35.6519],[140.2517,35.6523],[140.2534,35.6537],[140.2541,35.6538],[140.255,35.6551],[140.2566,35.6557],[140.257,35.6566],[140.2582,35.6574],[140.2588,35.6586],[140.2583,35.6609],[140.2586,35.6613],[140.2606,35.6609],[140.2617,35.66],[140.2632,35.6598],[140.2642,35.6588],[140.2674,35.6576],[140.2693,35.6565],[140.2707,35.656],[140.2712,35.6561],[140.2722,35.6552],[140.2727,35.6556],[140.2735,35.6554],[140.2751,35.654],[140.2764,35.6531],[140.2781,35.6506],[140.2783,35.6516],[140.2764,35.654],[140.2749,35.6546],[140.2743,35.6558],[140.2736,35.6562],[140.2721,35.6563],[140.2713,35.6567],[140.2693,35.6572],[140.2674,35.6582],[140.2658,35.6587],[140.265,35.6592],[140.2645,35.66],[140.263,35.6605],[140.2624,35.661],[140.2626,35.6619],[140.2589,35.6625],[140.2579,35.6633],[140.2568,35.6637],[140.2574,35.6655],[140.2585,35.6661],[140.2595,35.6673],[140.2604,35.6672],[140.2622,35.6667],[140.2626,35.6672],[140.2648,35.667],[140.2667,35.6663],[140.2684,35.6692],[140.2697,35.6711],[140.2698,35.6724],[140.2691,35.6743],[140.2702,35.6745],[140.2702,35.6754],[140.2677,35.677],[140.2696,35.6779],[140.2713,35.6793],[140.272,35.6804],[140.2724,35.6821],[140.2729,35.6822],[140.2748,35.6804],[140.2755,35.6791],[140.2763,35.6786],[140.277,35.6777],[140.2777,35.6772],[140.2785,35.6758],[140.2787,35.6744],[140.278,35.6725],[140.2784,35.6723],[140.2792,35.6744],[140.2788,35.6765],[140.2759,35.6798],[140.2787,35.6818],[140.28,35.6791],[140.282,35.679],[140.2828,35.6786],[140.2836,35.6775],[140.2846,35.6751],[140.2844,35.6735],[140.2849,35.6733],[140.285,35.6748],[140.2847,35.6762],[140.2842,35.6764],[140.2839,35.6775],[140.2828,35.6795],[140.2827,35.6814],[140.283,35.6829],[140.2828,35.6846],[140.2833,35.6849],[140.2824,35.6863],[140.281,35.6877],[140.2798,35.6884],[140.2807,35.689],[140.2815,35.6886],[140.2823,35.6889],[140.2833,35.6899],[140.2847,35.6903],[140.2872,35.6907],[140.287,35.6915],[140.2879,35.6947],[140.2887,35.6948],[140.2891,35.6972],[140.2869,35.6982],[140.2883,35.6998],[140.2887,35.6997],[140.2905,35.6998],[140.2913,35.7003],[140.2921,35.7002],[140.2934,35.6993],[140.2935,35.7001],[140.291,35.7015],[140.2902,35.7026],[140.2889,35.7038],[140.2896,35.7047],[140.2915,35.7061],[140.2899,35.7052],[140.2894,35.7053],[140.2885,35.7047],[140.2881,35.7038],[140.2874,35.7034],[140.2868,35.7036],[140.2844,35.7025],[140.2829,35.703],[140.2827,35.7038],[140.2829,35.7049],[140.2813,35.7051],[140.2812,35.7059],[140.2798,35.7063],[140.2783,35.7077],[140.2779,35.7077],[140.2771,35.7064],[140.2754,35.7048],[140.2756,35.7035],[140.2739,35.7028],[140.2732,35.7021],[140.2726,35.7023],[140.27,35.7014],[140.2673,35.6998],[140.2653,35.7002],[140.264,35.701],[140.2636,35.7018],[140.2638,35.7031],[140.2641,35.7042],[140.2641,35.706],[140.2634,35.707],[140.2631,35.7078],[140.2614,35.7098],[140.2607,35.7102],[140.2603,35.7127],[140.2596,35.7139],[140.2597,35.7145],[140.2581,35.7148],[140.2573,35.7154],[140.2554,35.7152],[140.2553,35.7148],[140.2531,35.714],[140.2521,35.7151],[140.2515,35.716],[140.2517,35.7172],[140.2525,35.7189],[140.2521,35.7198],[140.2497,35.722],[140.2493,35.7218],[140.2471,35.723],[140.2474,35.7234],[140.2494,35.7223],[140.2511,35.7232],[140.2537,35.7239],[140.2541,35.7234],[140.2551,35.723],[140.2567,35.7228],[140.2567,35.7246],[140.2571,35.7255],[140.2559,35.7255],[140.255,35.7258],[140.254,35.7269],[140.2548,35.7281],[140.2543,35.7295],[140.2554,35.7292],[140.2567,35.7293],[140.2578,35.7289],[140.2579,35.7283],[140.2591,35.7287],[140.2588,35.7293],[140.26,35.7304],[140.2621,35.7312],[140.2613,35.7337],[140.2604,35.7334],[140.2597,35.7352],[140.2604,35.7357],[140.2589,35.7397],[140.2565,35.7396],[140.2544,35.74],[140.2467,35.7443],[140.2315,35.753],[140.2297,35.7539],[140.2238,35.7574],[140.2205,35.7594],[140.2171,35.7616],[140.2128,35.7646],[140.211,35.7656],[140.2091,35.7662],[140.207,35.7658],[140.2053,35.7649],[140.2029,35.7626],[140.1978,35.7566],[140.1949,35.7532],[140.1935,35.7511],[140.1924,35.7482],[140.1919,35.7476],[140.1903,35.7461],[140.1886,35.7457],[140.1846,35.7473],[140.1822,35.748],[140.1793,35.7485],[140.1763,35.7484],[140.1732,35.7485],[140.17,35.749],[140.1675,35.75],[140.164,35.7523],[140.1537,35.7584],[140.1519,35.7598],[140.1488,35.7572],[140.1484,35.7571],[140.1456,35.7548],[140.1432,35.755],[140.1411,35.7542],[140.1399,35.7542],[140.1391,35.7536],[140.1384,35.7541],[140.1373,35.7526],[140.1363,35.7516],[140.1377,35.7502],[140.1382,35.7511],[140.1396,35.7501],[140.1428,35.7519],[140.1455,35.7503],[140.146,35.7506],[140.1482,35.7501],[140.1482,35.7494],[140.1473,35.7487],[140.1463,35.749],[140.1456,35.7483],[140.144,35.7478],[140.1424,35.747],[140.1415,35.7456],[140.1403,35.7448],[140.14,35.7436],[140.1395,35.743],[140.1398,35.7413],[140.139,35.7398],[140.1391,35.7384],[140.1387,35.7379],[140.1385,35.7366],[140.1387,35.7358],[140.1401,35.7326],[140.1399,35.7307],[140.1403,35.7294],[140.1413,35.7282],[140.142,35.7263],[140.1422,35.7253],[140.1402,35.7223],[140.1396,35.7217],[140.1376,35.721],[140.1365,35.7201],[140.1351,35.7197],[140.134,35.7189],[140.1324,35.7195],[140.1316,35.7193],[140.1315,35.7186],[140.1296,35.7182],[140.1276,35.7175],[140.1263,35.7165],[140.1274,35.7154],[140.1326,35.7159],[140.1332,35.7147],[140.1326,35.7145],[140.1318,35.7123],[140.1313,35.7114],[140.1343,35.7083],[140.1358,35.7071],[140.136,35.7059],[140.1375,35.7036],[140.138,35.7032],[140.1396,35.7029],[140.1381,35.6996],[140.1372,35.6998],[140.1374,35.6988],[140.1387,35.6991],[140.1368,35.6975],[140.1403,35.6947],[140.1407,35.6935],[140.1414,35.6928],[140.1435,35.6919],[140.1475,35.6921],[140.1494,35.6916],[140.1521,35.6894],[140.1526,35.6893]]],[[[140.277,35.707],[140.2777,35.7084],[140.2767,35.709],[140.2743,35.7064],[140.2756,35.7053],[140.2764,35.7059],[140.277,35.707]]]]}},{"type":"Feature","properties":{"name":"東金市","自治体":"東金市","区分":"自治体独自の規制は確認されず(国の規制のみ)","規制概要":"公式ページでドローンに関する記載は確認されず(2026-08-17時点)。自治体独自の規制は確認されていないため、国の規制(航空法・小型無人機等飛行禁止法・空域)が適用される。公園条例の一般規定(危険・迷惑・管理支障行為の禁止)により管理者判断で個別に制限される場合はある。","公式HP":"https://www.city.togane.chiba.jp/","確認日":"2026-08-17","_pref":"千葉県","_cat":"unknown","_color":"#455a64","_opacity":0.9,"_weight":1.5,"_fillColor":"#78909c","_fillOpacity":0.18,"出典1":"千葉県警察 小型無人機(ドローン)等の飛行に関するルール(航空法・小型無人機等飛行禁止法)","出典1_URL":"https://www.police.pref.chiba.jp/keibika/safeLife_drone_rules.html","出典2":"千葉県 県管理海岸(港湾・漁港区域を除く)・河川におけるドローンの利用や撮影について","出典2_URL":"https://www.pref.chiba.lg.jp/kakan/kaigan/drone.html"},"geometry":{"type":"MultiPolygon","coordinates":[[[[140.2887,35.57],[140.2882,35.5689],[140.2882,35.568],[140.2887,35.5664],[140.2898,35.5659],[140.2923,35.5643],[140.2934,35.5626],[140.2932,35.5616],[140.2942,35.5606],[140.2945,35.5604],[140.2943,35.5592],[140.2974,35.5591],[140.2974,35.5581],[140.2992,35.5565],[140.3008,35.5553],[140.3016,35.556],[140.3025,35.5553],[140.303,35.5542],[140.3036,35.5539],[140.3049,35.5545],[140.3084,35.5545],[140.3085,35.555],[140.3095,35.556],[140.3109,35.5567],[140.3125,35.5572],[140.3132,35.557],[140.314,35.5574],[140.3135,35.5585],[140.3147,35.559],[140.3167,35.5564],[140.3177,35.5563],[140.3186,35.5569],[140.3194,35.5569],[140.3215,35.5578],[140.3238,35.5579],[140.3246,35.5573],[140.325,35.5565],[140.3262,35.5569],[140.3268,35.5562],[140.3271,35.5543],[140.3257,35.5524],[140.3238,35.5519],[140.3243,35.5498],[140.3251,35.5491],[140.3252,35.5483],[140.3263,35.5485],[140.3275,35.5492],[140.3287,35.5475],[140.3299,35.5477],[140.3305,35.5471],[140.3297,35.5451],[140.3311,35.5439],[140.3317,35.545],[140.3331,35.5434],[140.3358,35.5397],[140.3363,35.5383],[140.3363,35.5372],[140.3348,35.5352],[140.336,35.5343],[140.3379,35.5363],[140.3399,35.5353],[140.3396,35.535],[140.3433,35.533],[140.3459,35.536],[140.3451,35.5365],[140.3447,35.5372],[140.3474,35.5403],[140.354,35.5365],[140.3544,35.5358],[140.3543,35.5351],[140.3529,35.5334],[140.3534,35.533],[140.3528,35.5322],[140.3539,35.5321],[140.3552,35.5313],[140.3558,35.5304],[140.3578,35.5313],[140.3584,35.532],[140.361,35.5305],[140.361,35.53],[140.3599,35.528],[140.358,35.5241],[140.3568,35.5205],[140.3602,35.5188],[140.3591,35.5173],[140.3611,35.5162],[140.3606,35.5152],[140.3614,35.515],[140.3617,35.5158],[140.3629,35.5152],[140.3654,35.5146],[140.3665,35.5152],[140.3675,35.515],[140.3677,35.5144],[140.3697,35.5142],[140.3709,35.5147],[140.3711,35.514],[140.3721,35.5139],[140.3731,35.5145],[140.3737,35.5139],[140.3768,35.5133],[140.3813,35.5122],[140.3821,35.5116],[140.3829,35.5105],[140.3829,35.509],[140.3817,35.5073],[140.3807,35.5064],[140.3798,35.5048],[140.3797,35.5022],[140.3795,35.5015],[140.3806,35.5011],[140.3814,35.5017],[140.3831,35.5013],[140.383,35.5005],[140.385,35.5001],[140.3872,35.5033],[140.3876,35.5043],[140.3897,35.5083],[140.3907,35.5098],[140.3921,35.5089],[140.3943,35.5081],[140.3947,35.5074],[140.3964,35.5068],[140.4004,35.5057],[140.4009,35.5059],[140.4041,35.5092],[140.4052,35.5104],[140.4055,35.5111],[140.4046,35.5116],[140.4061,35.5126],[140.4067,35.5141],[140.4102,35.5183],[140.4104,35.5186],[140.4078,35.5203],[140.4063,35.5211],[140.403,35.5222],[140.4017,35.5231],[140.401,35.522],[140.3975,35.5236],[140.3956,35.5249],[140.3923,35.5264],[140.3914,35.5267],[140.3904,35.5258],[140.3882,35.5267],[140.3887,35.5281],[140.3884,35.5289],[140.3904,35.5281],[140.3919,35.5293],[140.3919,35.5301],[140.3933,35.5289],[140.3931,35.5302],[140.3943,35.5314],[140.3947,35.5309],[140.3946,35.529],[140.3951,35.5284],[140.3967,35.5307],[140.3956,35.5325],[140.3957,35.5337],[140.3967,35.5358],[140.3984,35.5344],[140.3975,35.5338],[140.3963,35.5325],[140.3997,35.5295],[140.4004,35.5286],[140.4017,35.5293],[140.403,35.5296],[140.4041,35.5291],[140.4047,35.5298],[140.407,35.5287],[140.4077,35.529],[140.4084,35.5302],[140.4094,35.53],[140.4151,35.5271],[140.4153,35.5278],[140.4191,35.5328],[140.4197,35.5348],[140.4205,35.5361],[140.4198,35.5365],[140.4213,35.5389],[140.4192,35.5395],[140.4195,35.5416],[140.4207,35.5419],[140.4213,35.5428],[140.42,35.5434],[140.4215,35.5456],[140.4221,35.5471],[140.4219,35.5481],[140.4211,35.549],[140.42,35.5492],[140.4189,35.55],[140.4185,35.5507],[140.4191,35.5516],[140.4199,35.5513],[140.4212,35.5524],[140.423,35.5517],[140.4226,35.5512],[140.4252,35.5518],[140.4273,35.5514],[140.4277,35.5522],[140.4272,35.5526],[140.4287,35.5551],[140.4277,35.555],[140.4265,35.5553],[140.4273,35.5565],[140.4285,35.5577],[140.4303,35.5571],[140.4308,35.5575],[140.4341,35.5567],[140.4339,35.5586],[140.4332,35.5592],[140.4327,35.5604],[140.4329,35.561],[140.4338,35.5624],[140.4347,35.5647],[140.4358,35.5664],[140.435,35.5677],[140.4324,35.5714],[140.4322,35.5729],[140.4316,35.5742],[140.4316,35.5762],[140.4313,35.5778],[140.4307,35.579],[140.4297,35.5795],[140.4285,35.5822],[140.4284,35.5832],[140.4279,35.5847],[140.4275,35.5866],[140.427,35.5878],[140.4271,35.5911],[140.4269,35.592],[140.4253,35.5959],[140.4249,35.5958],[140.4235,35.5967],[140.4227,35.5959],[140.4193,35.5949],[140.4198,35.5936],[140.4194,35.5933],[140.4197,35.5925],[140.4185,35.5906],[140.4175,35.5907],[140.4163,35.5898],[140.4145,35.5873],[140.4133,35.5882],[140.41,35.5882],[140.4096,35.589],[140.4109,35.5903],[140.4099,35.5908],[140.4089,35.5916],[140.4071,35.5901],[140.4041,35.5871],[140.4034,35.5872],[140.4,35.5892],[140.3989,35.5882],[140.3971,35.587],[140.3959,35.5851],[140.3945,35.5859],[140.3938,35.5854],[140.3918,35.5866],[140.3866,35.5906],[140.3854,35.5918],[140.3848,35.5928],[140.3845,35.5943],[140.3851,35.5958],[140.3847,35.5963],[140.3847,35.5976],[140.3854,35.6],[140.3868,35.6004],[140.387,35.6009],[140.3858,35.6019],[140.3852,35.6014],[140.3841,35.6022],[140.3841,35.6025],[140.3829,35.6044],[140.3815,35.6044],[140.3801,35.6038],[140.3789,35.6038],[140.3772,35.6033],[140.375,35.603],[140.374,35.6034],[140.3734,35.6045],[140.3725,35.6052],[140.3714,35.6055],[140.3706,35.6068],[140.3696,35.6045],[140.3673,35.6032],[140.366,35.6023],[140.3644,35.6022],[140.363,35.6019],[140.3609,35.6017],[140.3587,35.6041],[140.3555,35.6072],[140.3545,35.6069],[140.3538,35.6098],[140.3519,35.6105],[140.3501,35.6105],[140.3502,35.6099],[140.3514,35.6088],[140.3504,35.6084],[140.35,35.607],[140.3488,35.6068],[140.3482,35.6059],[140.3472,35.6055],[140.3465,35.6062],[140.3455,35.6065],[140.3454,35.607],[140.3443,35.6081],[140.3434,35.6083],[140.3428,35.6077],[140.3425,35.6067],[140.3419,35.6061],[140.3419,35.6055],[140.3409,35.6052],[140.3395,35.6054],[140.3386,35.6063],[140.3375,35.606],[140.3355,35.6061],[140.3336,35.6058],[140.3309,35.6065],[140.33,35.607],[140.3302,35.6076],[140.3294,35.6094],[140.3296,35.6099],[140.3308,35.6106],[140.3311,35.6093],[140.3315,35.6093],[140.3326,35.6111],[140.3333,35.611],[140.334,35.6118],[140.3337,35.6127],[140.3349,35.6139],[140.3368,35.6139],[140.3368,35.6145],[140.3376,35.6149],[140.3375,35.6156],[140.3386,35.6162],[140.339,35.6151],[140.3406,35.6158],[140.3412,35.6173],[140.3404,35.6177],[140.3386,35.6173],[140.3375,35.6177],[140.3358,35.6194],[140.3354,35.6201],[140.3328,35.6217],[140.3334,35.6226],[140.3348,35.6224],[140.3344,35.6235],[140.3336,35.6235],[140.3329,35.624],[140.335,35.6243],[140.3352,35.6247],[140.3341,35.6263],[140.334,35.6271],[140.3334,35.6272],[140.332,35.629],[140.3321,35.6296],[140.3311,35.6301],[140.3292,35.6315],[140.3273,35.6283],[140.3256,35.6262],[140.3231,35.6284],[140.3223,35.628],[140.3205,35.6288],[140.3191,35.6302],[140.3165,35.6309],[140.3161,35.6303],[140.3151,35.6299],[140.313,35.6286],[140.3107,35.6274],[140.3078,35.6247],[140.3083,35.6241],[140.3078,35.623],[140.3102,35.6218],[140.3127,35.6216],[140.3132,35.6192],[140.314,35.6186],[140.3156,35.6178],[140.3158,35.6173],[140.3148,35.6168],[140.3135,35.6167],[140.3128,35.6158],[140.3116,35.6152],[140.3094,35.6145],[140.309,35.6142],[140.3088,35.6129],[140.3107,35.6115],[140.3121,35.6118],[140.3127,35.6107],[140.3124,35.6098],[140.3137,35.6085],[140.3152,35.6081],[140.3153,35.6074],[140.3137,35.607],[140.3149,35.6041],[140.3155,35.6047],[140.3182,35.6059],[140.3241,35.609],[140.3249,35.6093],[140.3266,35.6087],[140.3259,35.6083],[140.3254,35.6072],[140.327,35.6064],[140.3296,35.6069],[140.3302,35.6062],[140.3291,35.6055],[140.3259,35.6051],[140.3236,35.6044],[140.3222,35.6034],[140.3212,35.603],[140.3211,35.6014],[140.3191,35.602],[140.3182,35.6018],[140.3164,35.6008],[140.3144,35.6006],[140.3124,35.6011],[140.3111,35.5998],[140.3101,35.5982],[140.3087,35.5969],[140.3089,35.5965],[140.3106,35.598],[140.3115,35.5978],[140.3114,35.5992],[140.3125,35.6004],[140.3145,35.6001],[140.3163,35.6004],[140.319,35.6013],[140.3216,35.6008],[140.3229,35.601],[140.3226,35.5999],[140.3228,35.5984],[140.3221,35.5959],[140.3233,35.595],[140.3238,35.594],[140.3243,35.5926],[140.3256,35.5919],[140.3265,35.592],[140.3286,35.5913],[140.3291,35.5915],[140.3296,35.5907],[140.3298,35.5894],[140.3316,35.5883],[140.3321,35.5892],[140.3341,35.5895],[140.3345,35.5899],[140.3362,35.5905],[140.3366,35.5891],[140.3374,35.5881],[140.3381,35.5868],[140.3387,35.5863],[140.3371,35.5854],[140.3346,35.5853],[140.3322,35.5859],[140.3308,35.5857],[140.3269,35.5858],[140.3234,35.586],[140.3222,35.5862],[140.3191,35.5861],[140.316,35.5854],[140.3161,35.5849],[140.3123,35.5835],[140.3121,35.5831],[140.3081,35.5806],[140.3054,35.579],[140.2996,35.5761],[140.298,35.5751],[140.2954,35.574],[140.2925,35.5727],[140.2907,35.5725],[140.2871,35.5729],[140.2885,35.5706],[140.2887,35.57]],[[140.3219,35.6167],[140.322,35.6174],[140.3236,35.6177],[140.3234,35.6182],[140.324,35.6189],[140.3246,35.6175],[140.3219,35.6167]],[[140.3264,35.6151],[140.3271,35.614],[140.3278,35.6145],[140.3286,35.6141],[140.328,35.6128],[140.3272,35.613],[140.3252,35.6114],[140.324,35.6117],[140.3233,35.6124],[140.3223,35.6127],[140.3245,35.6145],[140.3258,35.6134],[140.3267,35.6138],[140.3256,35.6146],[140.3264,35.6151]],[[140.3285,35.6116],[140.3295,35.6114],[140.3303,35.6108],[140.3291,35.6102],[140.3281,35.6087],[140.3295,35.6071],[140.3287,35.607],[140.3272,35.6087],[140.3275,35.6091],[140.3261,35.6103],[140.3272,35.6103],[140.3278,35.6113],[140.3285,35.6116]],[[140.3834,35.5344],[140.3845,35.5347],[140.3842,35.5353],[140.3854,35.5358],[140.3875,35.5339],[140.388,35.5342],[140.3902,35.5323],[140.3902,35.5316],[140.3878,35.5297],[140.3873,35.5308],[140.3864,35.5312],[140.3852,35.5322],[140.3846,35.5337],[140.384,35.5335],[140.3834,35.5344]],[[140.3919,35.5306],[140.3922,35.5309],[140.3932,35.5305],[140.3926,35.53],[140.3919,35.5306]]],[[[140.3298,35.5474],[140.329,35.5474],[140.3285,35.5465],[140.3277,35.546],[140.3258,35.5458],[140.3245,35.5453],[140.3251,35.5442],[140.3269,35.5451],[140.3276,35.5451],[140.3286,35.546],[140.3298,35.5474]]],[[[140.3351,35.6209],[140.336,35.6214],[140.3361,35.6222],[140.3349,35.6221],[140.3346,35.6212],[140.3351,35.6209]]],[[[140.3247,35.6123],[140.3234,35.6132],[140.3229,35.6129],[140.3243,35.6121],[140.3247,35.6123]]],[[[140.3255,35.613],[140.3243,35.6138],[140.324,35.6135],[140.3252,35.6127],[140.3255,35.613]]],[[[140.3385,35.6184],[140.3377,35.6186],[140.3373,35.6189],[140.3371,35.6185],[140.3382,35.6181],[140.3385,35.6184]]]]}},{"type":"Feature","properties":{"name":"旭市","自治体":"旭市","区分":"市管理公園等で原則禁止(公式確認済)","規制概要":"市立公園条例第8条を根拠に、市内公園でのドローン(ラジコンヘリ含む)使用を不可と明文。","公式HP":"https://www.city.asahi.lg.jp/","確認日":"2026-08-17","_pref":"千葉県","_cat":"prohibited","_color":"#4a148c","_opacity":0.9,"_weight":1.5,"_fillColor":"#6a1b9a","_fillOpacity":0.55,"出典1":"旭市 市内公園におけるドローンの飛行について(都市整備課)","出典1_URL":"https://www.city.asahi.lg.jp/soshiki/17/12970.html","出典1_引用":"ドローン（ラジコンヘリ含む）は公園内で使用できません。"},"geometry":{"type":"MultiPolygon","coordinates":[[[[140.6996,35.7742],[140.6992,35.7745],[140.6976,35.7744],[140.6968,35.775],[140.698,35.7762],[140.6932,35.7802],[140.6918,35.7813],[140.6895,35.7808],[140.6873,35.7829],[140.6855,35.7809],[140.6844,35.7804],[140.6824,35.7786],[140.6833,35.7777],[140.6821,35.7768],[140.6759,35.7728],[140.6739,35.7726],[140.6733,35.7718],[140.6707,35.7654],[140.6651,35.7717],[140.6626,35.7752],[140.6619,35.7749],[140.6578,35.7829],[140.6548,35.7882],[140.6542,35.7899],[140.654,35.7914],[140.6526,35.7912],[140.652,35.79],[140.6516,35.7886],[140.6528,35.7872],[140.6526,35.7854],[140.6515,35.7855],[140.6517,35.7864],[140.651,35.7874],[140.6481,35.7874],[140.6464,35.7879],[140.644,35.7876],[140.6419,35.7866],[140.6384,35.7859],[140.6378,35.7863],[140.6375,35.7872],[140.6358,35.7876],[140.6343,35.7891],[140.6342,35.7903],[140.633,35.7917],[140.631,35.7923],[140.6308,35.7935],[140.6312,35.7941],[140.6296,35.7947],[140.6286,35.7944],[140.6276,35.7937],[140.6246,35.7937],[140.6258,35.7926],[140.6267,35.7912],[140.627,35.7896],[140.6266,35.7883],[140.6259,35.7873],[140.6239,35.7857],[140.6228,35.7857],[140.6217,35.7848],[140.6189,35.7835],[140.6179,35.7824],[140.6179,35.7813],[140.6168,35.7811],[140.6153,35.7815],[140.6141,35.7814],[140.6138,35.7818],[140.6126,35.7819],[140.6112,35.7817],[140.611,35.7821],[140.6093,35.7817],[140.6097,35.7809],[140.6089,35.7807],[140.6079,35.7797],[140.6075,35.7782],[140.6067,35.7783],[140.6047,35.7773],[140.6034,35.7757],[140.6018,35.7742],[140.5997,35.7742],[140.599,35.7753],[140.5986,35.7774],[140.5975,35.7801],[140.5965,35.7817],[140.5955,35.7807],[140.5955,35.7799],[140.5934,35.7793],[140.5937,35.7789],[140.5924,35.7779],[140.5907,35.7758],[140.5899,35.7751],[140.5903,35.774],[140.5899,35.7734],[140.5873,35.7724],[140.5856,35.7722],[140.5845,35.7716],[140.5823,35.7698],[140.5809,35.7691],[140.5791,35.7686],[140.5781,35.7681],[140.5774,35.767],[140.5764,35.7668],[140.5762,35.7654],[140.5749,35.7664],[140.5744,35.7675],[140.5738,35.7668],[140.572,35.7662],[140.5711,35.765],[140.5717,35.7641],[140.5717,35.763],[140.5703,35.7619],[140.5697,35.7617],[140.5685,35.7604],[140.5683,35.7597],[140.567,35.7581],[140.5669,35.7566],[140.5656,35.7552],[140.5679,35.754],[140.5689,35.7531],[140.5682,35.7524],[140.5694,35.7518],[140.5689,35.7513],[140.5692,35.7504],[140.5689,35.7498],[140.5693,35.749],[140.5702,35.7492],[140.5719,35.747],[140.5707,35.7465],[140.5693,35.7456],[140.5708,35.7441],[140.5663,35.7409],[140.5711,35.7363],[140.5718,35.7364],[140.5719,35.7355],[140.5739,35.7336],[140.5752,35.7338],[140.5779,35.7352],[140.5801,35.7366],[140.5827,35.7362],[140.5835,35.7363],[140.5841,35.7385],[140.5835,35.7388],[140.5843,35.7396],[140.5856,35.7381],[140.5866,35.7378],[140.5877,35.7396],[140.5904,35.7383],[140.5903,35.7368],[140.591,35.7366],[140.5926,35.7376],[140.5927,35.7409],[140.5934,35.7414],[140.5994,35.7389],[140.6036,35.7375],[140.6043,35.7375],[140.6047,35.7342],[140.5995,35.7337],[140.5988,35.7308],[140.5985,35.7275],[140.5984,35.7238],[140.5989,35.7222],[140.5983,35.7219],[140.5994,35.7186],[140.5991,35.7168],[140.5941,35.7175],[140.5914,35.7181],[140.5897,35.7179],[140.5858,35.7166],[140.585,35.7166],[140.5824,35.715],[140.5827,35.7144],[140.5786,35.7128],[140.58,35.7104],[140.5807,35.7106],[140.5818,35.7086],[140.5835,35.7092],[140.5891,35.7106],[140.5915,35.7113],[140.5927,35.7082],[140.5941,35.7086],[140.595,35.7075],[140.5969,35.7079],[140.5962,35.7095],[140.5981,35.7098],[140.5977,35.711],[140.5995,35.7114],[140.6008,35.7078],[140.6044,35.7087],[140.6067,35.7026],[140.6066,35.7011],[140.6058,35.7004],[140.6055,35.6997],[140.6044,35.6997],[140.6041,35.6991],[140.6031,35.6987],[140.6023,35.6977],[140.6031,35.6943],[140.6026,35.6939],[140.6031,35.692],[140.6045,35.6913],[140.6086,35.6899],[140.6099,35.6898],[140.6107,35.6871],[140.6097,35.6841],[140.6093,35.6824],[140.6097,35.6804],[140.6103,35.6804],[140.6121,35.6754],[140.616,35.6768],[140.6167,35.6767],[140.6173,35.6759],[140.6185,35.6766],[140.6208,35.6774],[140.6216,35.6783],[140.6235,35.675],[140.625,35.6727],[140.629,35.6751],[140.6305,35.6744],[140.6311,35.6761],[140.6335,35.6777],[140.6375,35.6797],[140.6403,35.6813],[140.6442,35.6833],[140.6471,35.6846],[140.6488,35.685],[140.6502,35.6857],[140.653,35.687],[140.6546,35.6871],[140.6551,35.6877],[140.6571,35.6888],[140.6604,35.6902],[140.6646,35.6917],[140.6661,35.6918],[140.6668,35.6912],[140.6676,35.6915],[140.6684,35.6921],[140.6704,35.6925],[140.6712,35.6932],[140.6725,35.6933],[140.6742,35.6947],[140.675,35.6948],[140.6786,35.6959],[140.6833,35.6974],[140.6852,35.6979],[140.6869,35.698],[140.6909,35.6989],[140.6925,35.6994],[140.6931,35.7],[140.6956,35.6996],[140.6972,35.6997],[140.7004,35.7002],[140.7019,35.7001],[140.7032,35.7004],[140.7042,35.7002],[140.7056,35.7006],[140.707,35.7002],[140.7085,35.7006],[140.7097,35.7003],[140.7107,35.7006],[140.7128,35.7004],[140.7146,35.7004],[140.7156,35.6999],[140.7169,35.7],[140.7182,35.6992],[140.7199,35.6989],[140.7211,35.6976],[140.722,35.697],[140.7222,35.6954],[140.724,35.6936],[140.7265,35.6936],[140.7273,35.6932],[140.7276,35.6914],[140.7279,35.6911],[140.7295,35.691],[140.7296,35.6921],[140.7311,35.6917],[140.7312,35.6929],[140.7329,35.6928],[140.7328,35.6916],[140.7338,35.6916],[140.7339,35.6928],[140.7363,35.6926],[140.7362,35.6934],[140.7354,35.6936],[140.7343,35.695],[140.7352,35.6955],[140.7363,35.694],[140.737,35.6939],[140.737,35.6919],[140.7349,35.6904],[140.7308,35.6904],[140.7299,35.6892],[140.7295,35.6873],[140.7308,35.6884],[140.7343,35.6902],[140.7352,35.6902],[140.736,35.6908],[140.7389,35.6923],[140.7431,35.6928],[140.7438,35.6928],[140.7458,35.6933],[140.7488,35.6934],[140.7501,35.6932],[140.7532,35.6942],[140.7548,35.6949],[140.7559,35.6952],[140.758,35.6961],[140.7592,35.6963],[140.761,35.6978],[140.761,35.6979],[140.761,35.698],[140.7598,35.6996],[140.7591,35.7],[140.7578,35.7016],[140.7567,35.701],[140.756,35.7015],[140.756,35.7026],[140.7556,35.703],[140.7539,35.7033],[140.7532,35.7029],[140.7519,35.7032],[140.7513,35.7025],[140.7512,35.7014],[140.7504,35.7014],[140.749,35.7021],[140.75,35.7025],[140.7491,35.7032],[140.7482,35.7045],[140.747,35.7045],[140.7456,35.7036],[140.7458,35.7029],[140.7471,35.7023],[140.7474,35.7017],[140.7466,35.7014],[140.7461,35.7024],[140.7445,35.702],[140.7438,35.7022],[140.7414,35.7019],[140.7399,35.7036],[140.7397,35.7046],[140.7386,35.7048],[140.7379,35.704],[140.7372,35.7049],[140.7358,35.7044],[140.7354,35.705],[140.7339,35.7053],[140.7348,35.7088],[140.7355,35.7098],[140.7348,35.7104],[140.7352,35.7115],[140.7361,35.7116],[140.7367,35.7122],[140.7369,35.7132],[140.7382,35.713],[140.7381,35.7138],[140.7392,35.7159],[140.7397,35.7165],[140.7401,35.7177],[140.7406,35.7178],[140.74,35.7195],[140.74,35.7203],[140.7415,35.7215],[140.7427,35.7212],[140.7432,35.7229],[140.7463,35.723],[140.7487,35.7236],[140.7489,35.7245],[140.7479,35.7251],[140.7483,35.7263],[140.7481,35.7276],[140.7483,35.7284],[140.7475,35.7301],[140.7461,35.731],[140.7454,35.7317],[140.7458,35.7324],[140.7458,35.7332],[140.7451,35.7339],[140.7446,35.736],[140.7449,35.7377],[140.7441,35.7376],[140.7433,35.7366],[140.7421,35.7356],[140.7404,35.735],[140.7407,35.7358],[140.7422,35.7362],[140.7425,35.7371],[140.7432,35.7373],[140.7435,35.7382],[140.7445,35.7382],[140.7454,35.7408],[140.7464,35.7419],[140.745,35.7427],[140.7459,35.7444],[140.7441,35.745],[140.7441,35.7443],[140.7447,35.7437],[140.7429,35.7412],[140.7409,35.7388],[140.742,35.7382],[140.7404,35.7363],[140.74,35.7352],[140.7391,35.7349],[140.7385,35.7334],[140.7381,35.7333],[140.7368,35.7345],[140.7355,35.7336],[140.7358,35.7333],[140.734,35.7326],[140.7321,35.7316],[140.7311,35.7305],[140.7306,35.7312],[140.7322,35.7334],[140.7318,35.7336],[140.7305,35.7321],[140.7296,35.7317],[140.7282,35.7318],[140.7252,35.7332],[140.7248,35.7339],[140.7249,35.7347],[140.7245,35.7353],[140.7259,35.7364],[140.7248,35.7373],[140.724,35.7385],[140.724,35.7401],[140.7245,35.7407],[140.7251,35.7431],[140.7251,35.7437],[140.7268,35.7451],[140.7258,35.7457],[140.7252,35.7455],[140.7242,35.7463],[140.724,35.747],[140.7249,35.748],[140.726,35.7484],[140.726,35.7502],[140.7265,35.7514],[140.7272,35.7524],[140.7265,35.7527],[140.7264,35.7536],[140.7274,35.7534],[140.7279,35.754],[140.7281,35.7553],[140.7277,35.756],[140.7261,35.756],[140.7257,35.7573],[140.7238,35.7587],[140.7231,35.7596],[140.7222,35.7593],[140.7223,35.7588],[140.7208,35.7582],[140.72,35.7588],[140.7194,35.7583],[140.7183,35.7583],[140.7176,35.7589],[140.7173,35.7597],[140.7165,35.759],[140.7155,35.7599],[140.7132,35.7613],[140.7083,35.7613],[140.7075,35.7623],[140.7076,35.7633],[140.7073,35.765],[140.7064,35.7659],[140.7071,35.7666],[140.7074,35.7677],[140.707,35.7693],[140.7074,35.7708],[140.7069,35.7716],[140.7052,35.7724],[140.7045,35.7717],[140.7023,35.7715],[140.7013,35.772],[140.7002,35.7741],[140.6996,35.7742]]],[[[140.6553,35.8056],[140.6542,35.8055],[140.6543,35.8033],[140.6518,35.8023],[140.6522,35.8018],[140.6535,35.8018],[140.6534,35.8002],[140.6523,35.7998],[140.6511,35.7999],[140.6501,35.7995],[140.6501,35.7986],[140.6493,35.7975],[140.6471,35.7986],[140.6465,35.7978],[140.6471,35.7976],[140.6487,35.7977],[140.6487,35.7969],[140.651,35.7965],[140.6517,35.7981],[140.6522,35.7986],[140.6532,35.7986],[140.6541,35.8007],[140.656,35.8009],[140.6566,35.8023],[140.6562,35.8038],[140.6556,35.8037],[140.6553,35.8056]]],[[[140.6461,35.7984],[140.6466,35.7987],[140.646,35.7988],[140.6461,35.7984]]],[[[140.7286,35.6882],[140.7288,35.6892],[140.7287,35.6892],[140.7286,35.6882]]]]}},{"type":"Feature","properties":{"name":"習志野市","自治体":"習志野市","区分":"自治体独自の規制は確認されず(国の規制のみ)","規制概要":"公式ページでドローンに関する記載は確認されず(2026-08-17時点)。自治体独自の規制は確認されていないため、国の規制(航空法・小型無人機等飛行禁止法・空域)が適用される。公園条例の一般規定(危険・迷惑・管理支障行為の禁止)により管理者判断で個別に制限される場合はある。","公式HP":"https://www.city.narashino.lg.jp/","確認日":"2026-08-17","_pref":"千葉県","_cat":"unknown","_color":"#455a64","_opacity":0.9,"_weight":1.5,"_fillColor":"#78909c","_fillOpacity":0.18,"出典1":"千葉県警察 小型無人機(ドローン)等の飛行に関するルール(航空法・小型無人機等飛行禁止法)","出典1_URL":"https://www.police.pref.chiba.jp/keibika/safeLife_drone_rules.html","出典2":"千葉県 県管理海岸(港湾・漁港区域を除く)・河川におけるドローンの利用や撮影について","出典2_URL":"https://www.pref.chiba.lg.jp/kakan/kaigan/drone.html"},"geometry":{"type":"Polygon","coordinates":[[[140.0816,35.6945],[140.0783,35.6956],[140.0774,35.6968],[140.077,35.6986],[140.0772,35.701],[140.0796,35.701],[140.0805,35.7014],[140.0829,35.7018],[140.0839,35.7024],[140.0851,35.7038],[140.0819,35.7047],[140.0819,35.7049],[140.0762,35.7063],[140.0683,35.7084],[140.0685,35.7069],[140.0635,35.7066],[140.0637,35.705],[140.0619,35.7049],[140.0624,35.6996],[140.061,35.6995],[140.0598,35.6992],[140.0608,35.6981],[140.063,35.6982],[140.0632,35.6965],[140.0639,35.6965],[140.0635,35.6946],[140.0639,35.6943],[140.0633,35.6933],[140.064,35.6918],[140.0637,35.6909],[140.0625,35.6912],[140.0614,35.6911],[140.0595,35.6918],[140.0601,35.6925],[140.0595,35.6937],[140.0586,35.6944],[140.0567,35.6951],[140.053,35.6965],[140.0529,35.6957],[140.0507,35.6919],[140.0493,35.6913],[140.0482,35.6919],[140.0443,35.6926],[140.0436,35.6929],[140.0429,35.6961],[140.0417,35.6957],[140.0413,35.6963],[140.0397,35.6953],[140.0386,35.695],[140.038,35.6955],[140.037,35.6957],[140.0355,35.6963],[140.0343,35.6951],[140.034,35.6944],[140.0315,35.6955],[140.0311,35.6943],[140.0312,35.6932],[140.0289,35.6909],[140.0284,35.6908],[140.0268,35.6913],[140.0256,35.6915],[140.0194,35.6916],[140.0174,35.6929],[140.0177,35.6937],[140.0138,35.692],[140.0092,35.6954],[140.0088,35.6954],[140.006,35.6909],[140.0044,35.6889],[140.0044,35.6886],[140.0025,35.6866],[140.001,35.6843],[139.9993,35.6814],[139.998,35.6784],[140.0004,35.6733],[140.0013,35.673],[140.0024,35.6711],[140.0049,35.6688],[140.0019,35.6656],[140.0024,35.6654],[140.0028,35.6635],[140.0023,35.6634],[140.0029,35.6598],[139.997,35.6591],[139.9948,35.6605],[139.9947,35.661],[139.9865,35.6601],[139.9875,35.6545],[140.0048,35.6564],[140.008,35.6589],[140.0137,35.6575],[140.0197,35.6526],[140.0197,35.6525],[140.0309,35.6651],[140.0315,35.6656],[140.0349,35.6696],[140.0353,35.6699],[140.0418,35.6778],[140.0442,35.6766],[140.0451,35.6776],[140.0456,35.6769],[140.048,35.6765],[140.0494,35.6791],[140.0504,35.6788],[140.0501,35.6782],[140.0513,35.677],[140.0524,35.6778],[140.0536,35.6771],[140.0534,35.6759],[140.0545,35.6754],[140.0551,35.677],[140.0573,35.6784],[140.0576,35.6797],[140.0609,35.6786],[140.06,35.6771],[140.0615,35.6764],[140.0626,35.6777],[140.0622,35.6785],[140.0629,35.6794],[140.0641,35.6782],[140.0659,35.6768],[140.0683,35.6778],[140.0688,35.6795],[140.0697,35.6813],[140.071,35.6829],[140.0725,35.6839],[140.075,35.686],[140.0774,35.6885],[140.0816,35.6945]]]}},{"type":"Feature","properties":{"name":"柏市","自治体":"柏市","区分":"許可・届出制/施設ごとに要相談","規制概要":"公園の注意事項の「迷惑な行為はやめましょう」の列挙にドローン等の使用を明記(自粛の呼びかけ)。","公式HP":"https://www.city.kashiwa.lg.jp/","確認日":"2026-08-17","_pref":"千葉県","_cat":"restricted","_color":"#006064","_opacity":0.9,"_weight":1.5,"_fillColor":"#00838f","_fillOpacity":0.4,"出典1":"柏市 公園の利用に関する注意事項(迷惑行為はやめましょう)","出典1_URL":"https://www.city.kashiwa.lg.jp/facilities/park/oshirase/riyouannai.html","出典1_引用":"ドローン（小型無人航空機）等の使用"},"geometry":{"type":"Polygon","coordinates":[[[139.998,35.8006],[139.9989,35.8014],[139.9998,35.8016],[140,35.8028],[140.0019,35.8039],[140.005,35.8037],[140.0077,35.8032],[140.0117,35.8013],[140.0132,35.8008],[140.015,35.7995],[140.019,35.7977],[140.0199,35.7967],[140.02,35.7959],[140.0225,35.7961],[140.0237,35.797],[140.0253,35.7975],[140.0273,35.7988],[140.0284,35.799],[140.0282,35.7971],[140.0269,35.7956],[140.0259,35.794],[140.0246,35.7922],[140.0209,35.7888],[140.0197,35.7889],[140.0203,35.7881],[140.0197,35.787],[140.0195,35.7858],[140.0188,35.7848],[140.0181,35.7832],[140.0189,35.7835],[140.019,35.784],[140.0199,35.7855],[140.0205,35.7874],[140.0218,35.7888],[140.0222,35.7895],[140.0232,35.7901],[140.0245,35.7919],[140.0261,35.7936],[140.0273,35.7958],[140.0289,35.7973],[140.0299,35.7989],[140.03,35.8001],[140.0304,35.801],[140.0307,35.8026],[140.0316,35.8038],[140.0318,35.8053],[140.0312,35.8071],[140.0323,35.8118],[140.0339,35.8142],[140.034,35.8156],[140.0345,35.8164],[140.0371,35.8177],[140.0417,35.8243],[140.0437,35.8264],[140.0497,35.8322],[140.0504,35.8326],[140.0553,35.8343],[140.0562,35.8357],[140.0573,35.8354],[140.0616,35.8351],[140.0617,35.8352],[140.0649,35.8349],[140.0697,35.8338],[140.0752,35.8311],[140.0773,35.8308],[140.0796,35.8308],[140.0796,35.8313],[140.0818,35.8312],[140.0818,35.8308],[140.0837,35.8308],[140.0852,35.832],[140.0862,35.8323],[140.0869,35.8306],[140.0883,35.8305],[140.0892,35.8302],[140.0913,35.8282],[140.0907,35.8272],[140.0926,35.8259],[140.0929,35.8261],[140.0933,35.8262],[140.0941,35.825],[140.0962,35.8259],[140.0957,35.8266],[140.0996,35.8281],[140.0992,35.8287],[140.1001,35.829],[140.0991,35.8313],[140.1027,35.8333],[140.1048,35.8342],[140.1054,35.8344],[140.1093,35.8341],[140.1119,35.8434],[140.1093,35.8438],[140.1114,35.8479],[140.1106,35.848],[140.1028,35.8508],[140.101,35.8515],[140.0997,35.8517],[140.0887,35.853],[140.0887,35.8526],[140.0786,35.8538],[140.0724,35.8545],[140.0651,35.8554],[140.0663,35.8538],[140.0601,35.8509],[140.0572,35.8512],[140.0543,35.8522],[140.0518,35.8534],[140.05,35.8544],[140.0488,35.8552],[140.0459,35.8578],[140.0445,35.8586],[140.0425,35.8594],[140.0412,35.8596],[140.0387,35.8592],[140.0357,35.8577],[140.0328,35.8565],[140.0314,35.8567],[140.0286,35.8592],[140.027,35.8604],[140.026,35.8608],[140.0249,35.861],[140.0166,35.8614],[140.0141,35.8617],[140.011,35.8619],[140.0083,35.8618],[139.9967,35.8669],[139.9935,35.8676],[139.992,35.87],[139.9922,35.8706],[139.9911,35.8712],[139.9909,35.8723],[139.9912,35.8728],[139.9923,35.8731],[139.9925,35.8747],[139.9932,35.8751],[139.9942,35.8766],[139.9931,35.8764],[139.9922,35.8768],[139.9928,35.8774],[139.9919,35.8783],[139.9908,35.8786],[139.9901,35.8784],[139.9887,35.8792],[139.9897,35.8807],[139.9907,35.8814],[139.992,35.8816],[139.9929,35.8804],[139.9941,35.8806],[139.9953,35.879],[139.9957,35.8797],[139.995,35.8804],[139.9947,35.8813],[139.9954,35.8819],[139.9959,35.881],[139.9973,35.8813],[139.9985,35.8819],[139.9982,35.8828],[139.9986,35.8837],[140.0004,35.8844],[140.0017,35.8844],[140.0026,35.8855],[140.0047,35.8856],[140.0056,35.8865],[140.0073,35.8862],[140.0074,35.8857],[140.0083,35.8855],[140.0088,35.8845],[140.0098,35.8847],[140.0102,35.8863],[140.0099,35.8872],[140.0119,35.8895],[140.0132,35.8901],[140.0135,35.8909],[140.0143,35.8913],[140.0149,35.891],[140.0163,35.8916],[140.0157,35.8923],[140.0148,35.8917],[140.0143,35.892],[140.0136,35.8912],[140.0127,35.8907],[140.0119,35.8911],[140.0119,35.8921],[140.0114,35.8928],[140.0129,35.8929],[140.0136,35.8935],[140.0147,35.8931],[140.0153,35.8938],[140.0147,35.8942],[140.0163,35.896],[140.0172,35.8946],[140.0175,35.8935],[140.0181,35.8935],[140.0191,35.8896],[140.0196,35.8891],[140.0209,35.8907],[140.0218,35.8902],[140.0251,35.8939],[140.0276,35.8967],[140.0311,35.9006],[140.0284,35.9022],[140.0269,35.9034],[140.025,35.9051],[140.0227,35.9079],[140.0209,35.9092],[140.0189,35.91],[140.0152,35.9109],[140.0132,35.9111],[140.0088,35.9107],[140.0043,35.9097],[140.0016,35.9094],[139.9987,35.9091],[139.9967,35.9092],[139.9943,35.9098],[139.9931,35.9103],[139.9879,35.9134],[139.9858,35.9148],[139.9839,35.9164],[139.9822,35.9182],[139.9808,35.9199],[139.9791,35.9214],[139.9775,35.9227],[139.975,35.9239],[139.9721,35.925],[139.9694,35.9256],[139.9655,35.9267],[139.9638,35.9275],[139.9623,35.9286],[139.9603,35.9302],[139.9584,35.9316],[139.9563,35.9329],[139.9529,35.935],[139.9519,35.9358],[139.949,35.9312],[139.9469,35.9314],[139.9456,35.9303],[139.9455,35.9293],[139.9445,35.9289],[139.9438,35.9292],[139.9434,35.9284],[139.9421,35.9277],[139.9418,35.9285],[139.9401,35.9275],[139.9399,35.9271],[139.937,35.9257],[139.9367,35.9261],[139.9351,35.9253],[139.9341,35.9231],[139.9342,35.9226],[139.9323,35.9218],[139.9304,35.9201],[139.9298,35.9191],[139.9283,35.918],[139.9261,35.9171],[139.9241,35.9165],[139.9202,35.9169],[139.9219,35.9158],[139.9211,35.9146],[139.921,35.9138],[139.9205,35.9118],[139.9199,35.9102],[139.9199,35.9077],[139.9205,35.9067],[139.9205,35.906],[139.9193,35.9029],[139.9188,35.9022],[139.9186,35.8998],[139.9158,35.8994],[139.9156,35.8991],[139.914,35.899],[139.9134,35.8983],[139.9145,35.8959],[139.9148,35.8941],[139.9152,35.8937],[139.9164,35.8943],[139.9183,35.8934],[139.9188,35.8922],[139.9189,35.891],[139.9212,35.8903],[139.9208,35.8898],[139.9211,35.8884],[139.922,35.8881],[139.9214,35.8871],[139.9218,35.8866],[139.9227,35.887],[139.9233,35.8862],[139.923,35.8857],[139.9245,35.885],[139.9262,35.8834],[139.9282,35.8834],[139.9287,35.8854],[139.9301,35.8867],[139.9295,35.8881],[139.9289,35.8886],[139.9291,35.89],[139.9274,35.8907],[139.9261,35.8918],[139.9246,35.8935],[139.9236,35.8941],[139.9213,35.8966],[139.9218,35.8978],[139.9193,35.8989],[139.9195,35.8995],[139.9226,35.9005],[139.9235,35.9006],[139.9298,35.9008],[139.9304,35.8995],[139.9302,35.8986],[139.9315,35.8983],[139.932,35.8979],[139.9331,35.8953],[139.9347,35.8925],[139.9343,35.8907],[139.9339,35.8901],[139.9351,35.8899],[139.9346,35.8882],[139.936,35.888],[139.9356,35.8873],[139.9334,35.8871],[139.9319,35.8872],[139.932,35.8866],[139.9335,35.8855],[139.9355,35.8857],[139.938,35.8855],[139.9402,35.8851],[139.9413,35.8847],[139.9408,35.8837],[139.9408,35.8819],[139.9403,35.8796],[139.9403,35.8772],[139.9401,35.8757],[139.9408,35.8753],[139.9413,35.8745],[139.9418,35.8726],[139.9412,35.8719],[139.942,35.8716],[139.9436,35.8721],[139.9447,35.8735],[139.9468,35.8741],[139.9503,35.8732],[139.9479,35.8732],[139.946,35.8736],[139.9452,35.8732],[139.9442,35.872],[139.9439,35.8712],[139.9422,35.8709],[139.9416,35.8705],[139.9417,35.8691],[139.9407,35.8688],[139.9398,35.8696],[139.9393,35.8697],[139.9377,35.8684],[139.936,35.8685],[139.9355,35.8679],[139.9334,35.8681],[139.9332,35.8699],[139.9312,35.8686],[139.9275,35.8678],[139.9266,35.8644],[139.9252,35.8641],[139.9263,35.8623],[139.9278,35.8615],[139.9288,35.8607],[139.9294,35.861],[139.929,35.8625],[139.9292,35.8638],[139.9304,35.8647],[139.9315,35.8649],[139.9362,35.8653],[139.9415,35.8643],[139.9428,35.8644],[139.9435,35.8629],[139.9448,35.8631],[139.9482,35.8594],[139.9483,35.8587],[139.9479,35.8579],[139.9441,35.8573],[139.9425,35.8581],[139.9404,35.8565],[139.9383,35.8568],[139.938,35.856],[139.9388,35.8557],[139.9382,35.8547],[139.9371,35.8553],[139.9363,35.8545],[139.9343,35.8535],[139.9341,35.8531],[139.9345,35.8511],[139.9355,35.8505],[139.9373,35.8509],[139.9379,35.8518],[139.9395,35.8527],[139.9408,35.853],[139.9409,35.8518],[139.9414,35.8517],[139.9429,35.8525],[139.9435,35.8522],[139.9443,35.853],[139.9446,35.8539],[139.946,35.8549],[139.9461,35.8557],[139.9468,35.856],[139.9478,35.8554],[139.9472,35.8546],[139.9505,35.8517],[139.9521,35.8516],[139.9526,35.8513],[139.9525,35.8463],[139.9519,35.8424],[139.9522,35.8415],[139.9544,35.8388],[139.9548,35.8371],[139.9558,35.8371],[139.9564,35.8361],[139.9575,35.8351],[139.9563,35.8341],[139.9553,35.8339],[139.9532,35.8339],[139.9523,35.8345],[139.9505,35.8344],[139.9508,35.8352],[139.9489,35.8358],[139.9491,35.8364],[139.9478,35.8368],[139.9471,35.8362],[139.946,35.8364],[139.9453,35.8369],[139.9444,35.837],[139.944,35.8366],[139.9443,35.8348],[139.9415,35.8349],[139.9411,35.8337],[139.9423,35.8324],[139.944,35.8328],[139.9455,35.8316],[139.9467,35.8318],[139.9483,35.8309],[139.9472,35.8302],[139.9494,35.8289],[139.95,35.8287],[139.9505,35.8278],[139.9506,35.8269],[139.9499,35.8262],[139.9491,35.8261],[139.95,35.8244],[139.9516,35.823],[139.9519,35.8221],[139.9517,35.8212],[139.9518,35.8193],[139.9521,35.8189],[139.9525,35.8172],[139.9535,35.8168],[139.9544,35.8159],[139.9552,35.8143],[139.9585,35.8093],[139.9674,35.808],[139.9673,35.8061],[139.9674,35.8045],[139.967,35.8043],[139.9673,35.8027],[139.9728,35.8007],[139.9788,35.7983],[139.9795,35.7996],[139.9796,35.8006],[139.9815,35.8002],[139.982,35.8012],[139.983,35.802],[139.9859,35.8051],[139.9855,35.8055],[139.9856,35.8065],[139.9869,35.807],[139.9878,35.8059],[139.989,35.8068],[139.9912,35.8055],[139.9905,35.8039],[139.9896,35.8044],[139.9888,35.8035],[139.9895,35.8031],[139.9899,35.8021],[139.9914,35.8016],[139.9924,35.8029],[139.9932,35.8034],[139.9952,35.8019],[139.9953,35.8026],[139.9979,35.8044],[139.9986,35.8037],[139.9979,35.8026],[139.9968,35.8017],[139.998,35.8006]],[[139.9954,35.8823],[139.9953,35.8826],[139.9963,35.8839],[139.9965,35.8832],[139.9954,35.8823]]]}},{"type":"Feature","properties":{"name":"勝浦市","自治体":"勝浦市","区分":"自治体独自の規制は確認されず(国の規制のみ)","規制概要":"公式ページでドローンに関する記載は確認されず(2026-08-17時点)。自治体独自の規制は確認されていないため、国の規制(航空法・小型無人機等飛行禁止法・空域)が適用される。公園条例の一般規定(危険・迷惑・管理支障行為の禁止)により管理者判断で個別に制限される場合はある。","公式HP":"https://www.city.katsuura.lg.jp/","確認日":"2026-08-17","_pref":"千葉県","_cat":"unknown","_color":"#455a64","_opacity":0.9,"_weight":1.5,"_fillColor":"#78909c","_fillOpacity":0.18,"出典1":"千葉県警察 小型無人機(ドローン)等の飛行に関するルール(航空法・小型無人機等飛行禁止法)","出典1_URL":"https://www.police.pref.chiba.jp/keibika/safeLife_drone_rules.html","出典2":"千葉県 県管理海岸(港湾・漁港区域を除く)・河川におけるドローンの利用や撮影について","出典2_URL":"https://www.pref.chiba.lg.jp/kakan/kaigan/drone.html"},"geometry":{"type":"MultiPolygon","coordinates":[[[[140.3179,35.2146],[140.3181,35.2154],[140.315,35.2179],[140.3139,35.2177],[140.3132,35.2181],[140.313,35.2196],[140.3116,35.2197],[140.3104,35.2204],[140.3099,35.2216],[140.3081,35.2222],[140.3072,35.223],[140.307,35.2249],[140.3067,35.2256],[140.3054,35.2263],[140.3042,35.2262],[140.3033,35.2266],[140.3013,35.2263],[140.3011,35.2269],[140.3,35.2278],[140.2997,35.2293],[140.2985,35.2296],[140.2975,35.2302],[140.2963,35.2302],[140.2953,35.2298],[140.2941,35.2303],[140.294,35.2308],[140.2951,35.2318],[140.2959,35.2321],[140.2971,35.2337],[140.2971,35.2348],[140.2965,35.2357],[140.297,35.2376],[140.2954,35.2383],[140.2944,35.2389],[140.293,35.2385],[140.2916,35.2396],[140.2911,35.2396],[140.291,35.2381],[140.2903,35.2373],[140.2886,35.2393],[140.2879,35.2417],[140.2881,35.2429],[140.2873,35.2434],[140.2868,35.2445],[140.2849,35.2437],[140.2855,35.2429],[140.2847,35.2423],[140.2839,35.2422],[140.2828,35.2427],[140.2824,35.2424],[140.281,35.2424],[140.2807,35.2418],[140.2786,35.2407],[140.2783,35.2398],[140.2778,35.2394],[140.2752,35.2392],[140.2743,35.2395],[140.2739,35.2392],[140.2731,35.2373],[140.2706,35.2344],[140.2687,35.2341],[140.2672,35.2334],[140.2655,35.2343],[140.2642,35.2346],[140.2631,35.2338],[140.2611,35.2335],[140.26,35.2344],[140.2594,35.2342],[140.2579,35.2343],[140.2562,35.2351],[140.2548,35.2346],[140.2545,35.2337],[140.2536,35.2341],[140.2517,35.2331],[140.2523,35.2317],[140.2541,35.2311],[140.2556,35.2293],[140.2556,35.2281],[140.2565,35.2277],[140.2578,35.2282],[140.2592,35.2275],[140.2589,35.2259],[140.2601,35.2244],[140.2586,35.2228],[140.2578,35.2225],[140.2569,35.2228],[140.2561,35.2224],[140.2545,35.2227],[140.2538,35.2218],[140.2526,35.2211],[140.2507,35.2214],[140.2505,35.2211],[140.2507,35.2191],[140.2514,35.2185],[140.2504,35.2163],[140.2487,35.2152],[140.2481,35.2143],[140.2472,35.2148],[140.2462,35.2148],[140.2456,35.2141],[140.2459,35.2126],[140.2458,35.2108],[140.2444,35.2093],[140.2444,35.2072],[140.2442,35.2068],[140.2449,35.206],[140.244,35.2048],[140.2446,35.2036],[140.2453,35.2033],[140.2452,35.202],[140.2444,35.2009],[140.2448,35.1992],[140.2456,35.1984],[140.2458,35.1968],[140.2448,35.1966],[140.2454,35.195],[140.2455,35.1934],[140.2459,35.1924],[140.2455,35.1906],[140.245,35.1906],[140.2439,35.1916],[140.2429,35.1902],[140.2431,35.1896],[140.2423,35.1887],[140.243,35.1877],[140.2423,35.1863],[140.2416,35.186],[140.2404,35.1836],[140.2393,35.1831],[140.239,35.1823],[140.2391,35.1813],[140.2383,35.1801],[140.2371,35.1796],[140.2364,35.1806],[140.2352,35.1798],[140.2346,35.1797],[140.2336,35.1805],[140.2326,35.1805],[140.231,35.1811],[140.2313,35.1824],[140.2301,35.183],[140.2298,35.1838],[140.2287,35.1847],[140.2275,35.1863],[140.2264,35.187],[140.2257,35.1869],[140.225,35.1874],[140.2236,35.1872],[140.223,35.1864],[140.2218,35.1867],[140.2209,35.1852],[140.221,35.1842],[140.2204,35.1836],[140.2202,35.1826],[140.2193,35.183],[140.2178,35.1828],[140.217,35.1834],[140.2161,35.1831],[140.2151,35.1815],[140.2144,35.1812],[140.2129,35.1797],[140.2117,35.1797],[140.2116,35.1802],[140.2097,35.1819],[140.2081,35.1826],[140.2074,35.1826],[140.2066,35.1835],[140.2054,35.1841],[140.2044,35.1836],[140.2031,35.1834],[140.2023,35.1838],[140.2006,35.1834],[140.2003,35.182],[140.1999,35.1817],[140.1998,35.1805],[140.1987,35.1779],[140.1976,35.177],[140.1962,35.1768],[140.1946,35.1762],[140.1937,35.1755],[140.193,35.1758],[140.1918,35.1754],[140.189,35.1757],[140.1884,35.1745],[140.1884,35.1729],[140.1879,35.1702],[140.1888,35.1704],[140.1912,35.1703],[140.1926,35.1706],[140.1943,35.1714],[140.1956,35.1713],[140.1966,35.1717],[140.1976,35.1714],[140.1991,35.1703],[140.2002,35.1701],[140.202,35.1703],[140.2026,35.1697],[140.203,35.1684],[140.2042,35.1675],[140.2046,35.1662],[140.2052,35.1659],[140.205,35.165],[140.2051,35.1642],[140.2061,35.164],[140.2066,35.1633],[140.2061,35.1627],[140.2077,35.1618],[140.208,35.1602],[140.2068,35.1596],[140.2074,35.158],[140.2071,35.157],[140.2075,35.1561],[140.2077,35.1545],[140.2084,35.154],[140.21,35.1545],[140.2117,35.154],[140.2115,35.1529],[140.2121,35.1516],[140.2132,35.1504],[140.2124,35.1491],[140.2124,35.1479],[140.2128,35.1466],[140.2145,35.145],[140.2153,35.1445],[140.2151,35.1436],[140.2164,35.1413],[140.2156,35.1395],[140.2142,35.1388],[140.214,35.1381],[140.2134,35.1379],[140.2122,35.1363],[140.2113,35.1361],[140.2105,35.1352],[140.2109,35.1343],[140.2118,35.1345],[140.2127,35.1352],[140.2136,35.1352],[140.2143,35.1345],[140.216,35.134],[140.2165,35.133],[140.2152,35.1329],[140.215,35.1319],[140.2157,35.1307],[140.2153,35.1294],[140.214,35.1291],[140.2129,35.1272],[140.2117,35.1261],[140.2123,35.1253],[140.2119,35.1246],[140.2119,35.1227],[140.2125,35.1219],[140.2136,35.1212],[140.2134,35.1203],[140.2119,35.1181],[140.2109,35.1173],[140.2116,35.1162],[140.2118,35.1145],[140.2137,35.1144],[140.2162,35.1152],[140.2177,35.1155],[140.2201,35.1166],[140.222,35.1165],[140.2242,35.1161],[140.2244,35.1158],[140.2261,35.1154],[140.2276,35.116],[140.2318,35.1151],[140.2325,35.1151],[140.2345,35.1166],[140.2363,35.1167],[140.2377,35.1183],[140.2358,35.1191],[140.2343,35.1203],[140.2343,35.1218],[140.2367,35.122],[140.2366,35.1226],[140.2377,35.1229],[140.2389,35.1236],[140.2392,35.1245],[140.2401,35.1252],[140.2419,35.1256],[140.2428,35.1251],[140.2442,35.1252],[140.245,35.1249],[140.246,35.1264],[140.246,35.1269],[140.2471,35.128],[140.2487,35.1283],[140.2493,35.1287],[140.2492,35.1294],[140.2475,35.13],[140.2476,35.1331],[140.248,35.1341],[140.2494,35.1351],[140.2506,35.1353],[140.2521,35.1352],[140.2526,35.1339],[140.2532,35.1339],[140.2546,35.135],[140.2569,35.1345],[140.2575,35.1352],[140.2562,35.1362],[140.2571,35.1369],[140.2572,35.1376],[140.2579,35.1379],[140.2604,35.1383],[140.2615,35.138],[140.2629,35.1371],[140.2636,35.1358],[140.2621,35.135],[140.2623,35.1338],[140.264,35.1348],[140.2642,35.1342],[140.2658,35.1344],[140.2667,35.136],[140.2677,35.1359],[140.2685,35.1346],[140.269,35.1355],[140.2685,35.1366],[140.2688,35.1371],[140.27,35.137],[140.2709,35.1377],[140.2727,35.1377],[140.2742,35.1373],[140.2761,35.1357],[140.2768,35.1343],[140.2758,35.1332],[140.275,35.1331],[140.2739,35.1322],[140.274,35.1313],[140.2754,35.1307],[140.2771,35.1316],[140.2782,35.1315],[140.2806,35.1338],[140.2818,35.1331],[140.2839,35.1335],[140.2843,35.135],[140.2849,35.135],[140.2859,35.1342],[140.2864,35.1344],[140.2871,35.1357],[140.2867,35.1368],[140.2877,35.1375],[140.2892,35.137],[140.2901,35.1365],[140.293,35.1383],[140.2905,35.1383],[140.2902,35.1394],[140.2897,35.1397],[140.2903,35.1407],[140.2914,35.1407],[140.2914,35.1415],[140.2907,35.1415],[140.29,35.1429],[140.2906,35.1444],[140.2906,35.1451],[140.2932,35.1464],[140.2938,35.146],[140.2951,35.1456],[140.295,35.1464],[140.2956,35.1475],[140.2961,35.1479],[140.2959,35.1489],[140.2972,35.1505],[140.2991,35.1511],[140.3013,35.1513],[140.3023,35.151],[140.3029,35.1502],[140.3034,35.1508],[140.3044,35.1512],[140.3056,35.1509],[140.3081,35.1499],[140.3099,35.1489],[140.3099,35.1483],[140.3113,35.1481],[140.3125,35.1472],[140.3127,35.144],[140.3134,35.1436],[140.3124,35.1423],[140.3126,35.1415],[140.312,35.1411],[140.3114,35.1401],[140.3123,35.1399],[140.3125,35.1386],[140.3111,35.1379],[140.3109,35.1362],[140.3104,35.136],[140.3105,35.1351],[140.3111,35.1345],[140.3128,35.1368],[140.3139,35.1371],[140.3144,35.1382],[140.3155,35.1387],[140.3172,35.1383],[140.3178,35.1377],[140.3194,35.1375],[140.3197,35.1381],[140.3215,35.1391],[140.3221,35.1398],[140.3229,35.1392],[140.3233,35.1399],[140.3252,35.1397],[140.3258,35.1389],[140.3266,35.1396],[140.326,35.1401],[140.3266,35.1409],[140.3255,35.1414],[140.3261,35.1419],[140.3268,35.1417],[140.3269,35.1427],[140.326,35.1429],[140.3265,35.145],[140.3262,35.1454],[140.3264,35.1473],[140.3268,35.1478],[140.3265,35.1494],[140.3271,35.1499],[140.3274,35.1512],[140.3294,35.1519],[140.3303,35.1532],[140.3288,35.1536],[140.3305,35.1548],[140.3323,35.1568],[140.3328,35.1576],[140.3323,35.1589],[140.332,35.1617],[140.3329,35.1634],[140.3328,35.1638],[140.3351,35.1668],[140.337,35.1679],[140.3392,35.1699],[140.3405,35.1706],[140.3424,35.1711],[140.3446,35.1727],[140.3459,35.175],[140.3468,35.1761],[140.3446,35.176],[140.3432,35.1756],[140.3414,35.1762],[140.3392,35.1755],[140.339,35.1762],[140.3381,35.1762],[140.3374,35.177],[140.3358,35.177],[140.3352,35.1776],[140.334,35.177],[140.3332,35.1769],[140.3321,35.1775],[140.3318,35.1768],[140.3309,35.1762],[140.3307,35.1755],[140.3291,35.1754],[140.327,35.1746],[140.324,35.1743],[140.3212,35.1734],[140.3218,35.1742],[140.3232,35.1743],[140.3229,35.1748],[140.3204,35.1756],[140.3194,35.1753],[140.3189,35.1741],[140.317,35.1742],[140.317,35.1754],[140.3165,35.1763],[140.3158,35.1767],[140.3154,35.1782],[140.3147,35.1791],[140.3149,35.1798],[140.3138,35.1806],[140.3133,35.1829],[140.315,35.1843],[140.3145,35.1852],[140.3132,35.1861],[140.3135,35.1867],[140.3123,35.188],[140.311,35.1888],[140.3103,35.1896],[140.3085,35.1906],[140.3078,35.1898],[140.3054,35.1902],[140.3047,35.1914],[140.3055,35.1927],[140.3039,35.1939],[140.3041,35.1955],[140.3035,35.1963],[140.3041,35.1977],[140.3043,35.2003],[140.306,35.2008],[140.3071,35.2003],[140.3076,35.2005],[140.3098,35.1999],[140.3098,35.2009],[140.3083,35.2019],[140.3084,35.2029],[140.3078,35.2037],[140.3082,35.2044],[140.3082,35.2066],[140.3083,35.2081],[140.3087,35.2095],[140.3102,35.2095],[140.3109,35.2102],[140.3114,35.2116],[140.3127,35.2113],[140.3138,35.2121],[140.3146,35.212],[140.316,35.2121],[140.3163,35.2128],[140.316,35.2133],[140.3162,35.2148],[140.317,35.2149],[140.3179,35.2146]],[[140.2567,35.2212],[140.2569,35.2212],[140.2573,35.2206],[140.2566,35.2208],[140.2567,35.2212]],[[140.2616,35.2211],[140.2622,35.2209],[140.2618,35.2205],[140.2613,35.2208],[140.2616,35.2211]]],[[[140.3204,35.1372],[140.3191,35.1368],[140.3198,35.1364],[140.3204,35.1372]]],[[[140.3222,35.1382],[140.3216,35.1381],[140.3216,35.1375],[140.3223,35.138],[140.3222,35.1382]]],[[[140.2786,35.1282],[140.2783,35.1281],[140.2786,35.1278],[140.2788,35.128],[140.2786,35.1282]]],[[[140.2536,35.1273],[140.2536,35.1275],[140.2534,35.1277],[140.2533,35.1275],[140.2536,35.1273]]],[[[140.3089,35.137],[140.3091,35.1371],[140.3089,35.1374],[140.3087,35.1372],[140.3089,35.137]]],[[[140.2398,35.1183],[140.24,35.118],[140.2402,35.1182],[140.2398,35.1183]]],[[[140.2868,35.1333],[140.287,35.1335],[140.2866,35.1336],[140.2866,35.1334],[140.2868,35.1333]]],[[[140.3474,35.1755],[140.3473,35.1756],[140.3471,35.1755],[140.3472,35.1753],[140.3474,35.1755]]],[[[140.2915,35.1368],[140.2914,35.1367],[140.2915,35.1366],[140.2917,35.1365],[140.2917,35.1367],[140.2915,35.1368]]],[[[140.3188,35.1358],[140.3187,35.1361],[140.3185,35.136],[140.3186,35.1358],[140.3188,35.1358]]],[[[140.2516,35.1281],[140.2505,35.1284],[140.2505,35.1283],[140.2516,35.1281]]],[[[140.2898,35.1356],[140.2896,35.1355],[140.2898,35.1353],[140.2899,35.1355],[140.2898,35.1356]]],[[[140.2394,35.1179],[140.2395,35.1181],[140.2392,35.1182],[140.2392,35.118],[140.2394,35.1179]]],[[[140.2589,35.1364],[140.2586,35.1364],[140.2587,35.1362],[140.2589,35.1364]]],[[[140.2817,35.1329],[140.2816,35.1328],[140.2817,35.1326],[140.2819,35.1327],[140.2817,35.1329]]],[[[140.2911,35.1363],[140.2911,35.1364],[140.2909,35.1364],[140.2909,35.1363],[140.2911,35.1363]]],[[[140.2814,35.1322],[140.2815,35.1323],[140.2813,35.1324],[140.2812,35.1323],[140.2814,35.1322]]],[[[140.2211,35.1157],[140.221,35.1158],[140.2207,35.1155],[140.2208,35.1154],[140.2211,35.1157]]],[[[140.3088,35.1382],[140.309,35.1384],[140.3088,35.1385],[140.3088,35.1382]]],[[[140.3279,35.1452],[140.328,35.1453],[140.3278,35.1454],[140.3277,35.1454],[140.3279,35.1452]]],[[[140.2834,35.1329],[140.2834,35.1331],[140.2832,35.133],[140.2834,35.1329]]],[[[140.3073,35.1474],[140.3073,35.1475],[140.3071,35.1474],[140.3073,35.1474]]],[[[140.2753,35.1301],[140.2753,35.1303],[140.2752,35.1303],[140.2752,35.1301],[140.2753,35.1301]]],[[[140.3461,35.1747],[140.3462,35.1748],[140.3461,35.1749],[140.346,35.1748],[140.3461,35.1747]]],[[[140.2595,35.1362],[140.2596,35.1363],[140.2595,35.1363],[140.2594,35.1362],[140.2595,35.1362]]],[[[140.2835,35.1327],[140.2835,35.1328],[140.2834,35.1327],[140.2834,35.1326],[140.2835,35.1327]]],[[[140.2593,35.1364],[140.2594,35.1365],[140.2593,35.1365],[140.2593,35.1364]]]]}},{"type":"Feature","properties":{"name":"市原市","自治体":"市原市","区分":"自治体独自の規制は確認されず(国の規制のみ)","規制概要":"公式ページでドローンに関する記載は確認されず(2026-08-17時点)。自治体独自の規制は確認されていないため、国の規制(航空法・小型無人機等飛行禁止法・空域)が適用される。公園条例の一般規定(危険・迷惑・管理支障行為の禁止)により管理者判断で個別に制限される場合はある。","公式HP":"https://www.city.ichihara.chiba.jp/","確認日":"2026-08-17","_pref":"千葉県","_cat":"unknown","_color":"#455a64","_opacity":0.9,"_weight":1.5,"_fillColor":"#78909c","_fillOpacity":0.18,"出典1":"千葉県警察 小型無人機(ドローン)等の飛行に関するルール(航空法・小型無人機等飛行禁止法)","出典1_URL":"https://www.police.pref.chiba.jp/keibika/safeLife_drone_rules.html","出典2":"千葉県 県管理海岸(港湾・漁港区域を除く)・河川におけるドローンの利用や撮影について","出典2_URL":"https://www.pref.chiba.lg.jp/kakan/kaigan/drone.html"},"geometry":{"type":"MultiPolygon","coordinates":[[[[140.1155,35.5506],[140.1156,35.5504],[140.1137,35.5481],[140.1128,35.5486],[140.1123,35.5499],[140.1065,35.552],[140.1067,35.5523],[140.1037,35.5533],[140.1035,35.5531],[140.098,35.555],[140.0923,35.5545],[140.0883,35.552],[140.0891,35.5509],[140.0858,35.5489],[140.087,35.5482],[140.0871,35.5471],[140.0881,35.5459],[140.0898,35.547],[140.0897,35.5473],[140.0916,35.5484],[140.0943,35.5455],[140.0901,35.5429],[140.0919,35.5415],[140.0945,35.5403],[140.096,35.5402],[140.0982,35.5415],[140.1011,35.5385],[140.0961,35.5354],[140.0919,35.5373],[140.0909,35.5381],[140.0882,35.5393],[140.087,35.5401],[140.0835,35.5428],[140.083,35.543],[140.0751,35.5491],[140.0739,35.55],[140.0723,35.5501],[140.0684,35.5469],[140.0645,35.5428],[140.0618,35.5428],[140.0613,35.5437],[140.0539,35.5351],[140.0586,35.5324],[140.0592,35.5308],[140.0607,35.5301],[140.0577,35.5266],[140.0501,35.5309],[140.0382,35.517],[140.0377,35.5163],[140.0459,35.5117],[140.0459,35.5114],[140.0425,35.5073],[140.0422,35.5073],[140.0389,35.5092],[140.0386,35.5092],[140.034,35.5119],[140.0339,35.5118],[140.0252,35.5017],[140.0253,35.5015],[140.0362,35.4953],[140.0332,35.4917],[140.033,35.4917],[140.0279,35.4946],[140.0299,35.4969],[140.0296,35.4971],[140.0277,35.4947],[140.0266,35.4953],[140.0259,35.4945],[140.0219,35.4968],[140.016,35.4898],[140.016,35.4895],[140.0201,35.4872],[140.0199,35.4868],[140.0164,35.4888],[140.0154,35.4891],[140.0121,35.4852],[140.0132,35.4846],[140.0124,35.4837],[140.0179,35.4805],[140.0164,35.4788],[140.0173,35.4774],[140.0181,35.4769],[140.0198,35.4743],[140.0184,35.4726],[140.0206,35.4698],[140.0236,35.4681],[140.0227,35.4676],[140.0246,35.4664],[140.0244,35.4652],[140.0254,35.4637],[140.0268,35.4632],[140.0285,35.4598],[140.0296,35.4582],[140.0302,35.457],[140.0303,35.4551],[140.0308,35.4545],[140.0324,35.4536],[140.0347,35.4516],[140.0352,35.4504],[140.0368,35.4493],[140.0382,35.4479],[140.0398,35.4455],[140.0403,35.4444],[140.0408,35.4427],[140.0417,35.4408],[140.0412,35.4397],[140.0415,35.4392],[140.043,35.4377],[140.0432,35.4369],[140.0429,35.4359],[140.0407,35.4351],[140.0402,35.4344],[140.04,35.4333],[140.041,35.4295],[140.0384,35.4269],[140.0346,35.4254],[140.0331,35.4247],[140.0326,35.4236],[140.0438,35.4236],[140.0452,35.4239],[140.0472,35.4247],[140.0499,35.4251],[140.0513,35.4259],[140.0534,35.4258],[140.0553,35.4262],[140.0597,35.4257],[140.061,35.426],[140.0663,35.4275],[140.0689,35.4283],[140.0744,35.4294],[140.0769,35.4301],[140.0789,35.4315],[140.0807,35.4323],[140.0817,35.4315],[140.0831,35.4287],[140.084,35.429],[140.0863,35.4283],[140.0877,35.4275],[140.0877,35.4255],[140.0865,35.4245],[140.0881,35.4232],[140.0887,35.4225],[140.089,35.4213],[140.0899,35.421],[140.0894,35.4194],[140.0907,35.4176],[140.0902,35.4167],[140.0889,35.4169],[140.0891,35.4142],[140.0895,35.4136],[140.0895,35.4122],[140.0906,35.4113],[140.0908,35.4102],[140.0918,35.4085],[140.0919,35.408],[140.0928,35.4067],[140.0916,35.4048],[140.0919,35.4037],[140.0914,35.4024],[140.0896,35.4015],[140.089,35.4007],[140.09,35.3995],[140.0885,35.3987],[140.0875,35.3978],[140.0911,35.3961],[140.0925,35.3958],[140.0925,35.3938],[140.0921,35.3926],[140.0923,35.3919],[140.0921,35.3905],[140.0924,35.39],[140.0921,35.3881],[140.0933,35.3879],[140.0926,35.3867],[140.092,35.3842],[140.0905,35.3835],[140.0899,35.3826],[140.0899,35.3809],[140.092,35.3792],[140.0934,35.3787],[140.0947,35.3776],[140.097,35.3767],[140.098,35.3759],[140.0994,35.3751],[140.1001,35.3751],[140.1025,35.3755],[140.1043,35.3762],[140.1035,35.3772],[140.1035,35.3778],[140.1045,35.3779],[140.1056,35.3793],[140.1038,35.3807],[140.1044,35.3813],[140.1042,35.3824],[140.1033,35.3838],[140.1023,35.3845],[140.1022,35.3852],[140.1044,35.3842],[140.1056,35.3844],[140.1062,35.3837],[140.1063,35.3828],[140.1072,35.3813],[140.1081,35.3804],[140.1093,35.3795],[140.1104,35.3774],[140.1102,35.3763],[140.1104,35.3757],[140.1096,35.3753],[140.1108,35.3736],[140.1117,35.3733],[140.1118,35.3725],[140.1134,35.3707],[140.1147,35.3706],[140.117,35.3667],[140.1178,35.3665],[140.1184,35.3653],[140.1197,35.3651],[140.1207,35.364],[140.1197,35.3637],[140.1193,35.3629],[140.1183,35.3624],[140.1183,35.3613],[140.1191,35.3604],[140.1208,35.3594],[140.1215,35.3595],[140.1228,35.3588],[140.123,35.3582],[140.1226,35.3565],[140.1221,35.3556],[140.1228,35.3536],[140.1233,35.3531],[140.1238,35.3516],[140.1251,35.3502],[140.1258,35.3499],[140.1267,35.3489],[140.1286,35.3476],[140.1295,35.3473],[140.1297,35.3466],[140.1295,35.3455],[140.1288,35.3445],[140.1287,35.3433],[140.1272,35.3422],[140.1263,35.342],[140.1259,35.3406],[140.125,35.3391],[140.1242,35.3387],[140.1228,35.3389],[140.122,35.3377],[140.1214,35.3372],[140.1216,35.3355],[140.1206,35.3347],[140.1205,35.334],[140.1214,35.3338],[140.1211,35.3331],[140.1202,35.3327],[140.1196,35.3314],[140.1183,35.3305],[140.1169,35.3289],[140.1156,35.3286],[140.1145,35.3287],[140.1134,35.3292],[140.1117,35.3273],[140.1113,35.3271],[140.1114,35.3256],[140.1111,35.3245],[140.11,35.3249],[140.1084,35.3245],[140.1089,35.3216],[140.1098,35.3206],[140.1097,35.3198],[140.1091,35.3192],[140.1079,35.319],[140.106,35.3199],[140.1043,35.3199],[140.1027,35.3206],[140.1015,35.3206],[140.1013,35.318],[140.1016,35.3173],[140.1042,35.3173],[140.1053,35.3163],[140.1049,35.3145],[140.1054,35.3138],[140.1068,35.3134],[140.1079,35.3126],[140.1088,35.313],[140.1092,35.3138],[140.1099,35.3142],[140.1117,35.3142],[140.113,35.3138],[140.1143,35.3141],[140.1182,35.3162],[140.1188,35.3148],[140.121,35.3139],[140.1221,35.3138],[140.1223,35.3114],[140.1226,35.3103],[140.1223,35.3098],[140.1222,35.3074],[140.1206,35.3056],[140.119,35.3055],[140.1174,35.3052],[140.117,35.3043],[140.1172,35.3032],[140.1166,35.3023],[140.1171,35.3015],[140.1165,35.3002],[140.116,35.2986],[140.1155,35.2978],[140.1162,35.2969],[140.1161,35.2962],[140.1149,35.2941],[140.1152,35.2934],[140.1153,35.2919],[140.1163,35.2911],[140.1164,35.2902],[140.1152,35.2901],[140.1144,35.2896],[140.1147,35.2883],[140.1154,35.2882],[140.1173,35.2867],[140.1175,35.2858],[140.1183,35.2852],[140.1193,35.2836],[140.1202,35.2829],[140.1202,35.2823],[140.1196,35.2814],[140.1195,35.2805],[140.1189,35.2793],[140.119,35.2779],[140.1183,35.2758],[140.1187,35.2747],[140.1184,35.2735],[140.1173,35.2728],[140.1179,35.2719],[140.1191,35.269],[140.1189,35.268],[140.1193,35.267],[140.1201,35.2663],[140.1184,35.2632],[140.1187,35.2615],[140.1196,35.2607],[140.1204,35.2584],[140.1202,35.2574],[140.1206,35.2554],[140.121,35.2554],[140.1228,35.2536],[140.1229,35.2522],[140.1232,35.2514],[140.1227,35.2493],[140.1222,35.2478],[140.1224,35.2475],[140.1244,35.2469],[140.1239,35.2462],[140.1241,35.2455],[140.125,35.2446],[140.1252,35.2439],[140.1265,35.2441],[140.1271,35.2445],[140.128,35.2443],[140.1293,35.2434],[140.1302,35.2434],[140.1308,35.2425],[140.1314,35.2412],[140.1326,35.2405],[140.1327,35.2392],[140.132,35.2385],[140.1322,35.238],[140.1335,35.237],[140.1352,35.2367],[140.1356,35.2373],[140.1365,35.2375],[140.1371,35.2368],[140.1373,35.2347],[140.1378,35.2339],[140.1388,35.2336],[140.14,35.2314],[140.1412,35.2312],[140.1415,35.232],[140.1426,35.2336],[140.1429,35.2362],[140.1436,35.2358],[140.1442,35.236],[140.1448,35.2349],[140.1459,35.2351],[140.1458,35.2359],[140.146,35.2375],[140.1472,35.2384],[140.1474,35.2393],[140.1487,35.2401],[140.149,35.2412],[140.1507,35.2442],[140.1508,35.2453],[140.1522,35.2466],[140.1513,35.2481],[140.1514,35.2491],[140.1524,35.25],[140.1541,35.2501],[140.1547,35.249],[140.1559,35.2484],[140.1564,35.2487],[140.1562,35.2496],[140.1555,35.2501],[140.1541,35.2521],[140.1544,35.2526],[140.1555,35.2521],[140.1573,35.2506],[140.1581,35.2505],[140.1591,35.2513],[140.1581,35.2523],[140.1574,35.2522],[140.1574,35.2533],[140.1596,35.2537],[140.1607,35.2545],[140.1627,35.2552],[140.1632,35.2546],[140.1665,35.2546],[140.1665,35.2554],[140.1669,35.2559],[140.1678,35.2551],[140.1696,35.255],[140.1712,35.2553],[140.1716,35.2542],[140.1726,35.2535],[140.1728,35.2524],[140.1738,35.2522],[140.1746,35.2514],[140.1756,35.2529],[140.1748,35.254],[140.1749,35.2549],[140.1746,35.2558],[140.174,35.2563],[140.1748,35.2579],[140.1745,35.2585],[140.1758,35.2595],[140.1756,35.2609],[140.1763,35.2615],[140.1761,35.2622],[140.1766,35.2628],[140.1762,35.2638],[140.1749,35.2649],[140.1754,35.2664],[140.176,35.267],[140.1764,35.2687],[140.1775,35.2691],[140.1778,35.2697],[140.1777,35.2722],[140.1781,35.2735],[140.1779,35.2746],[140.1789,35.2752],[140.1795,35.276],[140.1812,35.2761],[140.1823,35.2756],[140.1833,35.2746],[140.1841,35.275],[140.1845,35.2766],[140.1842,35.2773],[140.1851,35.2779],[140.1859,35.2778],[140.187,35.2773],[140.1874,35.2778],[140.1882,35.2778],[140.1893,35.277],[140.1909,35.2779],[140.1908,35.2788],[140.1915,35.2798],[140.1931,35.2805],[140.1932,35.2812],[140.1941,35.2824],[140.1952,35.2828],[140.1966,35.2838],[140.1969,35.2845],[140.1987,35.2854],[140.1997,35.2855],[140.2007,35.286],[140.2028,35.2877],[140.2035,35.2896],[140.2034,35.2916],[140.2042,35.2938],[140.2037,35.2947],[140.2031,35.295],[140.2008,35.2953],[140.2002,35.2958],[140.1998,35.2973],[140.1988,35.299],[140.1996,35.3006],[140.1988,35.3035],[140.1987,35.3056],[140.1991,35.3057],[140.1991,35.3081],[140.1997,35.3077],[140.2007,35.3064],[140.203,35.3056],[140.2042,35.3059],[140.2048,35.3054],[140.2068,35.3057],[140.2073,35.3047],[140.2104,35.3026],[140.2125,35.3018],[140.2129,35.301],[140.214,35.3023],[140.2146,35.3038],[140.2155,35.3038],[140.2158,35.303],[140.2174,35.3006],[140.218,35.3009],[140.219,35.3022],[140.2192,35.3037],[140.22,35.3039],[140.2216,35.305],[140.223,35.3051],[140.223,35.3058],[140.2241,35.3064],[140.2255,35.3068],[140.2266,35.3057],[140.2276,35.3052],[140.2282,35.3041],[140.2293,35.3042],[140.2305,35.3038],[140.231,35.3041],[140.2305,35.3052],[140.231,35.3068],[140.2309,35.3073],[140.2295,35.3095],[140.2274,35.3109],[140.2269,35.3121],[140.2275,35.3134],[140.2269,35.3143],[140.2261,35.3146],[140.2253,35.3167],[140.2246,35.3173],[140.2251,35.3182],[140.2243,35.3188],[140.224,35.3197],[140.2238,35.3219],[140.2224,35.323],[140.2219,35.324],[140.2205,35.3245],[140.2204,35.3263],[140.221,35.3271],[140.2208,35.3281],[140.2201,35.3278],[140.2171,35.3291],[140.2168,35.3298],[140.2146,35.3313],[140.2145,35.3321],[140.2136,35.3324],[140.2125,35.3336],[140.2134,35.3348],[140.2137,35.3357],[140.2129,35.3368],[140.2127,35.3376],[140.2134,35.3389],[140.2138,35.3402],[140.2127,35.3412],[140.2127,35.3442],[140.212,35.3448],[140.2103,35.3455],[140.2091,35.3464],[140.2094,35.3473],[140.209,35.3478],[140.2087,35.3508],[140.2082,35.3538],[140.2078,35.354],[140.2081,35.3554],[140.2079,35.3561],[140.2085,35.3576],[140.2072,35.3582],[140.2058,35.3597],[140.2064,35.3611],[140.2063,35.3619],[140.2075,35.362],[140.2088,35.3627],[140.2093,35.3637],[140.2094,35.3656],[140.2087,35.366],[140.2076,35.3679],[140.2058,35.3663],[140.2038,35.3658],[140.2016,35.3661],[140.2,35.3667],[140.1989,35.3678],[140.1983,35.3687],[140.1979,35.3701],[140.1983,35.3712],[140.1993,35.3727],[140.1985,35.3741],[140.1984,35.3748],[140.1993,35.3753],[140.1999,35.376],[140.1998,35.3778],[140.2017,35.3784],[140.2028,35.3779],[140.2039,35.3783],[140.2058,35.3784],[140.2069,35.3787],[140.207,35.3795],[140.2062,35.3813],[140.2044,35.3827],[140.2044,35.3835],[140.2039,35.3843],[140.2031,35.3846],[140.2026,35.3857],[140.202,35.3859],[140.2013,35.3876],[140.2019,35.3886],[140.201,35.3906],[140.2001,35.3909],[140.1994,35.3908],[140.1982,35.3911],[140.1967,35.391],[140.1953,35.3921],[140.1953,35.3929],[140.1944,35.3933],[140.1937,35.3947],[140.1939,35.3959],[140.1924,35.3969],[140.1919,35.3977],[140.1921,35.3983],[140.1914,35.3991],[140.1906,35.3995],[140.19,35.4016],[140.19,35.4028],[140.1895,35.403],[140.1886,35.4042],[140.1892,35.4047],[140.1895,35.4066],[140.1902,35.4074],[140.1894,35.408],[140.1888,35.4088],[140.1881,35.4089],[140.1872,35.41],[140.1861,35.4102],[140.1854,35.411],[140.1837,35.412],[140.1833,35.4132],[140.1834,35.4139],[140.1829,35.4148],[140.1818,35.4153],[140.1809,35.4154],[140.1811,35.4166],[140.1804,35.4187],[140.181,35.4199],[140.1822,35.4206],[140.1822,35.4213],[140.1812,35.4218],[140.1801,35.4235],[140.1779,35.4244],[140.1779,35.4254],[140.1756,35.4283],[140.1748,35.429],[140.1747,35.4302],[140.1734,35.4304],[140.173,35.4316],[140.1741,35.4329],[140.1753,35.433],[140.1768,35.4325],[140.1781,35.4342],[140.1792,35.4352],[140.1807,35.4348],[140.1817,35.4355],[140.1824,35.4354],[140.1831,35.4362],[140.1831,35.4367],[140.1846,35.4373],[140.184,35.4387],[140.1833,35.4387],[140.1823,35.44],[140.1824,35.4408],[140.1837,35.4411],[140.1835,35.4421],[140.184,35.4423],[140.1866,35.4422],[140.1869,35.4435],[140.1863,35.4442],[140.1865,35.4447],[140.1857,35.4461],[140.1865,35.4479],[140.1863,35.4484],[140.1852,35.4489],[140.1843,35.4488],[140.1816,35.4509],[140.1795,35.4518],[140.1776,35.453],[140.1771,35.4541],[140.1761,35.4549],[140.1737,35.4554],[140.1706,35.4565],[140.1713,35.4576],[140.1741,35.4603],[140.1745,35.4605],[140.1739,35.4656],[140.1741,35.469],[140.1763,35.4683],[140.1794,35.4684],[140.1824,35.469],[140.1832,35.4683],[140.1839,35.4691],[140.1859,35.4683],[140.1866,35.4715],[140.1861,35.4738],[140.1888,35.4727],[140.1898,35.4724],[140.1916,35.4715],[140.1929,35.4706],[140.194,35.4709],[140.1944,35.4698],[140.1961,35.4708],[140.1972,35.471],[140.198,35.4722],[140.1979,35.4739],[140.2008,35.4739],[140.2016,35.4746],[140.2011,35.4771],[140.2015,35.4786],[140.2028,35.479],[140.2033,35.4782],[140.2045,35.4777],[140.2056,35.478],[140.2063,35.4788],[140.2078,35.4801],[140.2064,35.483],[140.2063,35.4847],[140.2095,35.4856],[140.2099,35.4862],[140.2115,35.4867],[140.2132,35.486],[140.2144,35.4857],[140.218,35.4854],[140.22,35.4847],[140.2214,35.4848],[140.224,35.4853],[140.2244,35.485],[140.2264,35.4846],[140.2277,35.4842],[140.2285,35.4831],[140.2297,35.4821],[140.2312,35.4818],[140.2318,35.4815],[140.234,35.4812],[140.2358,35.4804],[140.237,35.4802],[140.2379,35.481],[140.2383,35.4817],[140.24,35.4826],[140.2414,35.4822],[140.2433,35.4814],[140.2445,35.4811],[140.2456,35.4813],[140.2458,35.4818],[140.2474,35.482],[140.2485,35.4818],[140.2475,35.4861],[140.2508,35.4869],[140.2518,35.4879],[140.2521,35.4896],[140.2517,35.4903],[140.2524,35.4907],[140.2512,35.4917],[140.2533,35.4928],[140.2548,35.4931],[140.2552,35.4939],[140.2563,35.4943],[140.255,35.4945],[140.2551,35.4953],[140.2543,35.4963],[140.2547,35.4966],[140.2536,35.4974],[140.2548,35.4983],[140.2539,35.499],[140.2547,35.5005],[140.2543,35.5017],[140.2518,35.5023],[140.2505,35.5019],[140.2487,35.5019],[140.2482,35.5034],[140.2471,35.5041],[140.2459,35.5037],[140.2434,35.5034],[140.2424,35.5038],[140.2429,35.5055],[140.2395,35.5053],[140.2367,35.5049],[140.2326,35.5038],[140.232,35.5041],[140.2313,35.5058],[140.2307,35.506],[140.23,35.5071],[140.2286,35.5079],[140.2304,35.5099],[140.2282,35.5112],[140.2278,35.5125],[140.2286,35.5137],[140.2273,35.5135],[140.2265,35.514],[140.2255,35.5152],[140.2241,35.516],[140.2217,35.518],[140.223,35.5188],[140.2241,35.5191],[140.2242,35.52],[140.2231,35.5207],[140.2211,35.5211],[140.2217,35.5217],[140.2209,35.5221],[140.2206,35.5237],[140.2223,35.5237],[140.2242,35.5248],[140.2253,35.5248],[140.2263,35.5274],[140.2276,35.5279],[140.2297,35.5302],[140.2295,35.5309],[140.2309,35.5327],[140.2321,35.5334],[140.2319,35.5344],[140.2312,35.5365],[140.2296,35.5385],[140.2293,35.5392],[140.2274,35.541],[140.2246,35.5426],[140.2232,35.5431],[140.2199,35.5435],[140.2196,35.5438],[140.2179,35.544],[140.218,35.545],[140.2163,35.5457],[140.2159,35.5453],[140.2148,35.5425],[140.2152,35.5415],[140.2147,35.5398],[140.2137,35.5397],[140.213,35.542],[140.2124,35.5426],[140.2113,35.5426],[140.2107,35.5434],[140.2108,35.5451],[140.2093,35.5455],[140.2082,35.5448],[140.2082,35.5444],[140.2068,35.5436],[140.2062,35.5442],[140.203,35.5423],[140.2019,35.541],[140.2021,35.5401],[140.2013,35.5396],[140.1987,35.5411],[140.1944,35.5433],[140.1921,35.5411],[140.1922,35.54],[140.1929,35.5393],[140.1924,35.5383],[140.1924,35.5373],[140.1912,35.5365],[140.1887,35.5364],[140.188,35.5363],[140.1851,35.5348],[140.183,35.5346],[140.1805,35.5331],[140.1791,35.5327],[140.1763,35.5331],[140.176,35.5334],[140.1747,35.5334],[140.1739,35.5351],[140.1716,35.5362],[140.1688,35.536],[140.167,35.5363],[140.1663,35.537],[140.1653,35.536],[140.1642,35.537],[140.1621,35.538],[140.161,35.537],[140.1609,35.5365],[140.159,35.5355],[140.1582,35.5358],[140.1566,35.5369],[140.1544,35.5389],[140.1529,35.5407],[140.1503,35.5422],[140.1493,35.5431],[140.148,35.5437],[140.1424,35.548],[140.1396,35.5502],[140.138,35.5511],[140.1365,35.5494],[140.1354,35.5489],[140.1375,35.5471],[140.1388,35.5463],[140.1366,35.5436],[140.136,35.5436],[140.1353,35.5425],[140.1341,35.5426],[140.1331,35.5431],[140.1322,35.5441],[140.134,35.5448],[140.1333,35.5455],[140.1313,35.5452],[140.1308,35.5454],[140.1309,35.5463],[140.1301,35.5472],[140.1287,35.546],[140.1277,35.5462],[140.1276,35.5467],[140.1284,35.5476],[140.1269,35.5482],[140.1268,35.5488],[140.1259,35.5487],[140.1238,35.5478],[140.1226,35.5489],[140.1212,35.5506],[140.121,35.5513],[140.1191,35.5515],[140.1185,35.5511],[140.1166,35.5506],[140.1155,35.5506]]],[[[140.0342,35.5123],[140.0341,35.5121],[140.0364,35.5108],[140.0365,35.5109],[140.0342,35.5123]]],[[[140.2596,35.4965],[140.2591,35.496],[140.2594,35.4957],[140.2602,35.4964],[140.2596,35.4965]]],[[[140.075,35.56],[140.0707,35.5576],[140.0708,35.5575],[140.075,35.56]]],[[[140.0418,35.5136],[140.0419,35.5135],[140.0454,35.5115],[140.0455,35.5116],[140.0418,35.5136]]],[[[140.0595,35.5431],[140.0607,35.5446],[140.0606,35.5446],[140.0595,35.5431]]],[[[140.0295,35.5078],[140.0295,35.5076],[140.0298,35.5078],[140.0295,35.5078]]]]}},{"type":"Feature","properties":{"name":"流山市","自治体":"流山市","区分":"市管理公園等で原則禁止(公式確認済)","規制概要":"公園利用のルールとして、公園内でのドローン・ラジコンヘリ等の飛行を禁止。","公式HP":"https://www.city.nagareyama.chiba.jp/","確認日":"2026-08-17","_pref":"千葉県","_cat":"prohibited","_color":"#4a148c","_opacity":0.9,"_weight":1.5,"_fillColor":"#6a1b9a","_fillOpacity":0.55,"出典1":"流山市 公園利用のルールとマナー(みどりの課)","出典1_URL":"https://www.city.nagareyama.chiba.jp/life/1002263/1002342/1022855/1002350.html","出典1_引用":"ドローンやラジコンヘリ等を公園内で飛ばさないでください。"},"geometry":{"type":"Polygon","coordinates":[[[139.9415,35.8349],[139.9443,35.8348],[139.944,35.8366],[139.9444,35.837],[139.9453,35.8369],[139.946,35.8364],[139.9471,35.8362],[139.9478,35.8368],[139.9491,35.8364],[139.9489,35.8358],[139.9508,35.8352],[139.9505,35.8344],[139.9523,35.8345],[139.9532,35.8339],[139.9553,35.8339],[139.9563,35.8341],[139.9575,35.8351],[139.9564,35.8361],[139.9558,35.8371],[139.9548,35.8371],[139.9544,35.8388],[139.9522,35.8415],[139.9519,35.8424],[139.9525,35.8463],[139.9526,35.8513],[139.9521,35.8516],[139.9505,35.8517],[139.9472,35.8546],[139.9478,35.8554],[139.9468,35.856],[139.9461,35.8557],[139.946,35.8549],[139.9446,35.8539],[139.9443,35.853],[139.9435,35.8522],[139.9429,35.8525],[139.9414,35.8517],[139.9409,35.8518],[139.9408,35.853],[139.9395,35.8527],[139.9379,35.8518],[139.9373,35.8509],[139.9355,35.8505],[139.9345,35.8511],[139.9341,35.8531],[139.9343,35.8535],[139.9363,35.8545],[139.9371,35.8553],[139.9382,35.8547],[139.9388,35.8557],[139.938,35.856],[139.9383,35.8568],[139.9404,35.8565],[139.9425,35.8581],[139.9441,35.8573],[139.9479,35.8579],[139.9483,35.8587],[139.9482,35.8594],[139.9448,35.8631],[139.9435,35.8629],[139.9428,35.8644],[139.9415,35.8643],[139.9362,35.8653],[139.9315,35.8649],[139.9304,35.8647],[139.9292,35.8638],[139.929,35.8625],[139.9294,35.861],[139.9288,35.8607],[139.9278,35.8615],[139.9263,35.8623],[139.9252,35.8641],[139.9266,35.8644],[139.9275,35.8678],[139.9312,35.8686],[139.9332,35.8699],[139.9334,35.8681],[139.9355,35.8679],[139.936,35.8685],[139.9377,35.8684],[139.9393,35.8697],[139.9398,35.8696],[139.9407,35.8688],[139.9417,35.8691],[139.9416,35.8705],[139.9422,35.8709],[139.9439,35.8712],[139.9442,35.872],[139.9452,35.8732],[139.946,35.8736],[139.9479,35.8732],[139.9503,35.8732],[139.9468,35.8741],[139.9447,35.8735],[139.9436,35.8721],[139.942,35.8716],[139.9412,35.8719],[139.9418,35.8726],[139.9413,35.8745],[139.9408,35.8753],[139.9401,35.8757],[139.9403,35.8772],[139.9403,35.8796],[139.9408,35.8819],[139.9408,35.8837],[139.9413,35.8847],[139.9402,35.8851],[139.938,35.8855],[139.9355,35.8857],[139.9335,35.8855],[139.932,35.8866],[139.9319,35.8872],[139.9334,35.8871],[139.9356,35.8873],[139.936,35.888],[139.9346,35.8882],[139.9351,35.8899],[139.9339,35.8901],[139.9343,35.8907],[139.9347,35.8925],[139.9331,35.8953],[139.932,35.8979],[139.9315,35.8983],[139.9302,35.8986],[139.9304,35.8995],[139.9298,35.9008],[139.9235,35.9006],[139.9226,35.9005],[139.9195,35.8995],[139.9193,35.8989],[139.9218,35.8978],[139.9213,35.8966],[139.9236,35.8941],[139.9246,35.8935],[139.9261,35.8918],[139.9274,35.8907],[139.9291,35.89],[139.9289,35.8886],[139.9295,35.8881],[139.9301,35.8867],[139.9287,35.8854],[139.9282,35.8834],[139.9262,35.8834],[139.9245,35.885],[139.923,35.8857],[139.9233,35.8862],[139.9227,35.887],[139.9218,35.8866],[139.9214,35.8871],[139.922,35.8881],[139.9211,35.8884],[139.9208,35.8898],[139.9212,35.8903],[139.9189,35.891],[139.9188,35.8922],[139.9183,35.8934],[139.9164,35.8943],[139.9152,35.8937],[139.9148,35.8941],[139.9145,35.8959],[139.9134,35.8983],[139.914,35.899],[139.9156,35.8991],[139.9158,35.8994],[139.9186,35.8998],[139.9188,35.9022],[139.9193,35.9029],[139.9205,35.906],[139.9205,35.9067],[139.9199,35.9077],[139.9199,35.9102],[139.9205,35.9118],[139.921,35.9138],[139.9211,35.9146],[139.9219,35.9158],[139.9202,35.9169],[139.919,35.9177],[139.9181,35.9186],[139.9172,35.9191],[139.9137,35.9196],[139.9136,35.9186],[139.9118,35.9181],[139.9124,35.9151],[139.9109,35.9152],[139.908,35.9161],[139.9067,35.916],[139.9065,35.9171],[139.905,35.917],[139.9032,35.9179],[139.902,35.9181],[139.9012,35.917],[139.901,35.915],[139.9007,35.9148],[139.8956,35.9151],[139.8942,35.9154],[139.8927,35.9152],[139.8914,35.9154],[139.8897,35.9153],[139.8873,35.9148],[139.8854,35.9142],[139.8823,35.9139],[139.8785,35.9131],[139.8772,35.9132],[139.8748,35.9129],[139.8765,35.911],[139.8787,35.9076],[139.8802,35.9046],[139.8831,35.9019],[139.8853,35.8992],[139.887,35.897],[139.8887,35.8945],[139.8899,35.8926],[139.8915,35.8891],[139.8931,35.8854],[139.8938,35.8805],[139.8945,35.8775],[139.8949,35.8766],[139.897,35.8728],[139.8977,35.871],[139.8983,35.869],[139.8992,35.8669],[139.8998,35.8658],[139.9003,35.8642],[139.9002,35.8631],[139.8996,35.8618],[139.898,35.8594],[139.8973,35.8571],[139.8961,35.8529],[139.8955,35.8519],[139.8932,35.8497],[139.8923,35.8482],[139.89,35.844],[139.8895,35.8411],[139.8899,35.8376],[139.8898,35.8364],[139.8886,35.8329],[139.8885,35.8302],[139.8945,35.8301],[139.8948,35.8293],[139.8947,35.8281],[139.8964,35.828],[139.8964,35.8277],[139.9003,35.8275],[139.9006,35.8284],[139.8999,35.8289],[139.8986,35.8293],[139.8987,35.83],[139.8975,35.8301],[139.8975,35.8311],[139.8994,35.8311],[139.9014,35.8307],[139.902,35.8328],[139.9032,35.8326],[139.9035,35.8336],[139.906,35.8332],[139.9058,35.8339],[139.9066,35.8366],[139.9128,35.8367],[139.915,35.8377],[139.9172,35.8398],[139.9182,35.8416],[139.9182,35.8434],[139.9177,35.8445],[139.9177,35.8452],[139.9186,35.8464],[139.9211,35.8482],[139.9226,35.849],[139.9249,35.8494],[139.9283,35.8498],[139.9292,35.8492],[139.9298,35.8483],[139.9306,35.846],[139.9343,35.8411],[139.9359,35.8396],[139.9366,35.8364],[139.9374,35.8347],[139.9382,35.8338],[139.9393,35.8346],[139.9415,35.8349]]]}},{"type":"Feature","properties":{"name":"八千代市","自治体":"八千代市","区分":"許可・届出制/施設ごとに要相談","規制概要":"市内の公園等でドローン等の使用自粛を要請。イベント等で使用する際は公園緑地課へ要相談。","公式HP":"https://www.city.yachiyo.lg.jp/","確認日":"2026-08-17","_pref":"千葉県","_cat":"restricted","_color":"#006064","_opacity":0.9,"_weight":1.5,"_fillColor":"#00838f","_fillOpacity":0.4,"出典1":"八千代市 公園におけるドローンを含めた無人機等に関するお願い(公園緑地課)","出典1_URL":"https://www.city.yachiyo.lg.jp/soshiki/46/4063.html","出典1_引用":"ドローンを含めた無人機等は、落下による公園利用者への危険性があることおよび公園施設を破損する恐れがあることから、使用について控えてくださるようお願いします。"},"geometry":{"type":"Polygon","coordinates":[[[140.1368,35.6975],[140.1387,35.6991],[140.1374,35.6988],[140.1372,35.6998],[140.1381,35.6996],[140.1396,35.7029],[140.138,35.7032],[140.1375,35.7036],[140.136,35.7059],[140.1358,35.7071],[140.1343,35.7083],[140.1313,35.7114],[140.1318,35.7123],[140.1326,35.7145],[140.1332,35.7147],[140.1326,35.7159],[140.1274,35.7154],[140.1263,35.7165],[140.1276,35.7175],[140.1296,35.7182],[140.1315,35.7186],[140.1316,35.7193],[140.1324,35.7195],[140.134,35.7189],[140.1351,35.7197],[140.1365,35.7201],[140.1376,35.721],[140.1396,35.7217],[140.1402,35.7223],[140.1422,35.7253],[140.142,35.7263],[140.1413,35.7282],[140.1403,35.7294],[140.1399,35.7307],[140.1401,35.7326],[140.1387,35.7358],[140.1385,35.7366],[140.1387,35.7379],[140.1391,35.7384],[140.139,35.7398],[140.1398,35.7413],[140.1395,35.743],[140.14,35.7436],[140.1403,35.7448],[140.1415,35.7456],[140.1424,35.747],[140.144,35.7478],[140.1456,35.7483],[140.1463,35.749],[140.1473,35.7487],[140.1482,35.7494],[140.1482,35.7501],[140.146,35.7506],[140.1455,35.7503],[140.1428,35.7519],[140.1396,35.7501],[140.1382,35.7511],[140.1377,35.7502],[140.1363,35.7516],[140.1373,35.7526],[140.1384,35.7541],[140.1391,35.7536],[140.1399,35.7542],[140.1411,35.7542],[140.1432,35.755],[140.1456,35.7548],[140.1484,35.7571],[140.1488,35.7572],[140.1519,35.7598],[140.1511,35.7605],[140.1488,35.7633],[140.1479,35.7639],[140.1448,35.7637],[140.1451,35.7642],[140.1465,35.7653],[140.1395,35.7663],[140.1389,35.7666],[140.1363,35.7693],[140.1328,35.7733],[140.1318,35.7738],[140.1286,35.7746],[140.1286,35.775],[140.1194,35.7776],[140.1194,35.7785],[140.1184,35.7789],[140.1179,35.7784],[140.1162,35.779],[140.1163,35.7797],[140.1115,35.781],[140.1091,35.7804],[140.1076,35.7807],[140.1059,35.78],[140.1043,35.7798],[140.1031,35.7801],[140.0969,35.7829],[140.0959,35.7834],[140.0935,35.7837],[140.0902,35.7838],[140.0896,35.784],[140.0882,35.7835],[140.0863,35.7811],[140.0858,35.7799],[140.0857,35.7787],[140.086,35.7773],[140.0879,35.7753],[140.0872,35.7727],[140.0851,35.7714],[140.084,35.7718],[140.0838,35.7706],[140.0853,35.77],[140.0855,35.7693],[140.0842,35.7695],[140.0842,35.7688],[140.0853,35.7673],[140.0859,35.7673],[140.086,35.7658],[140.0849,35.7655],[140.085,35.7646],[140.0865,35.7635],[140.087,35.7628],[140.0894,35.7625],[140.0896,35.7621],[140.0873,35.7619],[140.0845,35.7635],[140.0823,35.7619],[140.0816,35.7611],[140.0778,35.7616],[140.074,35.7618],[140.074,35.7606],[140.0743,35.7597],[140.0761,35.7581],[140.0776,35.7575],[140.0777,35.7567],[140.0789,35.7557],[140.0787,35.7546],[140.0759,35.7537],[140.075,35.7516],[140.0743,35.7515],[140.0743,35.7495],[140.0712,35.7492],[140.066,35.7485],[140.0646,35.746],[140.0644,35.7453],[140.0646,35.7433],[140.0639,35.7424],[140.0644,35.7418],[140.066,35.741],[140.0659,35.7406],[140.0684,35.7402],[140.0684,35.7394],[140.0691,35.739],[140.0688,35.7382],[140.0662,35.7382],[140.0657,35.7375],[140.0659,35.736],[140.0676,35.7348],[140.0676,35.7342],[140.067,35.7321],[140.0657,35.7287],[140.0645,35.7264],[140.0632,35.7219],[140.0629,35.7207],[140.0642,35.7202],[140.0684,35.7183],[140.0717,35.7171],[140.0714,35.7162],[140.07,35.714],[140.0682,35.7127],[140.0643,35.711],[140.0644,35.7094],[140.0683,35.7084],[140.0762,35.7063],[140.0819,35.7049],[140.0819,35.7047],[140.0851,35.7038],[140.0839,35.7024],[140.0829,35.7018],[140.0805,35.7014],[140.0796,35.701],[140.0772,35.701],[140.077,35.6986],[140.0774,35.6968],[140.0783,35.6956],[140.0816,35.6945],[140.0816,35.6949],[140.0839,35.6948],[140.0867,35.6944],[140.0903,35.6938],[140.0934,35.6924],[140.0939,35.6936],[140.0939,35.6942],[140.0954,35.6972],[140.0971,35.6993],[140.098,35.6998],[140.0991,35.7014],[140.1011,35.7028],[140.1019,35.7036],[140.1027,35.7051],[140.1033,35.7065],[140.1045,35.7079],[140.1055,35.7094],[140.1067,35.7098],[140.1077,35.7094],[140.1091,35.7098],[140.1103,35.7121],[140.1112,35.7128],[140.1134,35.7141],[140.1138,35.7136],[140.1152,35.7131],[140.1171,35.7102],[140.1177,35.7092],[140.1182,35.7092],[140.1193,35.7084],[140.1207,35.7081],[140.1224,35.7071],[140.1226,35.7068],[140.1225,35.7016],[140.1234,35.6993],[140.124,35.6989],[140.1293,35.699],[140.134,35.6996],[140.1348,35.6992],[140.1361,35.6979],[140.1368,35.6975]]]}},{"type":"Feature","properties":{"name":"我孫子市","自治体":"我孫子市","区分":"市管理公園等で原則禁止(公式確認済)","規制概要":"公園FAQで、市内公園でのドローン・ラジコン機の飛行を禁止と明文。公共公益性のある調査測量・撮影等は要相談。","公式HP":"https://www.city.abiko.chiba.jp/","確認日":"2026-08-17","_pref":"千葉県","_cat":"prohibited","_color":"#4a148c","_opacity":0.9,"_weight":1.5,"_fillColor":"#6a1b9a","_fillOpacity":0.55,"出典1":"我孫子市 公園のよくある質問(公園緑地課)","出典1_URL":"https://www.city.abiko.chiba.jp/event/shizennonaka/kouenryokuchi/park/kouen_riyou.html","出典1_引用":"落下した場合大変危険であり、人や公園施設に被害を与える恐れがあるため禁止です。"},"geometry":{"type":"MultiPolygon","coordinates":[[[[140.1114,35.8479],[140.1151,35.8475],[140.1172,35.85],[140.118,35.8511],[140.1186,35.8509],[140.1171,35.8485],[140.1171,35.8469],[140.1188,35.8436],[140.1204,35.8432],[140.1227,35.8457],[140.1285,35.8424],[140.1283,35.8421],[140.1321,35.8408],[140.134,35.8411],[140.1363,35.8431],[140.1385,35.8438],[140.1406,35.8437],[140.1414,35.8438],[140.144,35.8445],[140.1465,35.8457],[140.1412,35.8521],[140.1372,35.856],[140.1342,35.8589],[140.1327,35.8608],[140.1304,35.8644],[140.1292,35.8667],[140.1276,35.8704],[140.1267,35.8712],[140.1246,35.8725],[140.1217,35.8737],[140.1172,35.8745],[140.1138,35.8753],[140.1117,35.876],[140.1089,35.8773],[140.1028,35.8807],[140.1009,35.8815],[140.0965,35.883],[140.0928,35.8839],[140.0881,35.884],[140.0875,35.8839],[140.0847,35.8822],[140.0817,35.8808],[140.0793,35.8786],[140.0783,35.8778],[140.0772,35.8774],[140.0743,35.8766],[140.0721,35.8774],[140.0686,35.8795],[140.0666,35.8809],[140.0634,35.8847],[140.0611,35.8881],[140.0603,35.8886],[140.0556,35.8907],[140.0537,35.8911],[140.0475,35.892],[140.0449,35.8928],[140.0426,35.8941],[140.0389,35.8968],[140.0311,35.9006],[140.0276,35.8967],[140.0251,35.8939],[140.0218,35.8902],[140.0209,35.8907],[140.0196,35.8891],[140.0191,35.8896],[140.0181,35.8935],[140.0175,35.8935],[140.0172,35.8946],[140.0163,35.896],[140.0147,35.8942],[140.0153,35.8938],[140.0147,35.8931],[140.0136,35.8935],[140.0129,35.8929],[140.0114,35.8928],[140.0119,35.8921],[140.0119,35.8911],[140.0127,35.8907],[140.0136,35.8912],[140.0143,35.892],[140.0148,35.8917],[140.0157,35.8923],[140.0163,35.8916],[140.0149,35.891],[140.0143,35.8913],[140.0135,35.8909],[140.0132,35.8901],[140.0119,35.8895],[140.0099,35.8872],[140.0102,35.8863],[140.0098,35.8847],[140.0088,35.8845],[140.0083,35.8855],[140.0074,35.8857],[140.0073,35.8862],[140.0056,35.8865],[140.0047,35.8856],[140.0026,35.8855],[140.0017,35.8844],[140.0004,35.8844],[139.9986,35.8837],[139.9982,35.8828],[139.9985,35.8819],[139.9973,35.8813],[139.9959,35.881],[139.9954,35.8819],[139.9947,35.8813],[139.995,35.8804],[139.9957,35.8797],[139.9953,35.879],[139.9941,35.8806],[139.9929,35.8804],[139.992,35.8816],[139.9907,35.8814],[139.9897,35.8807],[139.9887,35.8792],[139.9901,35.8784],[139.9908,35.8786],[139.9919,35.8783],[139.9928,35.8774],[139.9922,35.8768],[139.9931,35.8764],[139.9942,35.8766],[139.9932,35.8751],[139.9925,35.8747],[139.9923,35.8731],[139.9912,35.8728],[139.9909,35.8723],[139.9911,35.8712],[139.9922,35.8706],[139.992,35.87],[139.9935,35.8676],[139.9967,35.8669],[140.0083,35.8618],[140.011,35.8619],[140.0141,35.8617],[140.0166,35.8614],[140.0249,35.861],[140.026,35.8608],[140.027,35.8604],[140.0286,35.8592],[140.0314,35.8567],[140.0328,35.8565],[140.0357,35.8577],[140.0387,35.8592],[140.0412,35.8596],[140.0425,35.8594],[140.0445,35.8586],[140.0459,35.8578],[140.0488,35.8552],[140.05,35.8544],[140.0518,35.8534],[140.0543,35.8522],[140.0572,35.8512],[140.0601,35.8509],[140.0663,35.8538],[140.0651,35.8554],[140.0724,35.8545],[140.0786,35.8538],[140.0887,35.8526],[140.0887,35.853],[140.0997,35.8517],[140.101,35.8515],[140.1028,35.8508],[140.1106,35.848],[140.1114,35.8479]]],[[[139.9954,35.8823],[139.9965,35.8832],[139.9963,35.8839],[139.9953,35.8826],[139.9954,35.8823]]]]}},{"type":"Feature","properties":{"name":"鴨川市","自治体":"鴨川市","区分":"許可・届出制/施設ごとに要相談","規制概要":"公園の撮影は許可制で、その主な禁止事項として公園内での無人航空機(ドローン)を用いた撮影を挙げている。","公式HP":"https://www.city.kamogawa.lg.jp/","確認日":"2026-08-17","_pref":"千葉県","_cat":"restricted","_color":"#006064","_opacity":0.9,"_weight":1.5,"_fillColor":"#00838f","_fillOpacity":0.4,"出典1":"鴨川市 道路や公園を撮影等で使用する場合(都市建設課)","出典1_URL":"https://www.city.kamogawa.lg.jp/soshiki/26/6739.html","出典1_引用":"公園内で、無人航空機（ドローン）を用いた撮影をすること。"},"geometry":{"type":"MultiPolygon","coordinates":[[[[140.1879,35.1702],[140.1874,35.1692],[140.1865,35.1691],[140.1865,35.1699],[140.1858,35.1706],[140.1848,35.1707],[140.1836,35.1698],[140.1826,35.1698],[140.1818,35.1688],[140.1807,35.1689],[140.1797,35.168],[140.1787,35.1676],[140.179,35.1668],[140.178,35.1658],[140.1766,35.167],[140.175,35.1667],[140.1746,35.1656],[140.1739,35.1656],[140.1732,35.1667],[140.1731,35.1676],[140.1723,35.1688],[140.1715,35.1694],[140.1712,35.1702],[140.1699,35.1704],[140.1686,35.1703],[140.1668,35.1693],[140.166,35.1705],[140.164,35.1722],[140.1625,35.1729],[140.1615,35.1743],[140.1621,35.1757],[140.1635,35.1767],[140.162,35.1786],[140.1619,35.1801],[140.1613,35.1812],[140.1605,35.1814],[140.1592,35.1812],[140.1582,35.1819],[140.1572,35.1823],[140.1554,35.1811],[140.1542,35.1813],[140.1534,35.1817],[140.1527,35.1828],[140.1517,35.1831],[140.1514,35.1837],[140.1503,35.1842],[140.1507,35.1851],[140.1505,35.186],[140.1494,35.1864],[140.1481,35.1865],[140.1457,35.1854],[140.1449,35.1865],[140.1449,35.1872],[140.143,35.1889],[140.1423,35.19],[140.1409,35.1905],[140.1401,35.1905],[140.1387,35.191],[140.1377,35.1901],[140.1355,35.1902],[140.1349,35.1908],[140.1338,35.19],[140.1333,35.1902],[140.1296,35.1885],[140.1277,35.1891],[140.1266,35.189],[140.1254,35.1898],[140.1247,35.1899],[140.1233,35.1895],[140.1211,35.1909],[140.12,35.1902],[140.1198,35.189],[140.1191,35.188],[140.1185,35.1877],[140.1183,35.1866],[140.1184,35.185],[140.1173,35.1848],[140.1164,35.1827],[140.1156,35.182],[140.1148,35.1806],[140.1137,35.18],[140.1123,35.1804],[140.1112,35.1801],[140.1101,35.1795],[140.1091,35.1807],[140.1067,35.18],[140.1047,35.1803],[140.1045,35.1811],[140.1035,35.1817],[140.1014,35.1807],[140.1008,35.181],[140.0988,35.1798],[140.099,35.1789],[140.0968,35.1779],[140.0964,35.1762],[140.096,35.1753],[140.0965,35.1741],[140.0956,35.1726],[140.096,35.1721],[140.0959,35.1706],[140.0942,35.1698],[140.0921,35.1693],[140.0909,35.1684],[140.0893,35.1696],[140.0881,35.1698],[140.087,35.1708],[140.0853,35.1711],[140.0842,35.172],[140.0835,35.1716],[140.0803,35.1722],[140.0781,35.1733],[140.0781,35.1741],[140.0758,35.1752],[140.0741,35.1743],[140.0731,35.1745],[140.0716,35.1735],[140.0703,35.174],[140.0696,35.1729],[140.068,35.1716],[140.0681,35.171],[140.0656,35.1699],[140.0651,35.168],[140.0631,35.1675],[140.0622,35.1658],[140.0604,35.1656],[140.0591,35.1661],[140.0563,35.166],[140.0543,35.1654],[140.0542,35.1635],[140.0535,35.1621],[140.0525,35.1619],[140.0519,35.1614],[140.051,35.1616],[140.0503,35.1607],[140.0494,35.1607],[140.0487,35.1603],[140.0467,35.1607],[140.0465,35.1615],[140.0447,35.1617],[140.0442,35.162],[140.043,35.1619],[140.0408,35.1598],[140.0382,35.1593],[140.0379,35.1588],[140.037,35.1591],[140.0347,35.159],[140.0333,35.1594],[140.0329,35.1608],[140.0318,35.1615],[140.0311,35.1627],[140.0311,35.1642],[140.0294,35.1643],[140.0288,35.164],[140.0286,35.1631],[140.0278,35.1625],[140.0261,35.1621],[140.0228,35.1602],[140.0219,35.1598],[140.021,35.1585],[140.0203,35.157],[140.0189,35.156],[140.0186,35.1555],[140.0167,35.1547],[140.0159,35.1548],[140.0153,35.1539],[140.0146,35.1539],[140.013,35.1547],[140.0117,35.1549],[140.0097,35.1555],[140.0088,35.1565],[140.0083,35.1559],[140.006,35.1555],[140.0048,35.154],[140.0037,35.1541],[140.0013,35.1551],[140.0008,35.1559],[139.9984,35.1552],[139.9957,35.1555],[139.9952,35.1553],[139.9942,35.1556],[139.993,35.1555],[139.9917,35.1554],[139.9888,35.1545],[139.9869,35.1545],[139.9855,35.1538],[139.9848,35.1541],[139.9824,35.1539],[139.9815,35.1536],[139.9798,35.1536],[139.9789,35.153],[139.9776,35.1533],[139.9734,35.1524],[139.9725,35.1525],[139.9719,35.1516],[139.9704,35.1522],[139.9693,35.1523],[139.9669,35.1534],[139.9646,35.1534],[139.9642,35.1542],[139.963,35.1548],[139.9605,35.1545],[139.9582,35.1538],[139.9567,35.1537],[139.956,35.1521],[139.9543,35.1522],[139.9537,35.1525],[139.9528,35.1536],[139.9515,35.1538],[139.9491,35.152],[139.9477,35.1523],[139.9461,35.1529],[139.9446,35.152],[139.9438,35.1518],[139.9423,35.1503],[139.9419,35.149],[139.9425,35.1487],[139.9423,35.1478],[139.9392,35.1472],[139.9392,35.1465],[139.938,35.146],[139.9373,35.1464],[139.9359,35.1465],[139.9346,35.1474],[139.933,35.1478],[139.9317,35.1476],[139.9307,35.1466],[139.9313,35.1445],[139.9312,35.1428],[139.9309,35.1421],[139.9318,35.1411],[139.9316,35.1393],[139.9323,35.1387],[139.932,35.1376],[139.9303,35.1354],[139.9305,35.1343],[139.9312,35.1331],[139.9303,35.1326],[139.9308,35.1309],[139.9303,35.1306],[139.9309,35.1294],[139.9309,35.1287],[139.9325,35.1284],[139.9333,35.1273],[139.9334,35.1259],[139.9341,35.1242],[139.9347,35.1239],[139.9355,35.1226],[139.9363,35.1218],[139.9385,35.1217],[139.9397,35.1224],[139.9403,35.1224],[139.9415,35.1228],[139.943,35.1224],[139.9459,35.1232],[139.9479,35.124],[139.9489,35.1239],[139.9495,35.1234],[139.9498,35.1224],[139.9508,35.1205],[139.9516,35.1194],[139.9528,35.1187],[139.955,35.1185],[139.9571,35.1173],[139.9582,35.1157],[139.9583,35.1133],[139.9588,35.1124],[139.9615,35.1124],[139.9633,35.1117],[139.9638,35.1117],[139.9655,35.1126],[139.9674,35.1126],[139.9687,35.1116],[139.9699,35.1124],[139.9707,35.1124],[139.9711,35.1134],[139.9722,35.1124],[139.9719,35.1117],[139.9731,35.11],[139.9749,35.109],[139.9765,35.109],[139.9786,35.1084],[139.9799,35.1073],[139.9824,35.1055],[139.9835,35.1053],[139.9844,35.1056],[139.9846,35.1063],[139.9834,35.1083],[139.9829,35.1106],[139.9831,35.1123],[139.9836,35.1132],[139.9833,35.1147],[139.9834,35.1156],[139.9864,35.1162],[139.9894,35.1157],[139.9904,35.1152],[139.9912,35.1157],[139.9927,35.1153],[139.9944,35.1151],[139.9968,35.1154],[139.9978,35.1148],[139.998,35.1141],[139.9971,35.112],[139.9961,35.1111],[139.9955,35.1101],[139.9947,35.1098],[139.9941,35.1085],[139.9951,35.107],[139.9951,35.1064],[139.9942,35.1058],[139.9948,35.1037],[139.9968,35.1029],[139.9979,35.1027],[139.9997,35.1014],[139.9989,35.1007],[139.9985,35.0994],[139.9988,35.0988],[139.9989,35.0977],[139.9983,35.097],[139.9968,35.0964],[139.9962,35.0954],[139.9961,35.0941],[139.9963,35.0931],[139.9972,35.0936],[140.0002,35.0935],[140.0013,35.0946],[140.0038,35.095],[140.0051,35.0955],[140.0062,35.0956],[140.0068,35.0961],[140.0081,35.0963],[140.0097,35.0954],[140.0122,35.0936],[140.0129,35.0927],[140.0147,35.0922],[140.0167,35.09],[140.0183,35.0898],[140.0189,35.0891],[140.0202,35.0886],[140.0199,35.0878],[140.02,35.0867],[140.0196,35.0861],[140.0194,35.0851],[140.0194,35.0832],[140.0201,35.0821],[140.021,35.082],[140.0221,35.0812],[140.0249,35.0814],[140.0259,35.0788],[140.0257,35.078],[140.0262,35.0771],[140.0273,35.0768],[140.0285,35.0753],[140.0295,35.0737],[140.0296,35.0717],[140.0301,35.0702],[140.0299,35.0697],[140.0301,35.0684],[140.0293,35.068],[140.03,35.0654],[140.0315,35.0634],[140.0329,35.0636],[140.0339,35.0645],[140.0355,35.0634],[140.0359,35.0618],[140.0352,35.0612],[140.0346,35.0599],[140.0331,35.0598],[140.0322,35.0587],[140.0326,35.0572],[140.0324,35.056],[140.0338,35.0554],[140.0366,35.0549],[140.0371,35.0541],[140.0371,35.053],[140.0377,35.052],[140.0391,35.0527],[140.0415,35.0532],[140.043,35.0541],[140.0446,35.0548],[140.0458,35.055],[140.0467,35.0555],[140.0484,35.0557],[140.0502,35.0566],[140.0515,35.0575],[140.0528,35.0579],[140.0539,35.0587],[140.0551,35.0591],[140.0561,35.0585],[140.058,35.0584],[140.0587,35.0592],[140.0606,35.0594],[140.0607,35.0589],[140.0627,35.059],[140.0639,35.0588],[140.0643,35.0593],[140.0648,35.059],[140.0651,35.0588],[140.0657,35.0591],[140.0654,35.0586],[140.0668,35.0585],[140.0679,35.0576],[140.0685,35.0578],[140.0693,35.0587],[140.0698,35.0587],[140.0699,35.0579],[140.0706,35.0575],[140.0709,35.0575],[140.0709,35.0576],[140.071,35.0576],[140.0712,35.0576],[140.0714,35.0576],[140.0714,35.0575],[140.0712,35.0572],[140.0724,35.0566],[140.0723,35.0558],[140.073,35.0558],[140.0753,35.0575],[140.0745,35.0586],[140.0736,35.0583],[140.0732,35.0588],[140.0748,35.0592],[140.0753,35.059],[140.0759,35.0608],[140.0751,35.0606],[140.0754,35.0623],[140.076,35.0627],[140.0784,35.0628],[140.0807,35.0621],[140.0814,35.0628],[140.0825,35.0631],[140.083,35.0639],[140.0817,35.0646],[140.0823,35.0653],[140.081,35.0669],[140.0801,35.0665],[140.0783,35.0673],[140.079,35.0684],[140.08,35.0685],[140.0814,35.0692],[140.0833,35.0693],[140.0851,35.0701],[140.0856,35.0707],[140.0847,35.0711],[140.0849,35.0723],[140.0846,35.073],[140.0856,35.074],[140.0869,35.0736],[140.0889,35.0731],[140.0901,35.0734],[140.0918,35.0743],[140.0924,35.0742],[140.0931,35.0748],[140.0944,35.0745],[140.0942,35.0756],[140.0946,35.076],[140.098,35.0749],[140.0988,35.0751],[140.0983,35.0759],[140.0991,35.0764],[140.1009,35.0765],[140.1023,35.0776],[140.1027,35.0784],[140.1002,35.0796],[140.0995,35.0798],[140.0992,35.0821],[140.0986,35.083],[140.0982,35.0841],[140.0983,35.0852],[140.099,35.0861],[140.1005,35.0864],[140.1017,35.087],[140.1014,35.088],[140.1001,35.0887],[140.0998,35.0894],[140.1012,35.091],[140.102,35.0912],[140.1028,35.0907],[140.104,35.0906],[140.1045,35.0908],[140.1066,35.0906],[140.1073,35.0907],[140.1088,35.0914],[140.1091,35.0928],[140.1085,35.0928],[140.1082,35.0918],[140.1065,35.0909],[140.1048,35.0911],[140.1053,35.0922],[140.1069,35.0934],[140.1071,35.0943],[140.1063,35.0947],[140.1058,35.0956],[140.1055,35.0974],[140.1071,35.0977],[140.1069,35.0984],[140.1058,35.0982],[140.1052,35.0988],[140.1052,35.1019],[140.1066,35.1043],[140.1079,35.1049],[140.1088,35.1069],[140.1109,35.1087],[140.1143,35.1113],[140.1177,35.1136],[140.1219,35.116],[140.1253,35.1177],[140.1268,35.1185],[140.1327,35.1211],[140.1344,35.1217],[140.1365,35.1215],[140.1388,35.1202],[140.1433,35.1189],[140.1448,35.1182],[140.1456,35.1176],[140.1494,35.1171],[140.1501,35.1166],[140.1516,35.117],[140.1524,35.118],[140.1522,35.1193],[140.1523,35.1203],[140.1535,35.1214],[140.1545,35.1217],[140.1555,35.1216],[140.1562,35.1211],[140.1573,35.121],[140.1581,35.1219],[140.1602,35.1233],[140.1613,35.1231],[140.1639,35.1233],[140.164,35.1225],[140.1661,35.1231],[140.1669,35.1237],[140.1681,35.1237],[140.1696,35.1231],[140.171,35.1221],[140.1721,35.1204],[140.1729,35.12],[140.1757,35.1207],[140.1782,35.1215],[140.1783,35.1203],[140.1796,35.1188],[140.1804,35.1193],[140.1813,35.119],[140.1812,35.1181],[140.1822,35.1178],[140.1831,35.1182],[140.1839,35.1194],[140.1853,35.1191],[140.1855,35.1197],[140.1845,35.1205],[140.1849,35.1214],[140.1848,35.1228],[140.1857,35.1246],[140.1868,35.1242],[140.1872,35.1248],[140.1863,35.1252],[140.1874,35.1261],[140.1902,35.1271],[140.1917,35.1272],[140.1931,35.1267],[140.1942,35.1259],[140.1942,35.125],[140.1935,35.1247],[140.1947,35.1231],[140.1953,35.1229],[140.1973,35.1232],[140.1982,35.1223],[140.1975,35.1217],[140.1955,35.1215],[140.1953,35.121],[140.1969,35.1209],[140.1968,35.1194],[140.1971,35.1187],[140.1957,35.1183],[140.1958,35.1162],[140.1961,35.1156],[140.1979,35.1146],[140.1989,35.1135],[140.1998,35.1131],[140.2004,35.1124],[140.2005,35.1111],[140.2002,35.1102],[140.2027,35.1097],[140.2043,35.1108],[140.2049,35.1118],[140.2059,35.1127],[140.2076,35.1139],[140.2107,35.1142],[140.2118,35.1145],[140.2116,35.1162],[140.2109,35.1173],[140.2119,35.1181],[140.2134,35.1203],[140.2136,35.1212],[140.2125,35.1219],[140.2119,35.1227],[140.2119,35.1246],[140.2123,35.1253],[140.2117,35.1261],[140.2129,35.1272],[140.214,35.1291],[140.2153,35.1294],[140.2157,35.1307],[140.215,35.1319],[140.2152,35.1329],[140.2165,35.133],[140.216,35.134],[140.2143,35.1345],[140.2136,35.1352],[140.2127,35.1352],[140.2118,35.1345],[140.2109,35.1343],[140.2105,35.1352],[140.2113,35.1361],[140.2122,35.1363],[140.2134,35.1379],[140.214,35.1381],[140.2142,35.1388],[140.2156,35.1395],[140.2164,35.1413],[140.2151,35.1436],[140.2153,35.1445],[140.2145,35.145],[140.2128,35.1466],[140.2124,35.1479],[140.2124,35.1491],[140.2132,35.1504],[140.2121,35.1516],[140.2115,35.1529],[140.2117,35.154],[140.21,35.1545],[140.2084,35.154],[140.2077,35.1545],[140.2075,35.1561],[140.2071,35.157],[140.2074,35.158],[140.2068,35.1596],[140.208,35.1602],[140.2077,35.1618],[140.2061,35.1627],[140.2066,35.1633],[140.2061,35.164],[140.2051,35.1642],[140.205,35.165],[140.2052,35.1659],[140.2046,35.1662],[140.2042,35.1675],[140.203,35.1684],[140.2026,35.1697],[140.202,35.1703],[140.2002,35.1701],[140.1991,35.1703],[140.1976,35.1714],[140.1966,35.1717],[140.1956,35.1713],[140.1943,35.1714],[140.1926,35.1706],[140.1912,35.1703],[140.1888,35.1704],[140.1879,35.1702]]],[[[140.1036,35.0783],[140.1027,35.0778],[140.1031,35.0769],[140.1026,35.0764],[140.1029,35.0759],[140.1053,35.0758],[140.1056,35.0767],[140.1036,35.0783]]],[[[140.106,35.0741],[140.108,35.0727],[140.109,35.0728],[140.1081,35.0739],[140.106,35.0741]]],[[[140.1101,35.091],[140.1089,35.0914],[140.1087,35.0909],[140.1099,35.0904],[140.1101,35.091]]],[[[140.1021,35.0899],[140.1012,35.0897],[140.1013,35.0891],[140.1022,35.0894],[140.1021,35.0899]]],[[[140.0722,35.0557],[140.0725,35.0549],[140.0731,35.0552],[140.0722,35.0557]]],[[[140.0636,35.0576],[140.0637,35.057],[140.0642,35.057],[140.0641,35.0575],[140.0636,35.0576]]],[[[140.0917,35.0727],[140.0915,35.0724],[140.092,35.0722],[140.092,35.0727],[140.0917,35.0727]]],[[[140.0778,35.0608],[140.0774,35.0606],[140.0776,35.0603],[140.0782,35.0605],[140.0778,35.0608]]],[[[140.1077,35.0753],[140.1077,35.0746],[140.1081,35.0747],[140.1077,35.0753]]],[[[140.1092,35.0748],[140.1092,35.0752],[140.1087,35.0755],[140.1086,35.0751],[140.1092,35.0748]]],[[[140.0525,35.0513],[140.0523,35.051],[140.0533,35.051],[140.0531,35.0514],[140.0525,35.0513]]],[[[140.0508,35.0517],[140.0508,35.0514],[140.0516,35.0516],[140.0513,35.0517],[140.0508,35.0517]]],[[[140.1041,35.0848],[140.1042,35.0853],[140.1037,35.0851],[140.1041,35.0848]]],[[[140.1104,35.0738],[140.11,35.0741],[140.1097,35.0739],[140.1101,35.0738],[140.1104,35.0738]]],[[[140.069,35.0576],[140.0685,35.0575],[140.0686,35.0572],[140.069,35.0576]]],[[[140.0761,35.0572],[140.076,35.0575],[140.0758,35.0576],[140.0758,35.0571],[140.0761,35.0572]]],[[[140.1079,35.0895],[140.1076,35.0892],[140.1079,35.0891],[140.1082,35.0892],[140.1079,35.0895]]],[[[140.0453,35.0496],[140.0448,35.0497],[140.0446,35.0494],[140.0453,35.0496]]],[[[140.0742,35.0546],[140.0741,35.0551],[140.0738,35.0551],[140.0739,35.0546],[140.0742,35.0546]]],[[[140.1062,35.0761],[140.1063,35.0765],[140.1059,35.0766],[140.106,35.0761],[140.1062,35.0761]]],[[[140.1106,35.072],[140.1107,35.0724],[140.1103,35.0723],[140.1106,35.072]]],[[[140.0584,35.0566],[140.0582,35.0567],[140.0581,35.0564],[140.0584,35.0564],[140.0584,35.0566]]],[[[140.1088,35.0744],[140.109,35.0745],[140.1085,35.0749],[140.1084,35.0745],[140.1088,35.0744]]],[[[140.0638,35.0563],[140.0637,35.0565],[140.0632,35.0567],[140.0632,35.0565],[140.0638,35.0563]]],[[[140.121,35.0893],[140.1212,35.0896],[140.1208,35.0897],[140.1206,35.0894],[140.121,35.0893]]],[[[140.1091,35.0742],[140.1085,35.0741],[140.1088,35.0738],[140.1091,35.0742]]],[[[140.1995,35.11],[140.1999,35.1102],[140.1995,35.1103],[140.1995,35.11]]],[[[140.0523,35.0518],[140.0519,35.0518],[140.0519,35.0516],[140.0525,35.0516],[140.0523,35.0518]]],[[[140.0991,35.0755],[140.0991,35.0757],[140.099,35.0759],[140.0988,35.0756],[140.0991,35.0755]]],[[[140.1788,35.1188],[140.1783,35.1187],[140.1784,35.1186],[140.1787,35.1187],[140.1789,35.1185],[140.1791,35.1187],[140.1788,35.1188]]],[[[140.1712,35.1209],[140.1713,35.1211],[140.1712,35.1214],[140.171,35.1212],[140.1712,35.1209]]],[[[140.1018,35.0794],[140.1017,35.0792],[140.1021,35.0791],[140.1021,35.0794],[140.1018,35.0794]]],[[[140.104,35.0754],[140.104,35.0756],[140.1036,35.0756],[140.1037,35.0754],[140.104,35.0754]]],[[[140.0646,35.0568],[140.0645,35.0571],[140.0642,35.0572],[140.0643,35.0568],[140.0646,35.0568]]],[[[140.059,35.0565],[140.0588,35.0567],[140.0587,35.0563],[140.0589,35.0563],[140.059,35.0565]]],[[[140.2056,35.1106],[140.2055,35.1109],[140.2053,35.1108],[140.2056,35.1106]]],[[[140.1858,35.121],[140.1857,35.1211],[140.1853,35.1209],[140.1854,35.1207],[140.1856,35.121],[140.1858,35.121]]],[[[140.092,35.0649],[140.092,35.065],[140.0917,35.0652],[140.0917,35.065],[140.092,35.0649]]],[[[140.1836,35.1183],[140.1836,35.1185],[140.1834,35.1185],[140.1834,35.1183],[140.1836,35.1183]]],[[[140.0426,35.0493],[140.0427,35.0494],[140.0424,35.0495],[140.0424,35.0494],[140.0426,35.0493]]],[[[140.1129,35.0884],[140.113,35.0885],[140.1129,35.0887],[140.1127,35.0886],[140.1127,35.0885],[140.1129,35.0884]]],[[[140.1834,35.1172],[140.1832,35.1173],[140.1831,35.1172],[140.1833,35.1171],[140.1834,35.1172]]],[[[140.0854,35.0713],[140.0853,35.0712],[140.0854,35.071],[140.0856,35.0711],[140.0854,35.0713]]],[[[140.1005,35.0756],[140.1005,35.0759],[140.1003,35.076],[140.1004,35.0756],[140.1005,35.0756]]],[[[140.1094,35.0924],[140.1093,35.0923],[140.1095,35.0922],[140.1096,35.0924],[140.1094,35.0924]]],[[[140.1432,35.1178],[140.1428,35.1176],[140.143,35.1175],[140.1432,35.1178]]],[[[140.0764,35.0576],[140.0764,35.058],[140.0763,35.0578],[140.0764,35.0576]]],[[[140.043,35.0494],[140.0429,35.0493],[140.0431,35.0492],[140.043,35.0494]]],[[[140.0634,35.0575],[140.0632,35.0576],[140.0631,35.0575],[140.0634,35.0575]]],[[[140.0817,35.0616],[140.0817,35.0619],[140.0815,35.0618],[140.0815,35.0617],[140.0817,35.0616]]],[[[140.1834,35.1179],[140.1832,35.1177],[140.1834,35.1176],[140.1835,35.1177],[140.1834,35.1179]]],[[[140.1832,35.118],[140.1831,35.118],[140.1829,35.1177],[140.1832,35.1178],[140.1833,35.1179],[140.1832,35.118]]],[[[140.0733,35.0555],[140.0733,35.0553],[140.0735,35.0554],[140.0733,35.0555]]],[[[140.1991,35.113],[140.1992,35.1132],[140.1989,35.1132],[140.1991,35.113]]],[[[140.1825,35.1175],[140.1826,35.1176],[140.1826,35.1177],[140.1824,35.1176],[140.1825,35.1175]]],[[[140.1985,35.1128],[140.1986,35.113],[140.1984,35.113],[140.1985,35.1128]]],[[[140.0593,35.0561],[140.0592,35.0563],[140.059,35.0561],[140.0593,35.0561]]],[[[140.1806,35.1186],[140.1806,35.1188],[140.1805,35.1188],[140.1806,35.1186]]],[[[140.1789,35.1182],[140.1788,35.118],[140.1789,35.1179],[140.1791,35.1181],[140.1789,35.1182]]],[[[140.0921,35.0738],[140.092,35.074],[140.0919,35.0739],[140.0919,35.0738],[140.0921,35.0738]]],[[[140.0913,35.0726],[140.0914,35.0727],[140.0913,35.0728],[140.0912,35.0728],[140.0913,35.0726]]],[[[140.1839,35.1182],[140.1841,35.1182],[140.1842,35.1184],[140.1841,35.1185],[140.1839,35.1182]]],[[[140.0645,35.0589],[140.0644,35.0587],[140.0647,35.0588],[140.0645,35.0589]]],[[[140.0741,35.0535],[140.0741,35.0537],[140.0739,35.0537],[140.0741,35.0535]]],[[[140.1112,35.0901],[140.1112,35.0902],[140.111,35.0902],[140.111,35.0901],[140.1112,35.0901]]],[[[140.0686,35.0576],[140.0684,35.0576],[140.0685,35.0575],[140.0686,35.0576]]],[[[140.0753,35.0567],[140.0754,35.0569],[140.0753,35.0569],[140.0751,35.0568],[140.0753,35.0567]]],[[[140.0862,35.0714],[140.086,35.0716],[140.0859,35.0715],[140.0862,35.0714]]],[[[140.1003,35.0827],[140.1003,35.0829],[140.1002,35.0828],[140.1003,35.0827]]],[[[140.1046,35.0893],[140.1047,35.0894],[140.1046,35.0896],[140.1045,35.0894],[140.1046,35.0893]]],[[[140.0746,35.0564],[140.0749,35.0565],[140.0749,35.0567],[140.0746,35.0564]]],[[[140.1575,35.1205],[140.1573,35.1205],[140.1572,35.1203],[140.1575,35.1205]]],[[[140.0745,35.0588],[140.0746,35.059],[140.0743,35.0589],[140.0745,35.0588]]],[[[140.12,35.0877],[140.1202,35.0878],[140.1201,35.0878],[140.1199,35.0878],[140.12,35.0877]]],[[[140.1606,35.1194],[140.1603,35.1196],[140.1603,35.1195],[140.1605,35.1194],[140.1606,35.1194]]],[[[140.0872,35.072],[140.087,35.072],[140.0869,35.0721],[140.0868,35.0721],[140.0869,35.072],[140.0871,35.072],[140.0872,35.072]]],[[[140.0749,35.0553],[140.0748,35.0555],[140.0747,35.0554],[140.0749,35.0553]]],[[[140.053,35.0574],[140.0529,35.0575],[140.0527,35.0574],[140.0529,35.0573],[140.053,35.0574]]],[[[140.0996,35.0811],[140.0996,35.0812],[140.0994,35.0812],[140.0995,35.081],[140.0996,35.0811]]],[[[140.0749,35.0569],[140.0748,35.0568],[140.075,35.0568],[140.0749,35.0569]]],[[[140.0686,35.0556],[140.0687,35.0557],[140.0685,35.0558],[140.0685,35.0556],[140.0686,35.0556]]],[[[140.067,35.058],[140.0671,35.0582],[140.0669,35.0581],[140.067,35.058]]],[[[140.0646,35.0566],[140.0645,35.0567],[140.0644,35.0567],[140.0644,35.0565],[140.0646,35.0566]]],[[[140.1207,35.0886],[140.1208,35.0886],[140.1207,35.0887],[140.1206,35.0886],[140.1207,35.0886]]],[[[140.084,35.0683],[140.0838,35.0684],[140.0839,35.0683],[140.084,35.0683]]],[[[140.1839,35.1175],[140.1838,35.1174],[140.184,35.1174],[140.184,35.1175],[140.1839,35.1175]]],[[[140.1034,35.0888],[140.1035,35.0889],[140.1034,35.089],[140.1032,35.0888],[140.1034,35.0888]]],[[[140.1008,35.0827],[140.1008,35.0828],[140.1007,35.0828],[140.1007,35.0826],[140.1008,35.0827]]],[[[140.1013,35.0824],[140.1013,35.0825],[140.1011,35.0824],[140.1012,35.0824],[140.1013,35.0824]]],[[[140.1063,35.0893],[140.1062,35.0895],[140.106,35.0894],[140.1062,35.0893],[140.1063,35.0893]]],[[[140.1075,35.0904],[140.1074,35.0906],[140.1073,35.0905],[140.1075,35.0904]]],[[[140.1061,35.0859],[140.1061,35.086],[140.106,35.086],[140.106,35.0859],[140.1061,35.0859]]],[[[140.0421,35.0501],[140.0421,35.0502],[140.042,35.0502],[140.042,35.0501],[140.0421,35.0501]]],[[[140.1112,35.0724],[140.1111,35.0726],[140.111,35.0725],[140.1112,35.0724]]],[[[140.0815,35.0615],[140.0815,35.0616],[140.0813,35.0616],[140.0815,35.0615]]],[[[140.1948,35.1195],[140.1948,35.1196],[140.1946,35.1195],[140.1946,35.1194],[140.1948,35.1195]]],[[[140.1584,35.1201],[140.1583,35.12],[140.1584,35.1199],[140.1585,35.12],[140.1584,35.1201]]],[[[140.0444,35.0494],[140.0444,35.0495],[140.0442,35.0495],[140.0444,35.0494]]],[[[140.0873,35.0693],[140.0872,35.0694],[140.0871,35.0693],[140.0872,35.0692],[140.0873,35.0693]]],[[[140.1845,35.1183],[140.1844,35.1184],[140.1843,35.1183],[140.1844,35.1182],[140.1845,35.1183]]],[[[140.1829,35.1176],[140.1828,35.1176],[140.1827,35.1175],[140.1829,35.1175],[140.1829,35.1176]]],[[[140.0612,35.0552],[140.0612,35.0553],[140.0611,35.0553],[140.0612,35.0552]]],[[[140.1057,35.0885],[140.1055,35.0886],[140.1055,35.0885],[140.1056,35.0884],[140.1057,35.0885]]],[[[140.1052,35.0895],[140.1051,35.0897],[140.105,35.0896],[140.1052,35.0895]]],[[[140.1859,35.1204],[140.1859,35.1205],[140.1858,35.1206],[140.1857,35.1206],[140.1859,35.1204]]],[[[140.0423,35.0501],[140.0424,35.0502],[140.0423,35.0503],[140.0422,35.0502],[140.0423,35.0501]]],[[[140.1848,35.119],[140.1848,35.1191],[140.1847,35.1191],[140.1848,35.119]]],[[[140.1836,35.1188],[140.1838,35.119],[140.1837,35.119],[140.1836,35.1188]]],[[[140.0426,35.0533],[140.0427,35.0533],[140.0428,35.0534],[140.0427,35.0534],[140.0426,35.0533]]],[[[140.0572,35.0566],[140.0571,35.0568],[140.0571,35.0566],[140.0572,35.0566]]],[[[140.1032,35.0881],[140.1032,35.0882],[140.1031,35.0882],[140.1032,35.0881]]],[[[140.0661,35.0581],[140.0661,35.0583],[140.066,35.0583],[140.066,35.0581],[140.0661,35.0581]]],[[[140.0665,35.0581],[140.0665,35.0582],[140.0664,35.0582],[140.0665,35.0581]]],[[[140.1565,35.1205],[140.1565,35.1206],[140.1564,35.1206],[140.1564,35.1205],[140.1565,35.1205]]],[[[140.0599,35.0576],[140.0598,35.0575],[140.0599,35.0575],[140.0599,35.0576]]],[[[140.1842,35.1173],[140.1842,35.1174],[140.1841,35.1175],[140.1841,35.1174],[140.1842,35.1173]]],[[[140.0696,35.0583],[140.0696,35.0584],[140.0696,35.0585],[140.0695,35.0585],[140.0695,35.0584],[140.0696,35.0583]]],[[[140.0768,35.0578],[140.0767,35.0579],[140.0766,35.0578],[140.0768,35.0578]]],[[[140.0835,35.068],[140.0836,35.0681],[140.0835,35.0681],[140.0834,35.0681],[140.0835,35.068]]],[[[140.0642,35.0588],[140.0642,35.0589],[140.0641,35.0589],[140.0641,35.0588],[140.0642,35.0588]]],[[[140.0911,35.0658],[140.0911,35.0659],[140.091,35.0659],[140.0911,35.0658]]],[[[140.1589,35.1199],[140.1589,35.12],[140.1588,35.1201],[140.1588,35.1199],[140.1589,35.1199]]],[[[140.0665,35.0584],[140.0664,35.0584],[140.0664,35.0583],[140.0665,35.0583],[140.0665,35.0584]]],[[[140.0643,35.0565],[140.0643,35.0567],[140.0642,35.0566],[140.0643,35.0565]]],[[[140.1094,35.0742],[140.1095,35.0743],[140.1093,35.0743],[140.1093,35.0742],[140.1094,35.0742]]],[[[140.107,35.0893],[140.1071,35.0893],[140.1071,35.0894],[140.107,35.0894],[140.107,35.0893]]],[[[140.0631,35.0571],[140.0632,35.0572],[140.0631,35.0573],[140.063,35.0572],[140.0631,35.0571]]],[[[140.0533,35.0581],[140.0531,35.0581],[140.0533,35.058],[140.0534,35.058],[140.0533,35.0581]]],[[[140.0669,35.0578],[140.0668,35.058],[140.0667,35.0579],[140.0669,35.0578]]],[[[140.0602,35.0558],[140.0602,35.0559],[140.0601,35.0559],[140.0602,35.0558]]],[[[140.0691,35.0581],[140.0692,35.0582],[140.0691,35.0582],[140.069,35.0582],[140.0691,35.0581]]],[[[140.111,35.0904],[140.1111,35.0905],[140.1109,35.0905],[140.111,35.0904]]],[[[140.0861,35.0685],[140.086,35.0686],[140.0859,35.0685],[140.0861,35.0685]]],[[[140.1083,35.0743],[140.1084,35.0744],[140.1083,35.0744],[140.1082,35.0744],[140.1083,35.0743]]],[[[140.0746,35.0551],[140.0746,35.0552],[140.0745,35.0551],[140.0746,35.0551]]],[[[140.058,35.056],[140.058,35.0561],[140.0579,35.0561],[140.0578,35.056],[140.058,35.056]]],[[[140.1092,35.0745],[140.1092,35.0746],[140.1091,35.0746],[140.1091,35.0745],[140.1092,35.0745]]],[[[140.0518,35.051],[140.0519,35.0511],[140.0518,35.0512],[140.0518,35.051]]],[[[140.0879,35.0729],[140.0878,35.073],[140.0877,35.0729],[140.0879,35.0729]]],[[[140.1215,35.0892],[140.1214,35.0894],[140.1214,35.0893],[140.1215,35.0892]]],[[[140.0575,35.0562],[140.0574,35.0562],[140.0574,35.0561],[140.0575,35.0562]]],[[[140.0655,35.0562],[140.0654,35.0562],[140.0653,35.0562],[140.0654,35.0561],[140.0655,35.0562]]],[[[140.0499,35.055],[140.0501,35.0549],[140.0501,35.055],[140.0499,35.055]]],[[[140.0709,35.0574],[140.0707,35.0574],[140.0707,35.0573],[140.0709,35.0574]]],[[[140.1105,35.074],[140.1104,35.0741],[140.1103,35.0741],[140.1105,35.074]]],[[[140.0661,35.0584],[140.066,35.0585],[140.066,35.0583],[140.0661,35.0584]]],[[[140.0713,35.0576],[140.0712,35.0575],[140.0713,35.0575],[140.0713,35.0576]]],[[[140.1079,35.0857],[140.1078,35.0857],[140.1079,35.0856],[140.1079,35.0857]]],[[[140.1068,35.0894],[140.1069,35.0895],[140.1068,35.0895],[140.1067,35.0894],[140.1068,35.0894]]],[[[140.1561,35.1208],[140.156,35.1208],[140.1561,35.1207],[140.1561,35.1208]]],[[[140.0674,35.0574],[140.0675,35.0576],[140.0674,35.0576],[140.0674,35.0574]]],[[[140.1075,35.0758],[140.1075,35.0759],[140.1074,35.0759],[140.1074,35.0758],[140.1075,35.0758]]],[[[140.0749,35.0551],[140.0749,35.0552],[140.0748,35.0551],[140.0749,35.0551]]],[[[140.0588,35.0575],[140.0589,35.0576],[140.0588,35.0576],[140.0587,35.0576],[140.0588,35.0575]]],[[[140.0497,35.055],[140.0497,35.0551],[140.0496,35.0551],[140.0496,35.055],[140.0497,35.055]]],[[[140.1654,35.1227],[140.1655,35.1227],[140.1654,35.1228],[140.1654,35.1227]]],[[[140.0542,35.0581],[140.0541,35.0582],[140.054,35.0582],[140.0541,35.0581],[140.0542,35.0581]]],[[[140.0567,35.0572],[140.0566,35.0573],[140.0567,35.0571],[140.0567,35.0572]]],[[[140.1086,35.0891],[140.1087,35.0891],[140.1086,35.0892],[140.1086,35.0891]]],[[[140.0662,35.0581],[140.0662,35.0583],[140.0661,35.0582],[140.0662,35.0581]]],[[[140.0426,35.0536],[140.0425,35.0536],[140.0425,35.0535],[140.0426,35.0535],[140.0426,35.0536]]],[[[140.0628,35.0574],[140.0629,35.0574],[140.0628,35.0575],[140.0628,35.0574]]],[[[140.0586,35.0574],[140.0586,35.0575],[140.0585,35.0575],[140.0585,35.0574],[140.0586,35.0574]]],[[[140.0657,35.0584],[140.0658,35.0584],[140.0658,35.0585],[140.0657,35.0584]]],[[[140.1083,35.0754],[140.1082,35.0755],[140.1082,35.0754],[140.1083,35.0754]]],[[[140.042,35.0533],[140.042,35.0534],[140.0419,35.0534],[140.042,35.0533]]],[[[140.1577,35.1207],[140.1577,35.1208],[140.1576,35.1208],[140.1576,35.1207],[140.1577,35.1207]]],[[[140.0645,35.0591],[140.0644,35.059],[140.0645,35.059],[140.0645,35.0591]]],[[[140.049,35.0549],[140.049,35.055],[140.0489,35.055],[140.0489,35.0549],[140.049,35.0549]]],[[[140.0761,35.0577],[140.0761,35.0578],[140.076,35.0578],[140.0761,35.0577]]],[[[140.0574,35.0567],[140.0574,35.0568],[140.0573,35.0568],[140.0573,35.0567],[140.0574,35.0567]]],[[[140.1005,35.0812],[140.1004,35.0812],[140.1005,35.0811],[140.1005,35.0812]]],[[[140.0633,35.0573],[140.0633,35.0574],[140.0632,35.0574],[140.0632,35.0573],[140.0633,35.0573]]],[[[140.0917,35.0654],[140.0916,35.0655],[140.0916,35.0654],[140.0917,35.0654]]],[[[140.0577,35.0558],[140.0577,35.0559],[140.0576,35.0559],[140.0576,35.0558],[140.0577,35.0558]]],[[[140.0537,35.058],[140.0537,35.0582],[140.0536,35.0581],[140.0537,35.058]]],[[[140.0434,35.0495],[140.0434,35.0496],[140.0433,35.0496],[140.0433,35.0495],[140.0434,35.0495]]],[[[140.0642,35.0588],[140.0643,35.0588],[140.0643,35.0589],[140.0642,35.0589],[140.0642,35.0588]]],[[[140.0695,35.058],[140.0695,35.0581],[140.0694,35.0581],[140.0694,35.058],[140.0695,35.058]]],[[[140.0693,35.0581],[140.0691,35.058],[140.0692,35.058],[140.0693,35.0581]]],[[[140.1671,35.1234],[140.1672,35.1235],[140.1671,35.1235],[140.167,35.1234],[140.1671,35.1234]]],[[[140.1839,35.1189],[140.1838,35.1189],[140.1839,35.1188],[140.184,35.1189],[140.1839,35.1189]]],[[[140.0628,35.0575],[140.0629,35.0576],[140.0627,35.0575],[140.0628,35.0575]]],[[[140.067,35.0579],[140.0669,35.058],[140.0669,35.0579],[140.067,35.0579]]],[[[140.0647,35.0566],[140.0646,35.0566],[140.0646,35.0565],[140.0647,35.0565],[140.0647,35.0566]]],[[[140.1568,35.1203],[140.1568,35.1204],[140.1567,35.1203],[140.1568,35.1203]]],[[[140.0587,35.0569],[140.0587,35.057],[140.0586,35.0569],[140.0587,35.0569]]],[[[140.0632,35.0574],[140.0631,35.0574],[140.0631,35.0573],[140.0632,35.0573],[140.0632,35.0574]]],[[[140.0698,35.0579],[140.0698,35.058],[140.0697,35.058],[140.0698,35.0579]]],[[[140.0676,35.0576],[140.0675,35.0576],[140.0675,35.0575],[140.0676,35.0575],[140.0675,35.0576],[140.0676,35.0576]]],[[[140.0635,35.0572],[140.0635,35.0573],[140.0634,35.0573],[140.0635,35.0572]]],[[[140.0697,35.0582],[140.0696,35.0583],[140.0696,35.0582],[140.0697,35.0582]]],[[[140.0641,35.0569],[140.064,35.057],[140.064,35.0569],[140.0641,35.0569]]],[[[140.0606,35.0587],[140.0605,35.0588],[140.0605,35.0587],[140.0606,35.0587]]],[[[140.0696,35.0581],[140.0697,35.0581],[140.0697,35.0582],[140.0696,35.0581]]],[[[140.0675,35.0575],[140.0675,35.0574],[140.0676,35.0574],[140.0676,35.0575],[140.0675,35.0575]]],[[[140.0443,35.0487],[140.0444,35.0488],[140.0443,35.0488],[140.0443,35.0487]]],[[[140.0489,35.055],[140.0489,35.0551],[140.0488,35.0551],[140.0489,35.055]]],[[[140.1591,35.1198],[140.159,35.12],[140.159,35.1199],[140.1591,35.1198]]],[[[140.0691,35.0576],[140.0691,35.0577],[140.069,35.0576],[140.0691,35.0576]]],[[[140.1842,35.1181],[140.1843,35.1182],[140.1842,35.1182],[140.1842,35.1181]]],[[[140.0421,35.0533],[140.042,35.0534],[140.042,35.0533],[140.0421,35.0533]]],[[[140.1655,35.1228],[140.1655,35.1229],[140.1654,35.1228],[140.1655,35.1228]]],[[[140.1677,35.1233],[140.1676,35.1234],[140.1675,35.1233],[140.1677,35.1233]]],[[[140.0522,35.0575],[140.0522,35.0576],[140.0521,35.0576],[140.0522,35.0575]]],[[[140.054,35.0582],[140.0539,35.0583],[140.0539,35.0582],[140.054,35.0582]]],[[[140.0711,35.0575],[140.0711,35.0576],[140.071,35.0575],[140.0711,35.0575]]],[[[140.1795,35.1184],[140.1796,35.1184],[140.1796,35.1185],[140.1795,35.1184]]],[[[140.0449,35.0491],[140.0448,35.0492],[140.0448,35.0491],[140.0449,35.0491]]],[[[140.0588,35.0577],[140.0587,35.0578],[140.0587,35.0577],[140.0588,35.0577]]],[[[140.0674,35.0577],[140.0675,35.0578],[140.0674,35.0578],[140.0674,35.0577]]],[[[140.0648,35.0565],[140.0648,35.0566],[140.0647,35.0565],[140.0648,35.0565]]],[[[140.0643,35.0569],[140.0642,35.057],[140.0642,35.0569],[140.0643,35.0569]]],[[[140.0673,35.0579],[140.0674,35.0579],[140.0673,35.058],[140.0673,35.0579]]],[[[140.1949,35.1228],[140.195,35.1229],[140.1949,35.1229],[140.1949,35.1228]]],[[[140.071,35.0575],[140.0709,35.0576],[140.0709,35.0575],[140.071,35.0575]]],[[[140.0543,35.0581],[140.0543,35.0582],[140.0542,35.0581],[140.0543,35.0581]]],[[[140.0578,35.0566],[140.0579,35.0566],[140.0578,35.0567],[140.0578,35.0566]]],[[[140.0678,35.0575],[140.0678,35.0576],[140.0677,35.0576],[140.0677,35.0575],[140.0678,35.0575]]],[[[140.0653,35.0587],[140.0653,35.0588],[140.0652,35.0588],[140.0652,35.0587],[140.0653,35.0587]]],[[[140.0586,35.0578],[140.0587,35.0577],[140.0587,35.0578],[140.0586,35.0578]]],[[[140.0493,35.0551],[140.0493,35.0552],[140.0492,35.0552],[140.0493,35.0551]]],[[[140.0644,35.059],[140.0644,35.0591],[140.0643,35.0591],[140.0644,35.059]]]]}},{"type":"Feature","properties":{"name":"鎌ケ谷市","自治体":"鎌ケ谷市","区分":"自治体独自の規制は確認されず(国の規制のみ)","規制概要":"公式ページでドローンに関する記載は確認されず(2026-08-17時点)。自治体独自の規制は確認されていないため、国の規制(航空法・小型無人機等飛行禁止法・空域)が適用される。公園条例の一般規定(危険・迷惑・管理支障行為の禁止)により管理者判断で個別に制限される場合はある。","公式HP":"https://www.city.kamagaya.chiba.jp/","確認日":"2026-08-17","_pref":"千葉県","_cat":"unknown","_color":"#455a64","_opacity":0.9,"_weight":1.5,"_fillColor":"#78909c","_fillOpacity":0.18,"出典1":"千葉県警察 小型無人機(ドローン)等の飛行に関するルール(航空法・小型無人機等飛行禁止法)","出典1_URL":"https://www.police.pref.chiba.jp/keibika/safeLife_drone_rules.html","出典2":"千葉県 県管理海岸(港湾・漁港区域を除く)・河川におけるドローンの利用や撮影について","出典2_URL":"https://www.pref.chiba.lg.jp/kakan/kaigan/drone.html"},"geometry":{"type":"Polygon","coordinates":[[[139.9728,35.7488],[139.9743,35.7488],[139.9792,35.7497],[139.9802,35.7504],[139.9818,35.7518],[139.9831,35.7525],[139.9831,35.7512],[139.9839,35.7496],[139.985,35.748],[139.9855,35.7466],[139.9878,35.7451],[139.9885,35.7438],[139.991,35.7425],[139.9933,35.7418],[139.9937,35.7421],[139.9959,35.7426],[139.9964,35.743],[139.9979,35.7437],[139.9995,35.7441],[140.0011,35.7438],[140.0024,35.7431],[140.0057,35.7428],[140.0064,35.7425],[140.0073,35.7414],[140.0081,35.741],[140.0089,35.74],[140.009,35.7389],[140.0095,35.7381],[140.0115,35.7389],[140.0121,35.7394],[140.0132,35.7395],[140.0133,35.7401],[140.0113,35.7396],[140.0102,35.7389],[140.0096,35.7392],[140.0096,35.74],[140.0088,35.7408],[140.0079,35.7414],[140.0067,35.7428],[140.0079,35.7437],[140.0078,35.745],[140.0084,35.7482],[140.0119,35.7498],[140.013,35.7505],[140.0139,35.7514],[140.016,35.7532],[140.018,35.7546],[140.0189,35.7558],[140.019,35.7568],[140.0177,35.757],[140.0158,35.7576],[140.0161,35.7583],[140.0138,35.7592],[140.0144,35.7608],[140.0171,35.7613],[140.0195,35.7618],[140.0225,35.762],[140.0226,35.76],[140.0233,35.7604],[140.0236,35.7614],[140.0251,35.7622],[140.0268,35.7635],[140.0284,35.7642],[140.0277,35.7646],[140.0257,35.7634],[140.0249,35.7634],[140.0239,35.7639],[140.0225,35.7651],[140.021,35.7655],[140.0206,35.7655],[140.0163,35.7667],[140.0152,35.7679],[140.0154,35.7692],[140.0163,35.7715],[140.0182,35.7743],[140.02,35.7742],[140.0216,35.7758],[140.0226,35.7763],[140.0276,35.7803],[140.023,35.7804],[140.0219,35.7808],[140.0203,35.7821],[140.0189,35.7835],[140.0181,35.7832],[140.0188,35.7848],[140.0195,35.7858],[140.0197,35.787],[140.0203,35.7881],[140.0197,35.7889],[140.0209,35.7888],[140.0246,35.7922],[140.0259,35.794],[140.0269,35.7956],[140.0282,35.7971],[140.0284,35.799],[140.0273,35.7988],[140.0253,35.7975],[140.0237,35.797],[140.0225,35.7961],[140.02,35.7959],[140.0199,35.7967],[140.019,35.7977],[140.015,35.7995],[140.0132,35.8008],[140.0117,35.8013],[140.0077,35.8032],[140.005,35.8037],[140.0019,35.8039],[140,35.8028],[139.9998,35.8016],[139.9989,35.8014],[139.998,35.8006],[139.9977,35.8001],[139.9963,35.7991],[139.9954,35.7988],[139.9955,35.7978],[139.9967,35.7971],[139.9977,35.7972],[139.9993,35.7968],[139.9999,35.7956],[140.0008,35.7954],[140.0013,35.7944],[140.0005,35.7941],[140.0005,35.7929],[140.0014,35.7923],[140.0007,35.7915],[140.0011,35.7911],[139.9983,35.7886],[139.9968,35.7877],[139.9958,35.7873],[139.9942,35.7879],[139.9916,35.789],[139.9914,35.79],[139.989,35.7908],[139.9873,35.7905],[139.9855,35.7896],[139.9846,35.7885],[139.9836,35.7884],[139.9823,35.7889],[139.9805,35.7888],[139.9782,35.7878],[139.9776,35.7871],[139.977,35.787],[139.9712,35.7878],[139.9713,35.7863],[139.9684,35.7863],[139.9686,35.7819],[139.9687,35.7782],[139.9725,35.7784],[139.9729,35.7802],[139.9764,35.7789],[139.9765,35.7786],[139.9789,35.7778],[139.9825,35.7768],[139.9843,35.7762],[139.9837,35.7734],[139.9815,35.7735],[139.9792,35.774],[139.9775,35.7744],[139.9763,35.7744],[139.9759,35.7738],[139.9751,35.7694],[139.9752,35.7685],[139.9744,35.7659],[139.9744,35.7644],[139.9748,35.7631],[139.9745,35.7618],[139.9746,35.761],[139.9739,35.7601],[139.9726,35.7596],[139.971,35.7575],[139.9711,35.7553],[139.9713,35.7547],[139.9734,35.7547],[139.9748,35.7535],[139.9746,35.7522],[139.9749,35.7517],[139.9718,35.7511],[139.972,35.7502],[139.9729,35.7498],[139.9728,35.7488]],[[139.994,35.7554],[139.9943,35.7546],[139.995,35.7542],[139.9954,35.7532],[139.9962,35.7522],[139.9974,35.7513],[139.9995,35.7506],[139.9989,35.749],[139.9984,35.749],[139.9965,35.7474],[139.9974,35.7454],[139.9979,35.7448],[139.9976,35.744],[139.9969,35.7434],[139.9956,35.7427],[139.9944,35.7428],[139.9928,35.7424],[139.9909,35.7433],[139.9888,35.7449],[139.9877,35.7462],[139.9868,35.7469],[139.9861,35.7482],[139.9858,35.7496],[139.9864,35.7501],[139.9854,35.7515],[139.9856,35.752],[139.9874,35.7516],[139.9889,35.7517],[139.9906,35.7532],[139.9914,35.755],[139.9926,35.7554],[139.994,35.7554]],[[139.9818,35.7521],[139.9807,35.7521],[139.9789,35.7514],[139.9781,35.7516],[139.9779,35.7537],[139.9826,35.7526],[139.9818,35.7521]]]}},{"type":"Feature","properties":{"name":"君津市","自治体":"君津市","区分":"自治体独自の規制は確認されず(国の規制のみ)","規制概要":"公式ページでドローンに関する記載は確認されず(2026-08-17時点)。自治体独自の規制は確認されていないため、国の規制(航空法・小型無人機等飛行禁止法・空域)が適用される。公園条例の一般規定(危険・迷惑・管理支障行為の禁止)により管理者判断で個別に制限される場合はある。","公式HP":"https://www.city.kimitsu.lg.jp/","確認日":"2026-08-17","_pref":"千葉県","_cat":"unknown","_color":"#455a64","_opacity":0.9,"_weight":1.5,"_fillColor":"#78909c","_fillOpacity":0.18,"出典1":"千葉県警察 小型無人機(ドローン)等の飛行に関するルール(航空法・小型無人機等飛行禁止法)","出典1_URL":"https://www.police.pref.chiba.jp/keibika/safeLife_drone_rules.html","出典2":"千葉県 県管理海岸(港湾・漁港区域を除く)・河川におけるドローンの利用や撮影について","出典2_URL":"https://www.pref.chiba.lg.jp/kakan/kaigan/drone.html"},"geometry":{"type":"MultiPolygon","coordinates":[[[[139.8875,35.3615],[139.8836,35.3615],[139.8827,35.3613],[139.8767,35.3631],[139.8763,35.3635],[139.8644,35.3671],[139.8631,35.3671],[139.8596,35.3688],[139.8459,35.3753],[139.8451,35.3745],[139.8394,35.3677],[139.8391,35.3673],[139.8415,35.3642],[139.8517,35.3583],[139.8582,35.3494],[139.8588,35.3497],[139.8596,35.3486],[139.8592,35.3481],[139.8567,35.3469],[139.8548,35.3468],[139.8538,35.3481],[139.8558,35.3492],[139.8547,35.3506],[139.8522,35.3493],[139.8555,35.3447],[139.8583,35.3426],[139.8581,35.342],[139.8593,35.3415],[139.8615,35.3416],[139.8616,35.3408],[139.8613,35.3387],[139.864,35.3382],[139.8646,35.339],[139.8658,35.3366],[139.8647,35.3346],[139.8645,35.3332],[139.8648,35.332],[139.8656,35.3308],[139.8671,35.33],[139.8676,35.3295],[139.8699,35.3299],[139.8727,35.3283],[139.873,35.3276],[139.8745,35.3267],[139.8759,35.3263],[139.8757,35.3254],[139.8775,35.3244],[139.8777,35.3237],[139.8796,35.3215],[139.8806,35.3215],[139.881,35.3206],[139.8826,35.32],[139.8834,35.3184],[139.8848,35.3149],[139.8864,35.3135],[139.8871,35.3126],[139.8878,35.3076],[139.8881,35.3071],[139.8879,35.3062],[139.8884,35.305],[139.8885,35.3035],[139.8883,35.3025],[139.8886,35.3019],[139.89,35.3012],[139.8917,35.3014],[139.8928,35.301],[139.8941,35.3001],[139.8961,35.2998],[139.8973,35.3003],[139.8979,35.3001],[139.8988,35.299],[139.9,35.2987],[139.9004,35.2981],[139.9003,35.2954],[139.9023,35.2948],[139.9027,35.2931],[139.9019,35.2916],[139.9022,35.2904],[139.9041,35.2892],[139.9056,35.2895],[139.9062,35.2891],[139.9072,35.289],[139.9075,35.2886],[139.9088,35.2886],[139.91,35.2883],[139.9111,35.2883],[139.9111,35.285],[139.9103,35.284],[139.9104,35.283],[139.9101,35.2824],[139.9105,35.2814],[139.9118,35.281],[139.9125,35.2799],[139.9122,35.2789],[139.9134,35.2776],[139.9142,35.2758],[139.9148,35.275],[139.9157,35.2749],[139.9165,35.2739],[139.9164,35.2724],[139.9191,35.2708],[139.9206,35.2711],[139.9218,35.271],[139.923,35.2707],[139.924,35.2696],[139.9244,35.2688],[139.9253,35.2685],[139.9271,35.2687],[139.9281,35.2682],[139.9298,35.2668],[139.9307,35.2669],[139.9326,35.2652],[139.9342,35.2661],[139.9359,35.2663],[139.9367,35.2656],[139.9364,35.264],[139.9369,35.2634],[139.9368,35.2613],[139.9382,35.2618],[139.9404,35.2622],[139.9413,35.262],[139.9431,35.2626],[139.9445,35.2634],[139.9454,35.2627],[139.9461,35.2614],[139.946,35.2605],[139.9471,35.26],[139.9484,35.2603],[139.9493,35.2596],[139.9503,35.2596],[139.9507,35.2601],[139.952,35.2601],[139.9527,35.2593],[139.9542,35.2587],[139.9544,35.2572],[139.9562,35.2572],[139.9561,35.2559],[139.9554,35.2542],[139.9555,35.2533],[139.9534,35.2533],[139.9512,35.253],[139.9492,35.2521],[139.9486,35.2511],[139.9489,35.2485],[139.9491,35.2462],[139.9504,35.2461],[139.9513,35.2463],[139.9516,35.2455],[139.9513,35.2438],[139.9518,35.2425],[139.9518,35.2411],[139.9533,35.2404],[139.9538,35.241],[139.9563,35.2425],[139.9579,35.2428],[139.9581,35.2434],[139.9591,35.2434],[139.9609,35.2441],[139.9626,35.2429],[139.9643,35.2423],[139.9657,35.2412],[139.9665,35.2397],[139.9685,35.24],[139.9699,35.2397],[139.97,35.2388],[139.9707,35.2382],[139.9713,35.2383],[139.9726,35.2397],[139.9742,35.2405],[139.9761,35.2422],[139.976,35.2432],[139.9743,35.2442],[139.9728,35.2446],[139.9739,35.2457],[139.9747,35.2455],[139.9767,35.2458],[139.9781,35.2437],[139.9775,35.2427],[139.9774,35.2414],[139.9769,35.2405],[139.9768,35.2386],[139.9776,35.2372],[139.9772,35.2356],[139.9779,35.2349],[139.9776,35.2336],[139.9781,35.2326],[139.9792,35.2315],[139.979,35.229],[139.98,35.228],[139.98,35.2273],[139.9784,35.2264],[139.9776,35.2253],[139.9776,35.2239],[139.9782,35.2219],[139.9793,35.2208],[139.9795,35.2202],[139.9792,35.2195],[139.9793,35.2175],[139.9797,35.2169],[139.9838,35.215],[139.9843,35.2137],[139.9834,35.2124],[139.9826,35.2102],[139.9843,35.2086],[139.9847,35.2076],[139.9862,35.2067],[139.9866,35.206],[139.9865,35.2037],[139.9878,35.2026],[139.9883,35.2019],[139.9895,35.201],[139.9907,35.2008],[139.9915,35.1997],[139.9915,35.1991],[139.9926,35.1981],[139.9929,35.1968],[139.9959,35.1958],[139.9963,35.1943],[139.9969,35.1938],[139.9974,35.1925],[139.9974,35.1903],[139.9969,35.1883],[139.997,35.1874],[139.9965,35.1866],[139.9959,35.1864],[139.996,35.1853],[139.9957,35.1841],[139.9961,35.1835],[139.9962,35.1824],[139.9958,35.1818],[139.9961,35.18],[139.9976,35.1789],[139.9991,35.1783],[139.9991,35.176],[139.9987,35.1755],[139.999,35.174],[140.0002,35.1727],[140.0009,35.1724],[140.0007,35.1709],[139.999,35.168],[139.9983,35.1676],[139.9985,35.1668],[139.9993,35.1661],[139.9993,35.1647],[139.9983,35.1634],[139.9973,35.1604],[139.9957,35.1606],[139.9935,35.1599],[139.9927,35.1592],[139.9928,35.1582],[139.9936,35.157],[139.993,35.1555],[139.9942,35.1556],[139.9952,35.1553],[139.9957,35.1555],[139.9984,35.1552],[140.0008,35.1559],[140.0013,35.1551],[140.0037,35.1541],[140.0048,35.154],[140.006,35.1555],[140.0083,35.1559],[140.0088,35.1565],[140.0097,35.1555],[140.0117,35.1549],[140.013,35.1547],[140.0146,35.1539],[140.0153,35.1539],[140.0159,35.1548],[140.0167,35.1547],[140.0186,35.1555],[140.0189,35.156],[140.0203,35.157],[140.021,35.1585],[140.0219,35.1598],[140.0228,35.1602],[140.0261,35.1621],[140.0278,35.1625],[140.0286,35.1631],[140.0288,35.164],[140.0294,35.1643],[140.0311,35.1642],[140.0311,35.1627],[140.0318,35.1615],[140.0329,35.1608],[140.0333,35.1594],[140.0347,35.159],[140.037,35.1591],[140.0379,35.1588],[140.0382,35.1593],[140.0408,35.1598],[140.043,35.1619],[140.0442,35.162],[140.0447,35.1617],[140.0465,35.1615],[140.0467,35.1607],[140.0487,35.1603],[140.0494,35.1607],[140.0503,35.1607],[140.051,35.1616],[140.0519,35.1614],[140.0525,35.1619],[140.0535,35.1621],[140.0542,35.1635],[140.0543,35.1654],[140.0563,35.166],[140.0591,35.1661],[140.0604,35.1656],[140.0622,35.1658],[140.0631,35.1675],[140.0651,35.168],[140.0656,35.1699],[140.0681,35.171],[140.068,35.1716],[140.0696,35.1729],[140.0703,35.174],[140.0716,35.1735],[140.0731,35.1745],[140.0741,35.1743],[140.0758,35.1752],[140.0781,35.1741],[140.0781,35.1733],[140.0803,35.1722],[140.0835,35.1716],[140.0842,35.172],[140.0853,35.1711],[140.087,35.1708],[140.0881,35.1698],[140.0893,35.1696],[140.0909,35.1684],[140.0921,35.1693],[140.0942,35.1698],[140.0959,35.1706],[140.096,35.1721],[140.0956,35.1726],[140.0965,35.1741],[140.096,35.1753],[140.0964,35.1762],[140.0968,35.1779],[140.099,35.1789],[140.0988,35.1798],[140.1008,35.181],[140.1014,35.1807],[140.1035,35.1817],[140.1045,35.1811],[140.1047,35.1803],[140.1067,35.18],[140.1091,35.1807],[140.1101,35.1795],[140.1112,35.1801],[140.1123,35.1804],[140.1137,35.18],[140.1148,35.1806],[140.1156,35.182],[140.1164,35.1827],[140.1173,35.1848],[140.1184,35.185],[140.1183,35.1866],[140.1185,35.1877],[140.1191,35.188],[140.1198,35.189],[140.12,35.1902],[140.1211,35.1909],[140.1233,35.1895],[140.1247,35.1899],[140.1254,35.1898],[140.1266,35.189],[140.1277,35.1891],[140.1296,35.1885],[140.1333,35.1902],[140.1338,35.19],[140.1349,35.1908],[140.1355,35.1902],[140.1377,35.1901],[140.1387,35.191],[140.1401,35.1905],[140.1409,35.1905],[140.1423,35.19],[140.143,35.1889],[140.1449,35.1872],[140.1449,35.1865],[140.1457,35.1854],[140.1481,35.1865],[140.1494,35.1864],[140.1505,35.186],[140.1507,35.1851],[140.1503,35.1842],[140.1514,35.1837],[140.1517,35.1831],[140.1527,35.1828],[140.1534,35.1817],[140.1542,35.1813],[140.1554,35.1811],[140.1572,35.1823],[140.1582,35.1819],[140.1592,35.1812],[140.1605,35.1814],[140.1613,35.1812],[140.1622,35.183],[140.1613,35.1851],[140.1604,35.1866],[140.1597,35.1873],[140.16,35.1885],[140.1598,35.1898],[140.1586,35.1908],[140.1586,35.1914],[140.1576,35.1921],[140.1571,35.193],[140.1557,35.1944],[140.1553,35.1954],[140.1557,35.196],[140.1556,35.1969],[140.1564,35.1981],[140.1553,35.199],[140.1541,35.1984],[140.1532,35.1997],[140.1533,35.2007],[140.1528,35.2018],[140.1528,35.2037],[140.1519,35.2042],[140.1517,35.2048],[140.1524,35.2062],[140.1513,35.2069],[140.1501,35.2068],[140.1485,35.2075],[140.1482,35.2087],[140.1485,35.2096],[140.1482,35.2101],[140.1482,35.212],[140.1465,35.2139],[140.146,35.2155],[140.1448,35.217],[140.1437,35.2177],[140.1434,35.2184],[140.144,35.2194],[140.1432,35.2205],[140.1434,35.2212],[140.1427,35.2229],[140.142,35.2229],[140.1413,35.2234],[140.1408,35.2244],[140.1396,35.2262],[140.1394,35.2279],[140.1404,35.2282],[140.1416,35.2293],[140.1412,35.2312],[140.14,35.2314],[140.1388,35.2336],[140.1378,35.2339],[140.1373,35.2347],[140.1371,35.2368],[140.1365,35.2375],[140.1356,35.2373],[140.1352,35.2367],[140.1335,35.237],[140.1322,35.238],[140.132,35.2385],[140.1327,35.2392],[140.1326,35.2405],[140.1314,35.2412],[140.1308,35.2425],[140.1302,35.2434],[140.1293,35.2434],[140.128,35.2443],[140.1271,35.2445],[140.1265,35.2441],[140.1252,35.2439],[140.125,35.2446],[140.1241,35.2455],[140.1239,35.2462],[140.1244,35.2469],[140.1224,35.2475],[140.1222,35.2478],[140.1227,35.2493],[140.1232,35.2514],[140.1229,35.2522],[140.1228,35.2536],[140.121,35.2554],[140.1206,35.2554],[140.1202,35.2574],[140.1204,35.2584],[140.1196,35.2607],[140.1187,35.2615],[140.1184,35.2632],[140.1201,35.2663],[140.1193,35.267],[140.1189,35.268],[140.1191,35.269],[140.1179,35.2719],[140.1173,35.2728],[140.1184,35.2735],[140.1187,35.2747],[140.1183,35.2758],[140.119,35.2779],[140.1189,35.2793],[140.1195,35.2805],[140.1196,35.2814],[140.1202,35.2823],[140.1202,35.2829],[140.1193,35.2836],[140.1183,35.2852],[140.1175,35.2858],[140.1173,35.2867],[140.1154,35.2882],[140.1147,35.2883],[140.1144,35.2896],[140.1152,35.2901],[140.1164,35.2902],[140.1163,35.2911],[140.1153,35.2919],[140.1152,35.2934],[140.1149,35.2941],[140.1161,35.2962],[140.1162,35.2969],[140.1155,35.2978],[140.116,35.2986],[140.1165,35.3002],[140.1171,35.3015],[140.1166,35.3023],[140.1172,35.3032],[140.117,35.3043],[140.1174,35.3052],[140.119,35.3055],[140.1206,35.3056],[140.1222,35.3074],[140.1223,35.3098],[140.1226,35.3103],[140.1223,35.3114],[140.1221,35.3138],[140.121,35.3139],[140.1188,35.3148],[140.1182,35.3162],[140.1143,35.3141],[140.113,35.3138],[140.1117,35.3142],[140.1099,35.3142],[140.1092,35.3138],[140.1088,35.313],[140.1079,35.3126],[140.1068,35.3134],[140.1054,35.3138],[140.1049,35.3145],[140.1053,35.3163],[140.1042,35.3173],[140.1016,35.3173],[140.1013,35.318],[140.1015,35.3206],[140.1027,35.3206],[140.1043,35.3199],[140.106,35.3199],[140.1079,35.319],[140.1091,35.3192],[140.1075,35.321],[140.1067,35.3226],[140.1061,35.3232],[140.1049,35.3236],[140.1039,35.3243],[140.1038,35.3252],[140.1042,35.3259],[140.1032,35.3271],[140.1015,35.3267],[140.1007,35.3273],[140.1,35.3284],[140.0981,35.3284],[140.0979,35.3271],[140.097,35.327],[140.0959,35.3287],[140.0948,35.3282],[140.0939,35.3283],[140.0934,35.3296],[140.0929,35.3303],[140.092,35.3306],[140.091,35.3305],[140.0901,35.3309],[140.092,35.3336],[140.0916,35.334],[140.09,35.3339],[140.0893,35.3351],[140.0879,35.3361],[140.0877,35.3371],[140.087,35.3379],[140.085,35.3382],[140.0842,35.3398],[140.0843,35.3407],[140.0833,35.3426],[140.0831,35.344],[140.0833,35.3458],[140.0841,35.3469],[140.083,35.3471],[140.0821,35.3458],[140.0803,35.3459],[140.0793,35.3455],[140.079,35.3464],[140.0771,35.3469],[140.0753,35.3466],[140.0732,35.3453],[140.0707,35.3458],[140.07,35.3467],[140.0692,35.3467],[140.0666,35.349],[140.0654,35.3499],[140.0643,35.3499],[140.0636,35.3504],[140.0618,35.3511],[140.0609,35.3509],[140.0595,35.3529],[140.0593,35.3539],[140.0587,35.3543],[140.0573,35.3542],[140.056,35.3548],[140.0561,35.3554],[140.0552,35.3556],[140.0526,35.3556],[140.0516,35.3553],[140.0517,35.352],[140.0486,35.352],[140.049,35.3508],[140.0466,35.3507],[140.0484,35.3487],[140.0482,35.3481],[140.0471,35.3476],[140.0462,35.3476],[140.0443,35.3483],[140.0435,35.3475],[140.0436,35.3458],[140.0432,35.3453],[140.0447,35.3436],[140.0453,35.3424],[140.0452,35.3416],[140.0445,35.3407],[140.0426,35.3394],[140.044,35.3385],[140.0436,35.3377],[140.0412,35.3382],[140.041,35.3374],[140.0418,35.3359],[140.0402,35.3353],[140.0393,35.3352],[140.0379,35.3346],[140.0368,35.3349],[140.0357,35.3338],[140.0331,35.3332],[140.0318,35.3321],[140.0305,35.3317],[140.0293,35.3305],[140.0266,35.33],[140.0258,35.3302],[140.0243,35.3302],[140.0233,35.3305],[140.0216,35.3301],[140.0208,35.3291],[140.0213,35.3257],[140.0212,35.324],[140.0203,35.3228],[140.02,35.3219],[140.0192,35.3215],[140.0176,35.3195],[140.0167,35.3189],[140.0162,35.318],[140.0161,35.317],[140.0166,35.3161],[140.0157,35.3142],[140.0156,35.3135],[140.014,35.3127],[140.0129,35.3142],[140.0128,35.3148],[140.012,35.3154],[140.0113,35.3155],[140.0108,35.3162],[140.0103,35.3189],[140.0089,35.3199],[140.0083,35.3209],[140.0074,35.3211],[140.0075,35.322],[140.0064,35.3233],[140.0049,35.3262],[140.0049,35.3268],[140.004,35.3281],[140.0019,35.3303],[140.0016,35.3299],[140.0014,35.3273],[140.0001,35.3274],[139.999,35.3269],[139.9981,35.3259],[139.9977,35.3221],[139.9981,35.3207],[139.9978,35.3189],[139.9973,35.3174],[139.9963,35.3177],[139.9961,35.3167],[139.9965,35.3164],[139.996,35.3157],[139.9946,35.3168],[139.9926,35.3172],[139.991,35.3184],[139.99,35.3197],[139.9889,35.3188],[139.9881,35.3177],[139.9876,35.3176],[139.986,35.3195],[139.9843,35.3198],[139.9837,35.3193],[139.9825,35.3168],[139.9816,35.3168],[139.9809,35.3151],[139.98,35.3159],[139.9794,35.3174],[139.9786,35.3172],[139.9776,35.318],[139.9758,35.3186],[139.9738,35.3184],[139.9738,35.3196],[139.9734,35.3211],[139.9722,35.3226],[139.969,35.3245],[139.9676,35.326],[139.9658,35.3269],[139.965,35.3284],[139.9647,35.3304],[139.9643,35.3315],[139.9629,35.3313],[139.9604,35.3317],[139.9587,35.3315],[139.9575,35.3315],[139.9569,35.331],[139.9548,35.3303],[139.9541,35.3305],[139.9534,35.3299],[139.9517,35.3297],[139.9514,35.3305],[139.9503,35.3313],[139.9493,35.3317],[139.9488,35.3322],[139.9488,35.3331],[139.9481,35.3335],[139.9469,35.3329],[139.9458,35.3328],[139.9458,35.3334],[139.9424,35.3349],[139.9405,35.3361],[139.9394,35.3356],[139.9385,35.3377],[139.938,35.3376],[139.9371,35.3383],[139.9359,35.3373],[139.9345,35.3374],[139.9336,35.337],[139.9332,35.3377],[139.9323,35.3383],[139.9315,35.3384],[139.9312,35.3375],[139.9305,35.3371],[139.9298,35.3376],[139.9297,35.3385],[139.9291,35.3384],[139.9277,35.3388],[139.9269,35.3393],[139.9265,35.3385],[139.9265,35.3375],[139.9249,35.3375],[139.9244,35.3383],[139.9235,35.3379],[139.9226,35.3382],[139.9222,35.3391],[139.9212,35.3396],[139.9207,35.3405],[139.9201,35.3404],[139.9196,35.3395],[139.9175,35.3393],[139.9171,35.3389],[139.9162,35.3399],[139.9142,35.3407],[139.9137,35.3399],[139.9121,35.3404],[139.9117,35.3402],[139.9115,35.3392],[139.9106,35.3392],[139.9092,35.3388],[139.9088,35.3378],[139.9057,35.3384],[139.9054,35.3367],[139.9046,35.3352],[139.9002,35.3373],[139.8989,35.3374],[139.8994,35.339],[139.8985,35.3396],[139.8988,35.3408],[139.8988,35.3419],[139.8978,35.3438],[139.8978,35.3452],[139.8973,35.3471],[139.8955,35.3487],[139.8889,35.3592],[139.8875,35.3615]]],[[[139.8571,35.3416],[139.8565,35.3423],[139.8539,35.341],[139.8557,35.3408],[139.8556,35.3402],[139.8566,35.34],[139.8571,35.3416]]],[[[139.8821,35.3769],[139.8697,35.3769],[139.8697,35.3768],[139.8821,35.3768],[139.8821,35.3769]]],[[[139.8693,35.3769],[139.861,35.3769],[139.861,35.3768],[139.8693,35.3768],[139.8693,35.3769]]],[[[139.8583,35.3395],[139.8588,35.3403],[139.8581,35.3402],[139.8583,35.3395]]],[[[139.8563,35.3518],[139.8567,35.3511],[139.8568,35.3511],[139.8563,35.3518]]],[[[139.8524,35.3725],[139.8525,35.3724],[139.8526,35.3724],[139.8524,35.3725]]]]}},{"type":"Feature","properties":{"name":"富津市","自治体":"富津市","区分":"許可・届出制/施設ごとに要相談","規制概要":"磯根崎・磯根海岸(大貫漁港区域)の撮影について、市が「ドローン海上での撮影不可」と明記。当該海岸に限定。","公式HP":"https://www.city.futtsu.lg.jp/","確認日":"2026-08-17","_pref":"千葉県","_cat":"restricted","_color":"#006064","_opacity":0.9,"_weight":1.5,"_fillColor":"#00838f","_fillOpacity":0.4,"出典1":"富津市 フィルムコミッション 撮影許可先一覧(商工観光課)","出典1_URL":"https://www.city.futtsu.lg.jp/0000006735.html","出典1_引用":"ドローン海上での撮影不可"},"geometry":{"type":"MultiPolygon","coordinates":[[[[139.993,35.1555],[139.9936,35.157],[139.9928,35.1582],[139.9927,35.1592],[139.9935,35.1599],[139.9957,35.1606],[139.9973,35.1604],[139.9983,35.1634],[139.9993,35.1647],[139.9993,35.1661],[139.9985,35.1668],[139.9983,35.1676],[139.999,35.168],[140.0007,35.1709],[140.0009,35.1724],[140.0002,35.1727],[139.999,35.174],[139.9987,35.1755],[139.9991,35.176],[139.9991,35.1783],[139.9976,35.1789],[139.9961,35.18],[139.9958,35.1818],[139.9962,35.1824],[139.9961,35.1835],[139.9957,35.1841],[139.996,35.1853],[139.9959,35.1864],[139.9965,35.1866],[139.997,35.1874],[139.9969,35.1883],[139.9974,35.1903],[139.9974,35.1925],[139.9969,35.1938],[139.9963,35.1943],[139.9959,35.1958],[139.9929,35.1968],[139.9926,35.1981],[139.9915,35.1991],[139.9915,35.1997],[139.9907,35.2008],[139.9895,35.201],[139.9883,35.2019],[139.9878,35.2026],[139.9865,35.2037],[139.9866,35.206],[139.9862,35.2067],[139.9847,35.2076],[139.9843,35.2086],[139.9826,35.2102],[139.9834,35.2124],[139.9843,35.2137],[139.9838,35.215],[139.9797,35.2169],[139.9793,35.2175],[139.9792,35.2195],[139.9795,35.2202],[139.9793,35.2208],[139.9782,35.2219],[139.9776,35.2239],[139.9776,35.2253],[139.9784,35.2264],[139.98,35.2273],[139.98,35.228],[139.979,35.229],[139.9792,35.2315],[139.9781,35.2326],[139.9776,35.2336],[139.9779,35.2349],[139.9772,35.2356],[139.9776,35.2372],[139.9768,35.2386],[139.9769,35.2405],[139.9774,35.2414],[139.9775,35.2427],[139.9781,35.2437],[139.9767,35.2458],[139.9747,35.2455],[139.9739,35.2457],[139.9728,35.2446],[139.9743,35.2442],[139.976,35.2432],[139.9761,35.2422],[139.9742,35.2405],[139.9726,35.2397],[139.9713,35.2383],[139.9707,35.2382],[139.97,35.2388],[139.9699,35.2397],[139.9685,35.24],[139.9665,35.2397],[139.9657,35.2412],[139.9643,35.2423],[139.9626,35.2429],[139.9609,35.2441],[139.9591,35.2434],[139.9581,35.2434],[139.9579,35.2428],[139.9563,35.2425],[139.9538,35.241],[139.9533,35.2404],[139.9518,35.2411],[139.9518,35.2425],[139.9513,35.2438],[139.9516,35.2455],[139.9513,35.2463],[139.9504,35.2461],[139.9491,35.2462],[139.9489,35.2485],[139.9486,35.2511],[139.9492,35.2521],[139.9512,35.253],[139.9534,35.2533],[139.9555,35.2533],[139.9554,35.2542],[139.9561,35.2559],[139.9562,35.2572],[139.9544,35.2572],[139.9542,35.2587],[139.9527,35.2593],[139.952,35.2601],[139.9507,35.2601],[139.9503,35.2596],[139.9493,35.2596],[139.9484,35.2603],[139.9471,35.26],[139.946,35.2605],[139.9461,35.2614],[139.9454,35.2627],[139.9445,35.2634],[139.9431,35.2626],[139.9413,35.262],[139.9404,35.2622],[139.9382,35.2618],[139.9368,35.2613],[139.9369,35.2634],[139.9364,35.264],[139.9367,35.2656],[139.9359,35.2663],[139.9342,35.2661],[139.9326,35.2652],[139.9307,35.2669],[139.9298,35.2668],[139.9281,35.2682],[139.9271,35.2687],[139.9253,35.2685],[139.9244,35.2688],[139.924,35.2696],[139.923,35.2707],[139.9218,35.271],[139.9206,35.2711],[139.9191,35.2708],[139.9164,35.2724],[139.9165,35.2739],[139.9157,35.2749],[139.9148,35.275],[139.9142,35.2758],[139.9134,35.2776],[139.9122,35.2789],[139.9125,35.2799],[139.9118,35.281],[139.9105,35.2814],[139.9101,35.2824],[139.9104,35.283],[139.9103,35.284],[139.9111,35.285],[139.9111,35.2883],[139.91,35.2883],[139.9088,35.2886],[139.9075,35.2886],[139.9072,35.289],[139.9062,35.2891],[139.9056,35.2895],[139.9041,35.2892],[139.9022,35.2904],[139.9019,35.2916],[139.9027,35.2931],[139.9023,35.2948],[139.9003,35.2954],[139.9004,35.2981],[139.9,35.2987],[139.8988,35.299],[139.8979,35.3001],[139.8973,35.3003],[139.8961,35.2998],[139.8941,35.3001],[139.8928,35.301],[139.8917,35.3014],[139.89,35.3012],[139.8886,35.3019],[139.8883,35.3025],[139.8885,35.3035],[139.8884,35.305],[139.8879,35.3062],[139.8881,35.3071],[139.8878,35.3076],[139.8871,35.3126],[139.8864,35.3135],[139.8848,35.3149],[139.8834,35.3184],[139.8826,35.32],[139.881,35.3206],[139.8806,35.3215],[139.8796,35.3215],[139.8777,35.3237],[139.8775,35.3244],[139.8757,35.3254],[139.8759,35.3263],[139.8745,35.3267],[139.873,35.3276],[139.8727,35.3283],[139.8699,35.3299],[139.8676,35.3295],[139.8671,35.33],[139.8656,35.3308],[139.8648,35.332],[139.8645,35.3332],[139.8647,35.3346],[139.8658,35.3366],[139.8646,35.339],[139.864,35.3382],[139.8613,35.3387],[139.8616,35.3408],[139.8615,35.3416],[139.8593,35.3415],[139.8581,35.342],[139.8583,35.3426],[139.8555,35.3447],[139.8522,35.3493],[139.8503,35.3485],[139.8471,35.3468],[139.8378,35.3589],[139.8314,35.3527],[139.8303,35.3517],[139.823,35.3444],[139.823,35.3442],[139.8288,35.3367],[139.8371,35.3378],[139.8393,35.335],[139.8403,35.3344],[139.8394,35.3337],[139.8304,35.3291],[139.8302,35.3293],[139.8244,35.3263],[139.8233,35.3254],[139.8239,35.3247],[139.8213,35.3233],[139.8201,35.3248],[139.8227,35.3262],[139.8219,35.3272],[139.8214,35.3266],[139.8165,35.324],[139.8189,35.3209],[139.8182,35.3206],[139.8157,35.32],[139.816,35.3195],[139.8182,35.32],[139.8189,35.319],[139.8163,35.3185],[139.8193,35.3178],[139.8197,35.3165],[139.8138,35.3152],[139.8137,35.3165],[139.8156,35.3181],[139.8143,35.3187],[139.8128,35.3174],[139.8133,35.316],[139.8096,35.3152],[139.8059,35.3147],[139.8054,35.3148],[139.8035,35.3144],[139.8013,35.3144],[139.7987,35.3141],[139.7938,35.3139],[139.7904,35.3136],[139.7859,35.3134],[139.7847,35.3128],[139.7852,35.3124],[139.7925,35.3111],[139.7954,35.3106],[139.796,35.3106],[139.7981,35.3099],[139.8016,35.3091],[139.8069,35.3077],[139.8095,35.3072],[139.8151,35.3055],[139.8167,35.3045],[139.8159,35.3028],[139.8186,35.3019],[139.8197,35.3037],[139.8262,35.3016],[139.8259,35.301],[139.8278,35.3001],[139.8289,35.3001],[139.8352,35.2977],[139.8374,35.2967],[139.8422,35.2941],[139.8438,35.2929],[139.8453,35.2919],[139.8486,35.2894],[139.8511,35.2869],[139.8518,35.2865],[139.8522,35.2855],[139.8528,35.2849],[139.8533,35.2834],[139.8532,35.2822],[139.8527,35.2815],[139.8524,35.2796],[139.8518,35.278],[139.8504,35.2764],[139.8493,35.2771],[139.8477,35.2785],[139.8469,35.2781],[139.8482,35.2765],[139.8489,35.275],[139.8489,35.2736],[139.8485,35.273],[139.8474,35.2723],[139.847,35.2717],[139.8499,35.2694],[139.8538,35.2659],[139.8551,35.2649],[139.858,35.2623],[139.8591,35.2605],[139.8605,35.2591],[139.8618,35.2572],[139.8635,35.2554],[139.8644,35.2542],[139.864,35.2536],[139.8659,35.2506],[139.8666,35.249],[139.8688,35.2425],[139.869,35.2408],[139.8694,35.2393],[139.8693,35.2375],[139.8698,35.2363],[139.8699,35.2338],[139.8704,35.2321],[139.8707,35.2307],[139.8704,35.2282],[139.8693,35.2281],[139.8693,35.2263],[139.869,35.2235],[139.8679,35.2208],[139.8667,35.2194],[139.8651,35.2186],[139.8635,35.2182],[139.8626,35.2177],[139.8616,35.2176],[139.8598,35.2169],[139.8587,35.2158],[139.8571,35.2157],[139.8561,35.2149],[139.8544,35.2143],[139.8522,35.2138],[139.8487,35.2129],[139.8482,35.213],[139.8477,35.212],[139.8468,35.2117],[139.8459,35.2107],[139.8454,35.2106],[139.8453,35.2096],[139.8447,35.2088],[139.8441,35.2085],[139.8411,35.2082],[139.8395,35.2071],[139.8376,35.2068],[139.8366,35.2063],[139.8362,35.2057],[139.8347,35.2044],[139.8338,35.2047],[139.833,35.2045],[139.8312,35.2036],[139.8298,35.2032],[139.8304,35.2026],[139.8301,35.2015],[139.8293,35.2002],[139.8285,35.2],[139.8279,35.199],[139.8262,35.1983],[139.8259,35.1985],[139.824,35.1978],[139.824,35.1963],[139.8226,35.1956],[139.8225,35.1949],[139.8216,35.1941],[139.822,35.1932],[139.8217,35.1926],[139.8195,35.1904],[139.819,35.1903],[139.818,35.1871],[139.8185,35.1862],[139.8171,35.1857],[139.8169,35.1843],[139.8178,35.1839],[139.8178,35.1819],[139.8186,35.1817],[139.8187,35.181],[139.8168,35.1811],[139.8171,35.1796],[139.8183,35.1787],[139.817,35.1787],[139.8169,35.1776],[139.8162,35.1771],[139.8162,35.176],[139.8166,35.1752],[139.818,35.1754],[139.818,35.1742],[139.8184,35.1738],[139.8179,35.1727],[139.8172,35.1731],[139.8158,35.1724],[139.816,35.1718],[139.8171,35.1708],[139.8175,35.171],[139.8185,35.17],[139.8182,35.1694],[139.8169,35.1696],[139.8167,35.1689],[139.8183,35.1677],[139.8192,35.168],[139.8201,35.1676],[139.821,35.1665],[139.8219,35.1665],[139.8223,35.1647],[139.8214,35.1634],[139.8198,35.1633],[139.8188,35.162],[139.819,35.1613],[139.8186,35.1605],[139.8194,35.1604],[139.8189,35.1595],[139.8189,35.1586],[139.8178,35.1566],[139.8188,35.1558],[139.8182,35.1549],[139.8203,35.155],[139.8217,35.1553],[139.8233,35.1563],[139.825,35.157],[139.8266,35.1571],[139.8287,35.1586],[139.8305,35.1586],[139.8325,35.1594],[139.8333,35.1593],[139.8351,35.1597],[139.8364,35.1596],[139.8381,35.1592],[139.8408,35.1602],[139.844,35.1604],[139.8455,35.161],[139.8462,35.1618],[139.8485,35.1622],[139.8499,35.162],[139.8517,35.1623],[139.8521,35.1626],[139.8527,35.1639],[139.8541,35.1643],[139.8559,35.164],[139.858,35.1633],[139.8591,35.1624],[139.8595,35.1611],[139.8615,35.1612],[139.8625,35.1608],[139.8643,35.1617],[139.8652,35.1613],[139.8652,35.1604],[139.8675,35.1604],[139.8688,35.1587],[139.8705,35.159],[139.8713,35.1586],[139.8707,35.158],[139.8708,35.1566],[139.8724,35.1564],[139.8737,35.1553],[139.8751,35.1572],[139.8752,35.1578],[139.8763,35.1576],[139.8768,35.1569],[139.878,35.1571],[139.8785,35.1582],[139.8794,35.1581],[139.8804,35.1574],[139.8815,35.1575],[139.8825,35.1569],[139.8832,35.1575],[139.8845,35.1577],[139.8862,35.1587],[139.8872,35.1597],[139.8881,35.1591],[139.8884,35.1584],[139.8895,35.1579],[139.8917,35.1577],[139.8926,35.1585],[139.8934,35.1587],[139.894,35.1584],[139.8945,35.1574],[139.8947,35.1561],[139.8963,35.1554],[139.8967,35.156],[139.8976,35.1562],[139.8986,35.1561],[139.9003,35.1562],[139.9012,35.1555],[139.9017,35.1544],[139.9021,35.1509],[139.9031,35.1507],[139.9036,35.151],[139.9058,35.1508],[139.9056,35.1498],[139.905,35.1493],[139.9052,35.1484],[139.9066,35.1469],[139.9093,35.1449],[139.9096,35.1439],[139.9105,35.1426],[139.9112,35.1423],[139.9122,35.1413],[139.9131,35.1392],[139.9139,35.1393],[139.9152,35.14],[139.9157,35.1408],[139.9179,35.1412],[139.9195,35.1405],[139.9212,35.1405],[139.9235,35.1402],[139.9244,35.1394],[139.9257,35.1394],[139.9263,35.14],[139.9271,35.1398],[139.9288,35.1401],[139.9297,35.1395],[139.9316,35.1393],[139.9318,35.1411],[139.9309,35.1421],[139.9312,35.1428],[139.9313,35.1445],[139.9307,35.1466],[139.9317,35.1476],[139.933,35.1478],[139.9346,35.1474],[139.9359,35.1465],[139.9373,35.1464],[139.938,35.146],[139.9392,35.1465],[139.9392,35.1472],[139.9423,35.1478],[139.9425,35.1487],[139.9419,35.149],[139.9423,35.1503],[139.9438,35.1518],[139.9446,35.152],[139.9461,35.1529],[139.9477,35.1523],[139.9491,35.152],[139.9515,35.1538],[139.9528,35.1536],[139.9537,35.1525],[139.9543,35.1522],[139.956,35.1521],[139.9567,35.1537],[139.9582,35.1538],[139.9605,35.1545],[139.963,35.1548],[139.9642,35.1542],[139.9646,35.1534],[139.9669,35.1534],[139.9693,35.1523],[139.9704,35.1522],[139.9719,35.1516],[139.9725,35.1525],[139.9734,35.1524],[139.9776,35.1533],[139.9789,35.153],[139.9798,35.1536],[139.9815,35.1536],[139.9824,35.1539],[139.9848,35.1541],[139.9855,35.1538],[139.9869,35.1545],[139.9888,35.1545],[139.9917,35.1554],[139.993,35.1555]],[[139.8571,35.3416],[139.8566,35.34],[139.8556,35.3402],[139.8557,35.3408],[139.8539,35.341],[139.8565,35.3423],[139.8571,35.3416]],[[139.8583,35.3395],[139.8581,35.3402],[139.8588,35.3403],[139.8583,35.3395]]],[[[139.7444,35.3123],[139.7439,35.313],[139.7431,35.3122],[139.7419,35.3119],[139.7398,35.3123],[139.7397,35.3116],[139.7422,35.3113],[139.7433,35.3114],[139.7444,35.3123]]],[[[139.7685,35.3156],[139.7671,35.3155],[139.7674,35.3147],[139.7681,35.3144],[139.7707,35.3142],[139.7704,35.3154],[139.7694,35.3153],[139.7685,35.3156]]],[[[139.8221,35.3015],[139.8199,35.3015],[139.8199,35.3014],[139.8221,35.3015]]],[[[139.8178,35.3017],[139.8157,35.3024],[139.8156,35.3023],[139.8177,35.3016],[139.8178,35.3017]]],[[[139.8184,35.3013],[139.8184,35.3012],[139.8195,35.3008],[139.8184,35.3013]]],[[[139.8162,35.1849],[139.816,35.1846],[139.8164,35.1846],[139.8162,35.1849]]],[[[139.8212,35.1642],[139.8206,35.164],[139.8203,35.164],[139.82,35.164],[139.8199,35.1642],[139.8199,35.1641],[139.8199,35.1639],[139.8203,35.164],[139.8206,35.1639],[139.8212,35.1642]]],[[[139.8475,35.2124],[139.8476,35.2124],[139.8476,35.2125],[139.8474,35.2125],[139.8475,35.2124]]],[[[139.8154,35.1707],[139.8153,35.1708],[139.8152,35.1707],[139.8154,35.1706],[139.8154,35.1707]]],[[[139.8169,35.1606],[139.8168,35.1607],[139.8168,35.1606],[139.8169,35.1606]]],[[[139.8171,35.1602],[139.8171,35.1603],[139.817,35.1602],[139.8171,35.1602]]],[[[139.839,35.2071],[139.839,35.2072],[139.839,35.2073],[139.8389,35.2072],[139.839,35.2071]]],[[[139.8168,35.16],[139.8169,35.16],[139.8169,35.1601],[139.8168,35.1601],[139.8168,35.16]]],[[[139.8321,35.2041],[139.8321,35.2042],[139.832,35.2041],[139.8321,35.2041]]],[[[139.8326,35.2046],[139.8326,35.2047],[139.8325,35.2047],[139.8325,35.2046],[139.8326,35.2046]]],[[[139.8325,35.2044],[139.8325,35.2045],[139.8324,35.2044],[139.8325,35.2044]]],[[[139.8321,35.2043],[139.8321,35.2044],[139.832,35.2044],[139.832,35.2043],[139.8321,35.2043]]]]}},{"type":"Feature","properties":{"name":"浦安市","自治体":"浦安市","区分":"市管理公園等で原則禁止(公式確認済)","規制概要":"都市公園条例第4条を根拠に、市営の公園・緑地・緑道でのドローン飛行を原則禁止(100g未満も含む)。映像作品等の空撮はみどり公園課へ申請で可。","公式HP":"https://www.city.urayasu.lg.jp/","確認日":"2026-08-17","_pref":"千葉県","_cat":"prohibited","_color":"#4a148c","_opacity":0.9,"_weight":1.5,"_fillColor":"#6a1b9a","_fillOpacity":0.55,"出典1":"浦安市 公園・緑地でのドローン飛行(みどり公園課)","出典1_URL":"https://www.city.urayasu.lg.jp/shisetsu/kouen/1024550/1043925.html","出典1_引用":"公園や緑地、緑道などで小型無人飛行機（ドローンなど）を飛ばす行為は"},"geometry":{"type":"Polygon","coordinates":[[[139.8861,35.6711],[139.8872,35.6688],[139.8874,35.6679],[139.8871,35.6645],[139.8871,35.6619],[139.8874,35.6562],[139.8869,35.6537],[139.8853,35.65],[139.8835,35.6451],[139.8826,35.6444],[139.8796,35.6428],[139.8715,35.6386],[139.875,35.6372],[139.8724,35.633],[139.8726,35.6255],[139.8883,35.6219],[139.8926,35.6254],[139.8936,35.6249],[139.8962,35.6174],[139.8976,35.6167],[139.9058,35.6214],[139.9053,35.6219],[139.9069,35.6231],[139.8994,35.6291],[139.8987,35.6284],[139.8974,35.6294],[139.9001,35.6317],[139.9004,35.6308],[139.9018,35.6299],[139.9053,35.6328],[139.907,35.6314],[139.9047,35.6295],[139.9047,35.6286],[139.9099,35.6245],[139.91,35.6245],[139.9394,35.6405],[139.9395,35.6411],[139.9368,35.6432],[139.924,35.6516],[139.9182,35.6554],[139.9183,35.6555],[139.9044,35.6645],[139.9021,35.6661],[139.9023,35.6679],[139.9009,35.6689],[139.8985,35.6696],[139.8966,35.6704],[139.895,35.6709],[139.8947,35.6716],[139.8934,35.6719],[139.8931,35.6726],[139.8884,35.6727],[139.888,35.6713],[139.8861,35.6711]]]}},{"type":"Feature","properties":{"name":"四街道市","自治体":"四街道市","区分":"自治体独自の規制は確認されず(国の規制のみ)","規制概要":"公式ページでドローンに関する記載は確認されず(2026-08-17時点)。自治体独自の規制は確認されていないため、国の規制(航空法・小型無人機等飛行禁止法・空域)が適用される。公園条例の一般規定(危険・迷惑・管理支障行為の禁止)により管理者判断で個別に制限される場合はある。","公式HP":"https://www.city.yotsukaido.chiba.jp/","確認日":"2026-08-17","_pref":"千葉県","_cat":"unknown","_color":"#455a64","_opacity":0.9,"_weight":1.5,"_fillColor":"#78909c","_fillOpacity":0.18,"出典1":"千葉県警察 小型無人機(ドローン)等の飛行に関するルール(航空法・小型無人機等飛行禁止法)","出典1_URL":"https://www.police.pref.chiba.jp/keibika/safeLife_drone_rules.html","出典2":"千葉県 県管理海岸(港湾・漁港区域を除く)・河川におけるドローンの利用や撮影について","出典2_URL":"https://www.pref.chiba.lg.jp/kakan/kaigan/drone.html"},"geometry":{"type":"Polygon","coordinates":[[[140.1365,35.6705],[140.1407,35.6691],[140.1413,35.669],[140.1413,35.6676],[140.1499,35.6681],[140.1507,35.6688],[140.1513,35.67],[140.1514,35.6718],[140.1522,35.6742],[140.1519,35.6749],[140.1525,35.676],[140.1527,35.677],[140.1518,35.6779],[140.1522,35.6784],[140.153,35.6771],[140.1531,35.6757],[140.1524,35.6748],[140.1528,35.6732],[140.1519,35.671],[140.1516,35.6696],[140.1506,35.6677],[140.1503,35.6664],[140.1503,35.6654],[140.1513,35.6632],[140.1509,35.6621],[140.1512,35.6615],[140.1522,35.6604],[140.1529,35.6601],[140.153,35.6591],[140.1567,35.6574],[140.156,35.6541],[140.1554,35.6517],[140.1554,35.6504],[140.1574,35.6468],[140.1578,35.6463],[140.1636,35.6454],[140.1644,35.6459],[140.1667,35.6481],[140.1671,35.6486],[140.1682,35.6491],[140.1695,35.6508],[140.1708,35.6513],[140.172,35.6523],[140.1732,35.6519],[140.1729,35.6501],[140.1714,35.6475],[140.1701,35.6457],[140.1706,35.6453],[140.1724,35.6475],[140.1729,35.6488],[140.1736,35.6495],[140.1738,35.6513],[140.1737,35.6541],[140.1748,35.654],[140.1765,35.6534],[140.1795,35.6506],[140.1798,35.649],[140.1825,35.6487],[140.1836,35.6476],[140.1823,35.6467],[140.1803,35.645],[140.1803,35.6437],[140.1823,35.6456],[140.1851,35.6472],[140.186,35.6461],[140.1855,35.6454],[140.1852,35.6443],[140.1853,35.6436],[140.1861,35.642],[140.189,35.643],[140.1902,35.643],[140.191,35.6417],[140.1918,35.6411],[140.1922,35.6402],[140.1941,35.6398],[140.1934,35.6391],[140.1919,35.6395],[140.1917,35.6375],[140.1905,35.6368],[140.1893,35.6364],[140.189,35.6356],[140.1881,35.6344],[140.1858,35.6332],[140.1868,35.6316],[140.1851,35.6291],[140.1862,35.6288],[140.1893,35.6264],[140.1896,35.6256],[140.1911,35.6259],[140.1934,35.6268],[140.1983,35.6344],[140.1989,35.6345],[140.1998,35.6357],[140.2038,35.6402],[140.2036,35.6405],[140.2055,35.6429],[140.2061,35.644],[140.2083,35.646],[140.207,35.6463],[140.2066,35.6474],[140.2051,35.6487],[140.2046,35.651],[140.2051,35.6518],[140.2066,35.6522],[140.2078,35.653],[140.2103,35.6541],[140.2119,35.6546],[140.2133,35.6546],[140.2124,35.6575],[140.2127,35.6601],[140.2131,35.6608],[140.2145,35.6619],[140.2149,35.6628],[140.2142,35.6644],[140.2129,35.6655],[140.2117,35.667],[140.2108,35.6685],[140.2103,35.6705],[140.2098,35.6713],[140.2091,35.6718],[140.208,35.6717],[140.2091,35.6757],[140.2096,35.6757],[140.2101,35.6767],[140.2088,35.6764],[140.206,35.6776],[140.2046,35.6791],[140.2036,35.6806],[140.2025,35.6844],[140.2021,35.6862],[140.2025,35.6871],[140.2039,35.6886],[140.2046,35.6883],[140.2052,35.6893],[140.2046,35.6895],[140.2084,35.6977],[140.2078,35.7003],[140.2067,35.701],[140.2081,35.7019],[140.2077,35.7031],[140.207,35.7037],[140.207,35.7046],[140.2066,35.7055],[140.2052,35.7073],[140.2049,35.7064],[140.2035,35.7051],[140.2025,35.7048],[140.1994,35.7044],[140.1991,35.705],[140.1972,35.7045],[140.1962,35.7032],[140.1953,35.7024],[140.1946,35.7025],[140.1937,35.7018],[140.1929,35.7026],[140.193,35.7036],[140.1926,35.7043],[140.1914,35.7039],[140.1901,35.703],[140.1897,35.702],[140.1889,35.7016],[140.1883,35.7007],[140.1876,35.7007],[140.1861,35.7],[140.1843,35.6996],[140.1832,35.699],[140.1834,35.6984],[140.1831,35.6974],[140.1821,35.6961],[140.1814,35.6957],[140.179,35.695],[140.1775,35.6948],[140.1768,35.6951],[140.1765,35.6971],[140.1745,35.6995],[140.1728,35.6972],[140.1703,35.6957],[140.1692,35.6944],[140.1689,35.6952],[140.1692,35.6964],[140.1688,35.6966],[140.1671,35.6979],[140.1655,35.6988],[140.1654,35.6974],[140.165,35.6967],[140.1637,35.6954],[140.1629,35.6932],[140.1626,35.6935],[140.163,35.6958],[140.161,35.696],[140.1592,35.6956],[140.158,35.6965],[140.1549,35.6978],[140.155,35.698],[140.1509,35.6998],[140.1488,35.7008],[140.1482,35.7],[140.1489,35.6997],[140.1482,35.6964],[140.1495,35.696],[140.1481,35.6951],[140.1469,35.6932],[140.1469,35.6928],[140.149,35.6921],[140.1508,35.6911],[140.1526,35.6893],[140.1531,35.6868],[140.1536,35.6859],[140.1539,35.684],[140.1544,35.6834],[140.154,35.6825],[140.1531,35.6825],[140.1527,35.6844],[140.1529,35.6851],[140.1523,35.6862],[140.152,35.6876],[140.149,35.6861],[140.1501,35.6873],[140.1517,35.6884],[140.1517,35.6891],[140.1504,35.6902],[140.1486,35.6911],[140.1483,35.6899],[140.1478,35.69],[140.1479,35.6914],[140.147,35.6918],[140.1454,35.6912],[140.1431,35.6914],[140.1425,35.6911],[140.142,35.6901],[140.1412,35.6893],[140.1395,35.6882],[140.1395,35.6866],[140.1393,35.686],[140.1382,35.6849],[140.1377,35.6836],[140.1379,35.6828],[140.1375,35.6819],[140.1375,35.681],[140.1366,35.6802],[140.1367,35.6795],[140.1384,35.6754],[140.1385,35.6746],[140.1383,35.6731],[140.1378,35.6718],[140.1365,35.6705]]]}},{"type":"Feature","properties":{"name":"袖ケ浦市","自治体":"袖ケ浦市","区分":"許可・届出制/施設ごとに要相談","規制概要":"コンビナート・プラント事業所でドローンを運用する場合、国のガイドラインに基づき市消防へ事前届出が必要(届出制)。対象はプラント事業者に限定。","公式HP":"https://www.city.sodegaura.lg.jp/","確認日":"2026-08-17","_pref":"千葉県","_cat":"restricted","_color":"#006064","_opacity":0.9,"_weight":1.5,"_fillColor":"#00838f","_fillOpacity":0.4,"出典1":"袖ケ浦市 コンビナート/プラントでのドローン運用は消防へ届出(消防本部予防課)","出典1_URL":"https://www.city.sodegaura.lg.jp/soshiki/shobo-yobo/drone.html","出典1_引用":"プラントにおけるドローンの安全な運用方法に関するガイドライン"},"geometry":{"type":"Polygon","coordinates":[[[140.0921,35.3881],[140.0924,35.39],[140.0921,35.3905],[140.0923,35.3919],[140.0921,35.3926],[140.0925,35.3938],[140.0925,35.3958],[140.0911,35.3961],[140.0875,35.3978],[140.0885,35.3987],[140.09,35.3995],[140.089,35.4007],[140.0896,35.4015],[140.0914,35.4024],[140.0919,35.4037],[140.0916,35.4048],[140.0928,35.4067],[140.0919,35.408],[140.0918,35.4085],[140.0908,35.4102],[140.0906,35.4113],[140.0895,35.4122],[140.0895,35.4136],[140.0891,35.4142],[140.0889,35.4169],[140.0902,35.4167],[140.0907,35.4176],[140.0894,35.4194],[140.0899,35.421],[140.089,35.4213],[140.0887,35.4225],[140.0881,35.4232],[140.0865,35.4245],[140.0877,35.4255],[140.0877,35.4275],[140.0863,35.4283],[140.084,35.429],[140.0831,35.4287],[140.0817,35.4315],[140.0807,35.4323],[140.0789,35.4315],[140.0769,35.4301],[140.0744,35.4294],[140.0689,35.4283],[140.0663,35.4275],[140.061,35.426],[140.0597,35.4257],[140.0553,35.4262],[140.0534,35.4258],[140.0513,35.4259],[140.0499,35.4251],[140.0472,35.4247],[140.0452,35.4239],[140.0438,35.4236],[140.0326,35.4236],[140.0331,35.4247],[140.0346,35.4254],[140.0384,35.4269],[140.041,35.4295],[140.04,35.4333],[140.0402,35.4344],[140.0407,35.4351],[140.0429,35.4359],[140.0432,35.4369],[140.043,35.4377],[140.0415,35.4392],[140.0412,35.4397],[140.0417,35.4408],[140.0408,35.4427],[140.0403,35.4444],[140.0398,35.4455],[140.0382,35.4479],[140.0368,35.4493],[140.0352,35.4504],[140.0347,35.4516],[140.0324,35.4536],[140.0308,35.4545],[140.0303,35.4551],[140.0302,35.457],[140.0296,35.4582],[140.0285,35.4598],[140.0268,35.4632],[140.0254,35.4637],[140.0244,35.4652],[140.0246,35.4664],[140.0227,35.4676],[140.0214,35.4668],[140.016,35.4714],[140.0125,35.4761],[140.0065,35.4793],[139.9979,35.4747],[139.998,35.4745],[140.0034,35.4683],[139.9993,35.4659],[139.996,35.4703],[139.9957,35.4702],[139.9937,35.4724],[139.9891,35.4699],[139.9916,35.4656],[139.9913,35.4655],[139.9948,35.4594],[139.9968,35.4593],[139.9981,35.4573],[139.9945,35.4559],[139.9929,35.4541],[139.9934,35.4532],[139.9904,35.4521],[139.9892,35.4543],[139.9923,35.4573],[139.9849,35.4703],[139.9847,35.4703],[139.9821,35.4748],[139.9658,35.4686],[139.9678,35.4628],[139.9692,35.4625],[139.9683,35.4615],[139.9685,35.461],[139.9695,35.4607],[139.9726,35.4517],[139.9745,35.4485],[139.9685,35.4462],[139.968,35.4461],[139.9677,35.4481],[139.9579,35.4458],[139.9556,35.4437],[139.9542,35.4443],[139.9549,35.4452],[139.9521,35.453],[139.9542,35.4535],[139.956,35.4485],[139.9573,35.4481],[139.958,35.4484],[139.9645,35.45],[139.965,35.4507],[139.9622,35.4587],[139.9511,35.4561],[139.9488,35.4425],[139.9486,35.4422],[139.9487,35.4417],[139.9502,35.4391],[139.9495,35.4388],[139.9501,35.4377],[139.9459,35.4326],[139.9457,35.4321],[139.9455,35.4298],[139.9465,35.4281],[139.9439,35.4271],[139.9425,35.4263],[139.9406,35.4245],[139.9384,35.4214],[139.9403,35.4206],[139.9416,35.4213],[139.9424,35.421],[139.9423,35.4184],[139.9426,35.4176],[139.9434,35.4169],[139.9455,35.416],[139.9469,35.4159],[139.9488,35.4152],[139.95,35.4143],[139.9509,35.4133],[139.9532,35.4134],[139.9533,35.4129],[139.9542,35.4126],[139.9553,35.4114],[139.9556,35.4106],[139.9567,35.4106],[139.9586,35.4133],[139.9609,35.4136],[139.9631,35.4143],[139.9645,35.4153],[139.9652,35.4172],[139.966,35.4179],[139.9641,35.4181],[139.9638,35.4198],[139.9674,35.4202],[139.968,35.4201],[139.9729,35.4177],[139.9732,35.4181],[139.9753,35.417],[139.974,35.4139],[139.972,35.4122],[139.9715,35.4108],[139.9713,35.4097],[139.9723,35.4094],[139.9731,35.4088],[139.9753,35.4075],[139.9771,35.4084],[139.9794,35.4077],[139.9797,35.4089],[139.9802,35.4093],[139.9836,35.4091],[139.9851,35.4087],[139.9889,35.4085],[139.9893,35.4082],[139.9907,35.4084],[139.991,35.4077],[139.9926,35.407],[139.9948,35.407],[139.995,35.4067],[139.9948,35.4051],[139.9971,35.4049],[139.9981,35.4056],[139.9998,35.4055],[140.0018,35.4051],[140.0025,35.4053],[140.0037,35.405],[140.0059,35.4049],[140.0065,35.4052],[140.0076,35.4049],[140.009,35.4051],[140.0118,35.4043],[140.0108,35.4014],[140.0114,35.4013],[140.0105,35.3983],[140.0086,35.3984],[140.0079,35.3957],[140.0073,35.3954],[140.0066,35.3937],[140.0056,35.3944],[140.0023,35.3963],[140.0009,35.3968],[139.9996,35.3969],[139.9983,35.3967],[139.9968,35.396],[139.995,35.3946],[139.9931,35.3938],[139.9927,35.3931],[139.9932,35.3915],[139.9948,35.3914],[139.995,35.3901],[139.9953,35.3896],[139.9965,35.3896],[139.9981,35.3885],[139.9989,35.3883],[139.9993,35.3876],[140.0006,35.3873],[140.0018,35.3875],[140.003,35.3871],[140.0037,35.3863],[140.0045,35.386],[140.0037,35.3843],[140.004,35.3838],[140.0035,35.3826],[140.0024,35.3829],[140.0015,35.3836],[140.0009,35.383],[140.0006,35.3819],[140.0014,35.3801],[140.0008,35.3787],[140.0013,35.3784],[140.0008,35.3773],[140.0007,35.3755],[140.0021,35.3725],[140.002,35.3718],[140.0008,35.3703],[139.9996,35.3696],[139.9985,35.3685],[139.9982,35.3669],[139.9987,35.366],[139.9989,35.3645],[140.0018,35.3625],[140.0028,35.3613],[140.0032,35.3598],[140.0015,35.3574],[140.0015,35.3561],[140.0007,35.3545],[140.0008,35.353],[139.999,35.3514],[139.9968,35.3507],[139.9959,35.3509],[139.995,35.3501],[139.9953,35.3485],[139.9959,35.3501],[139.9969,35.3504],[139.9971,35.3495],[139.9981,35.3487],[139.9987,35.3488],[139.9992,35.3496],[139.9998,35.3497],[139.9998,35.3509],[140.0004,35.351],[140.0006,35.3498],[140.0013,35.349],[140.0001,35.349],[139.9992,35.3481],[139.9994,35.3473],[140.0001,35.3464],[140.0012,35.3462],[140.0018,35.3452],[140.0016,35.3447],[140.0034,35.3438],[140.0047,35.3441],[140.005,35.3454],[140.0059,35.3448],[140.0081,35.3453],[140.0091,35.3446],[140.0117,35.3441],[140.0129,35.3436],[140.0136,35.3446],[140.015,35.345],[140.0155,35.3462],[140.0174,35.3479],[140.0177,35.3487],[140.0194,35.3501],[140.0197,35.3506],[140.019,35.3522],[140.0192,35.3527],[140.0208,35.3521],[140.022,35.3523],[140.0234,35.3527],[140.0246,35.3527],[140.0249,35.3532],[140.0229,35.357],[140.0236,35.36],[140.0241,35.3604],[140.0271,35.3603],[140.0276,35.3605],[140.0292,35.3606],[140.0307,35.3603],[140.0329,35.3612],[140.0333,35.3631],[140.0344,35.364],[140.0341,35.3661],[140.0349,35.368],[140.0354,35.3699],[140.0353,35.3713],[140.037,35.3712],[140.0423,35.3711],[140.0424,35.3726],[140.0434,35.3726],[140.0441,35.3737],[140.0451,35.3735],[140.0454,35.3751],[140.0458,35.3789],[140.0476,35.3806],[140.0535,35.3782],[140.0552,35.3809],[140.0577,35.3799],[140.0575,35.3795],[140.0589,35.379],[140.0603,35.3787],[140.0609,35.3788],[140.0631,35.3812],[140.064,35.3816],[140.0652,35.3828],[140.0661,35.3827],[140.0678,35.3831],[140.0682,35.3835],[140.0692,35.3835],[140.07,35.3838],[140.0724,35.3832],[140.0729,35.3833],[140.0741,35.3845],[140.0754,35.3854],[140.0764,35.3851],[140.0777,35.3855],[140.0814,35.3853],[140.0818,35.3847],[140.0827,35.3849],[140.0833,35.3845],[140.0837,35.3832],[140.0844,35.3826],[140.0853,35.3825],[140.0861,35.3829],[140.0878,35.3834],[140.0891,35.3832],[140.0912,35.3848],[140.0913,35.3856],[140.0921,35.3881]]]}},{"type":"Feature","properties":{"name":"八街市","自治体":"八街市","区分":"自治体独自の規制は確認されず(国の規制のみ)","規制概要":"公式ページでドローンに関する記載は確認されず(2026-08-17時点)。自治体独自の規制は確認されていないため、国の規制(航空法・小型無人機等飛行禁止法・空域)が適用される。公園条例の一般規定(危険・迷惑・管理支障行為の禁止)により管理者判断で個別に制限される場合はある。","公式HP":"https://www.city.yachimata.lg.jp/","確認日":"2026-08-17","_pref":"千葉県","_cat":"unknown","_color":"#455a64","_opacity":0.9,"_weight":1.5,"_fillColor":"#78909c","_fillOpacity":0.18,"出典1":"千葉県警察 小型無人機(ドローン)等の飛行に関するルール(航空法・小型無人機等飛行禁止法)","出典1_URL":"https://www.police.pref.chiba.jp/keibika/safeLife_drone_rules.html","出典2":"千葉県 県管理海岸(港湾・漁港区域を除く)・河川におけるドローンの利用や撮影について","出典2_URL":"https://www.pref.chiba.lg.jp/kakan/kaigan/drone.html"},"geometry":{"type":"MultiPolygon","coordinates":[[[[140.2871,35.5729],[140.2907,35.5725],[140.2925,35.5727],[140.2954,35.574],[140.298,35.5751],[140.2996,35.5761],[140.3054,35.579],[140.3081,35.5806],[140.3121,35.5831],[140.3123,35.5835],[140.3161,35.5849],[140.316,35.5854],[140.3191,35.5861],[140.3222,35.5862],[140.3234,35.586],[140.3269,35.5858],[140.3308,35.5857],[140.3322,35.5859],[140.3346,35.5853],[140.3371,35.5854],[140.3387,35.5863],[140.3381,35.5868],[140.3374,35.5881],[140.3366,35.5891],[140.3362,35.5905],[140.3345,35.5899],[140.3341,35.5895],[140.3321,35.5892],[140.3316,35.5883],[140.3298,35.5894],[140.3296,35.5907],[140.3291,35.5915],[140.3286,35.5913],[140.3265,35.592],[140.3256,35.5919],[140.3243,35.5926],[140.3238,35.594],[140.3233,35.595],[140.3221,35.5959],[140.3228,35.5984],[140.3226,35.5999],[140.3229,35.601],[140.3216,35.6008],[140.319,35.6013],[140.3163,35.6004],[140.3145,35.6001],[140.3125,35.6004],[140.3114,35.5992],[140.3115,35.5978],[140.3106,35.598],[140.3089,35.5965],[140.3087,35.5969],[140.3101,35.5982],[140.3111,35.5998],[140.3124,35.6011],[140.3144,35.6006],[140.3164,35.6008],[140.3182,35.6018],[140.3191,35.602],[140.3211,35.6014],[140.3212,35.603],[140.3222,35.6034],[140.3236,35.6044],[140.3259,35.6051],[140.3291,35.6055],[140.3302,35.6062],[140.3296,35.6069],[140.327,35.6064],[140.3254,35.6072],[140.324,35.6075],[140.3241,35.609],[140.3182,35.6059],[140.3155,35.6047],[140.3149,35.6041],[140.3137,35.607],[140.3153,35.6074],[140.3152,35.6081],[140.3137,35.6085],[140.3124,35.6098],[140.3127,35.6107],[140.3121,35.6118],[140.3107,35.6115],[140.3088,35.6129],[140.309,35.6142],[140.3094,35.6145],[140.3116,35.6152],[140.3128,35.6158],[140.3135,35.6167],[140.3148,35.6168],[140.3158,35.6173],[140.3156,35.6178],[140.314,35.6186],[140.3132,35.6192],[140.3127,35.6216],[140.3102,35.6218],[140.3078,35.623],[140.3083,35.6241],[140.3078,35.6247],[140.3107,35.6274],[140.313,35.6286],[140.3151,35.6299],[140.3161,35.6303],[140.3165,35.6309],[140.3191,35.6302],[140.3205,35.6288],[140.3223,35.628],[140.3231,35.6284],[140.3256,35.6262],[140.3273,35.6283],[140.3292,35.6315],[140.3294,35.6331],[140.3281,35.634],[140.3276,35.634],[140.3253,35.6353],[140.3232,35.6372],[140.3212,35.6397],[140.3233,35.6403],[140.3233,35.6426],[140.3254,35.6429],[140.3257,35.644],[140.3241,35.6435],[140.3243,35.6447],[140.3237,35.6455],[140.3208,35.647],[140.3199,35.6471],[140.3203,35.6491],[140.3219,35.6494],[140.3246,35.6493],[140.3246,35.6504],[140.3255,35.6507],[140.3252,35.6494],[140.3263,35.6487],[140.3272,35.6488],[140.3281,35.6497],[140.3283,35.6506],[140.3268,35.6513],[140.3258,35.6522],[140.3278,35.6537],[140.3273,35.6542],[140.3272,35.655],[140.3276,35.6573],[140.3302,35.6556],[140.3304,35.6561],[140.3313,35.6568],[140.3317,35.6578],[140.3332,35.6575],[140.3331,35.6599],[140.3343,35.66],[140.3348,35.6591],[140.3366,35.66],[140.3387,35.66],[140.3406,35.6606],[140.3447,35.6601],[140.3475,35.6601],[140.3497,35.6594],[140.3502,35.6584],[140.3518,35.6569],[140.3524,35.6572],[140.3533,35.6563],[140.3544,35.6567],[140.354,35.6603],[140.3538,35.6628],[140.3521,35.6634],[140.3491,35.6639],[140.3488,35.6649],[140.3461,35.6653],[140.3446,35.6652],[140.3416,35.664],[140.3406,35.6639],[140.339,35.6644],[140.3405,35.665],[140.3405,35.6659],[140.3398,35.6666],[140.3404,35.6669],[140.3403,35.6682],[140.3431,35.6694],[140.3465,35.6714],[140.3476,35.672],[140.3483,35.6727],[140.3493,35.6729],[140.3485,35.6744],[140.3472,35.6757],[140.3469,35.6767],[140.3454,35.6775],[140.3421,35.6786],[140.3344,35.6812],[140.3278,35.6833],[140.3271,35.6837],[140.3266,35.6854],[140.3255,35.6862],[140.3246,35.6864],[140.3236,35.6869],[140.3221,35.6872],[140.3218,35.6882],[140.3205,35.6902],[140.32,35.6904],[140.3193,35.6918],[140.3193,35.6943],[140.3184,35.6948],[140.3176,35.6962],[140.318,35.6977],[140.3187,35.6993],[140.3197,35.6989],[140.3205,35.7002],[140.3208,35.7025],[140.3215,35.7033],[140.3217,35.7059],[140.3215,35.7069],[140.3205,35.7083],[140.3199,35.7084],[140.3171,35.7073],[140.3165,35.7066],[140.3156,35.7068],[140.3126,35.7059],[140.313,35.7049],[140.3106,35.7058],[140.3102,35.7068],[140.3102,35.7093],[140.3097,35.7097],[140.3096,35.712],[140.309,35.7131],[140.3072,35.7131],[140.305,35.7122],[140.3044,35.7112],[140.3027,35.7118],[140.3042,35.7122],[140.3049,35.7129],[140.3043,35.7138],[140.3031,35.7146],[140.3027,35.7148],[140.3015,35.716],[140.3011,35.7159],[140.3001,35.7146],[140.2985,35.7134],[140.2975,35.7132],[140.2963,35.7122],[140.2951,35.7101],[140.2938,35.7086],[140.2912,35.7082],[140.2915,35.7061],[140.2896,35.7047],[140.2889,35.7038],[140.2902,35.7026],[140.291,35.7015],[140.2935,35.7001],[140.2934,35.6993],[140.2921,35.7002],[140.2913,35.7003],[140.2905,35.6998],[140.2887,35.6997],[140.2883,35.6998],[140.2869,35.6982],[140.2891,35.6972],[140.2887,35.6948],[140.2879,35.6947],[140.287,35.6915],[140.2872,35.6907],[140.2847,35.6903],[140.2833,35.6899],[140.2823,35.6889],[140.2815,35.6886],[140.2807,35.689],[140.2798,35.6884],[140.281,35.6877],[140.2824,35.6863],[140.2833,35.6849],[140.2828,35.6846],[140.283,35.6829],[140.2827,35.6814],[140.2828,35.6795],[140.2839,35.6775],[140.2842,35.6764],[140.2847,35.6762],[140.285,35.6748],[140.2849,35.6733],[140.2844,35.6735],[140.2846,35.6751],[140.2836,35.6775],[140.2828,35.6786],[140.282,35.679],[140.28,35.6791],[140.2787,35.6818],[140.2759,35.6798],[140.2788,35.6765],[140.2792,35.6744],[140.2784,35.6723],[140.278,35.6725],[140.2787,35.6744],[140.2785,35.6758],[140.2777,35.6772],[140.277,35.6777],[140.2763,35.6786],[140.2755,35.6791],[140.2748,35.6804],[140.2729,35.6822],[140.2724,35.6821],[140.272,35.6804],[140.2713,35.6793],[140.2696,35.6779],[140.2677,35.677],[140.2702,35.6754],[140.2702,35.6745],[140.2691,35.6743],[140.2698,35.6724],[140.2697,35.6711],[140.2684,35.6692],[140.2667,35.6663],[140.2648,35.667],[140.2626,35.6672],[140.2622,35.6667],[140.2604,35.6672],[140.2595,35.6673],[140.2585,35.6661],[140.2574,35.6655],[140.2568,35.6637],[140.2579,35.6633],[140.2589,35.6625],[140.2626,35.6619],[140.2624,35.661],[140.263,35.6605],[140.2645,35.66],[140.265,35.6592],[140.2658,35.6587],[140.2674,35.6582],[140.2693,35.6572],[140.2713,35.6567],[140.2721,35.6563],[140.2736,35.6562],[140.2743,35.6558],[140.2749,35.6546],[140.2764,35.654],[140.2783,35.6516],[140.2781,35.6506],[140.2764,35.6531],[140.2751,35.654],[140.2735,35.6554],[140.2727,35.6556],[140.2722,35.6552],[140.2712,35.6561],[140.2707,35.656],[140.2693,35.6565],[140.2674,35.6576],[140.2642,35.6588],[140.2632,35.6598],[140.2617,35.66],[140.2606,35.6609],[140.2586,35.6613],[140.2583,35.6609],[140.2588,35.6586],[140.2582,35.6574],[140.257,35.6566],[140.2566,35.6557],[140.255,35.6551],[140.2541,35.6538],[140.2534,35.6537],[140.2517,35.6523],[140.2498,35.6519],[140.2492,35.6495],[140.2495,35.6481],[140.2486,35.6466],[140.2488,35.6458],[140.2509,35.647],[140.2518,35.6472],[140.2534,35.647],[140.255,35.6466],[140.2563,35.6454],[140.2585,35.6446],[140.2556,35.6416],[140.2558,35.6409],[140.2554,35.6401],[140.2555,35.6392],[140.2567,35.6391],[140.2573,35.6381],[140.2542,35.637],[140.2549,35.6356],[140.2564,35.6364],[140.2565,35.6352],[140.2571,35.6343],[140.257,35.6334],[140.2565,35.63],[140.2566,35.6289],[140.2578,35.6255],[140.2615,35.6267],[140.2634,35.6269],[140.2648,35.6269],[140.2656,35.6275],[140.2663,35.6264],[140.2663,35.6243],[140.2653,35.6225],[140.2649,35.6214],[140.2649,35.6206],[140.2658,35.6198],[140.266,35.6189],[140.2676,35.6173],[140.2673,35.6155],[140.2675,35.6143],[140.2672,35.6124],[140.2675,35.6114],[140.268,35.6108],[140.2675,35.6087],[140.2678,35.6079],[140.2675,35.6072],[140.2664,35.6071],[140.2638,35.6061],[140.2626,35.606],[140.262,35.6041],[140.2613,35.6036],[140.261,35.6028],[140.2614,35.601],[140.2617,35.6007],[140.2614,35.5996],[140.2629,35.5983],[140.2648,35.5957],[140.2676,35.5944],[140.2692,35.5934],[140.2707,35.5923],[140.2713,35.5913],[140.2722,35.5903],[140.2727,35.5891],[140.2737,35.5895],[140.2741,35.5888],[140.2749,35.5887],[140.2756,35.5875],[140.2752,35.5871],[140.2753,35.5856],[140.2744,35.5835],[140.2748,35.5821],[140.2751,35.5818],[140.277,35.5812],[140.2794,35.581],[140.2801,35.5807],[140.2811,35.5793],[140.2803,35.5793],[140.2805,35.5785],[140.2815,35.5782],[140.2825,35.5761],[140.2832,35.5738],[140.284,35.5733],[140.2871,35.5729]]],[[[140.3288,35.6865],[140.3283,35.6866],[140.3274,35.6859],[140.328,35.6859],[140.3284,35.6864],[140.3288,35.6865]]]]}},{"type":"Feature","properties":{"name":"印西市","自治体":"印西市","区分":"市管理公園等で原則禁止(公式確認済)","規制概要":"都市公園条例第4条第9号を根拠に、市の都市公園でのドローン使用を禁止と明文。","公式HP":"https://www.city.inzai.lg.jp/","確認日":"2026-08-19","_pref":"千葉県","_cat":"prohibited","_color":"#4a148c","_opacity":0.9,"_weight":1.5,"_fillColor":"#6a1b9a","_fillOpacity":0.55,"出典1":"印西市 都市公園内でのドローンの使用禁止について(公園緑地課)","出典1_URL":"https://www.city.inzai.lg.jp/0000004130.html","出典1_引用":"ドローン（無人飛行機）は、他の公園利用者の迷惑となりケガをさせる恐れがありますので禁止となります。","出典2":"印西市 公式（自動分類 2026-08-19 確認）","出典2_URL":"https://www.city.inzai.lg.jp/0000016141.html","出典2_引用":"都市公園内でのドローンの使用禁止について"},"geometry":{"type":"Polygon","coordinates":[[[140.2516,35.8003],[140.2516,35.8056],[140.2514,35.8099],[140.2503,35.8163],[140.2501,35.8193],[140.2504,35.8209],[140.25,35.821],[140.2465,35.8206],[140.245,35.821],[140.2441,35.8198],[140.2427,35.8193],[140.2435,35.8178],[140.2442,35.8177],[140.243,35.8159],[140.2401,35.8209],[140.238,35.8201],[140.2371,35.8208],[140.241,35.8243],[140.2424,35.8245],[140.2431,35.8251],[140.2432,35.826],[140.245,35.8271],[140.2446,35.8278],[140.243,35.8269],[140.2408,35.8297],[140.239,35.8298],[140.2371,35.8303],[140.2339,35.8318],[140.233,35.8324],[140.2323,35.8349],[140.2323,35.8366],[140.2329,35.8382],[140.2328,35.8389],[140.2319,35.8412],[140.2273,35.8404],[140.2224,35.8398],[140.2181,35.8395],[140.2145,35.8394],[140.2126,35.839],[140.2103,35.8377],[140.2085,35.8362],[140.2074,35.8355],[140.2061,35.835],[140.2031,35.8348],[140.1968,35.8354],[140.1946,35.8359],[140.1927,35.8366],[140.1819,35.8416],[140.1801,35.8422],[140.1784,35.8425],[140.1757,35.8434],[140.1724,35.844],[140.1689,35.845],[140.1678,35.8455],[140.1659,35.8449],[140.161,35.8437],[140.1581,35.8429],[140.1567,35.8427],[140.1539,35.8427],[140.1507,35.8434],[140.1483,35.8445],[140.1465,35.8457],[140.144,35.8445],[140.1414,35.8438],[140.1406,35.8437],[140.1385,35.8438],[140.1363,35.8431],[140.134,35.8411],[140.1321,35.8408],[140.1283,35.8421],[140.1285,35.8424],[140.1227,35.8457],[140.1204,35.8432],[140.1188,35.8436],[140.1171,35.8469],[140.1171,35.8485],[140.1186,35.8509],[140.118,35.8511],[140.1172,35.85],[140.1151,35.8475],[140.1114,35.8479],[140.1093,35.8438],[140.1119,35.8434],[140.1093,35.8341],[140.1054,35.8344],[140.1048,35.8342],[140.1027,35.8333],[140.0991,35.8313],[140.1001,35.829],[140.0992,35.8287],[140.0996,35.8281],[140.0957,35.8266],[140.0962,35.8259],[140.0941,35.825],[140.0933,35.8262],[140.0929,35.8261],[140.0934,35.8247],[140.0935,35.8238],[140.0941,35.8236],[140.0937,35.8225],[140.093,35.8227],[140.0921,35.8198],[140.0913,35.8198],[140.0871,35.8163],[140.0882,35.8151],[140.0888,35.8126],[140.0893,35.8118],[140.0931,35.8097],[140.0979,35.8097],[140.1002,35.8093],[140.0997,35.8078],[140.1002,35.8072],[140.1012,35.8071],[140.1025,35.8065],[140.1029,35.8056],[140.101,35.8046],[140.1028,35.8036],[140.104,35.8041],[140.1071,35.8056],[140.1105,35.8006],[140.1111,35.7995],[140.108,35.7984],[140.1061,35.7976],[140.1041,35.7964],[140.1049,35.7955],[140.1028,35.794],[140.1032,35.7918],[140.1016,35.7895],[140.0986,35.7857],[140.0982,35.7848],[140.0969,35.7829],[140.1031,35.7801],[140.1043,35.7798],[140.1059,35.78],[140.1076,35.7807],[140.1091,35.7804],[140.1115,35.781],[140.1163,35.7797],[140.1162,35.779],[140.1179,35.7784],[140.1184,35.7789],[140.1194,35.7785],[140.1194,35.7776],[140.1286,35.775],[140.1286,35.7746],[140.1318,35.7738],[140.1328,35.7733],[140.1363,35.7693],[140.1389,35.7666],[140.1395,35.7663],[140.1465,35.7653],[140.1451,35.7642],[140.1448,35.7637],[140.1479,35.7639],[140.1488,35.7633],[140.1511,35.7605],[140.1519,35.7598],[140.1537,35.7584],[140.164,35.7523],[140.1675,35.75],[140.17,35.749],[140.1732,35.7485],[140.1763,35.7484],[140.1793,35.7485],[140.1822,35.748],[140.1846,35.7473],[140.1886,35.7457],[140.1903,35.7461],[140.1919,35.7476],[140.1924,35.7482],[140.1935,35.7511],[140.1949,35.7532],[140.1978,35.7566],[140.2029,35.7626],[140.2053,35.7649],[140.207,35.7658],[140.2091,35.7662],[140.211,35.7656],[140.2128,35.7646],[140.2171,35.7616],[140.2205,35.7594],[140.2238,35.7574],[140.2297,35.7539],[140.2315,35.753],[140.2467,35.7443],[140.2544,35.74],[140.2565,35.7396],[140.2589,35.7397],[140.262,35.7408],[140.2636,35.7417],[140.2645,35.7428],[140.2655,35.7457],[140.2655,35.7473],[140.2638,35.7532],[140.2633,35.7548],[140.2621,35.7589],[140.2615,35.7602],[140.2579,35.7642],[140.2578,35.7653],[140.2589,35.7683],[140.2597,35.7765],[140.2596,35.778],[140.2582,35.7796],[140.2546,35.7814],[140.2516,35.7837],[140.2504,35.7849],[140.2499,35.7857],[140.2492,35.7878],[140.2492,35.789],[140.2505,35.7933],[140.2515,35.7971],[140.2516,35.8003]],[[140.2467,35.8197],[140.2483,35.8195],[140.2471,35.8179],[140.2453,35.8188],[140.2458,35.8198],[140.2467,35.8197]]]}},{"type":"Feature","properties":{"name":"白井市","自治体":"白井市","区分":"市管理公園等で原則禁止(公式確認済)","規制概要":"市が管理する公園でのドローン使用を機体の重さ・大きさに関わらず原則禁止。あわせて国の航空法・飛行禁止法(下総航空基地周辺)も案内。","公式HP":"https://www.city.shiroi.chiba.jp/","確認日":"2026-08-17","_pref":"千葉県","_cat":"prohibited","_color":"#4a148c","_opacity":0.9,"_weight":1.5,"_fillColor":"#6a1b9a","_fillOpacity":0.55,"出典1":"白井市 ドローンなどの飛行制限・飛行ルールについて(総務課)","出典1_URL":"https://www.city.shiroi.chiba.jp/soshiki/somu/s06/osirase/11279.html","出典1_引用":"市が管理する公園では、機体の重さや大きさに関わらず、ドローンなどの使用を原則として禁止しています。"},"geometry":{"type":"Polygon","coordinates":[[[140.0896,35.784],[140.0902,35.7838],[140.0935,35.7837],[140.0959,35.7834],[140.0969,35.7829],[140.0982,35.7848],[140.0986,35.7857],[140.1016,35.7895],[140.1032,35.7918],[140.1028,35.794],[140.1049,35.7955],[140.1041,35.7964],[140.1061,35.7976],[140.108,35.7984],[140.1111,35.7995],[140.1105,35.8006],[140.1071,35.8056],[140.104,35.8041],[140.1028,35.8036],[140.101,35.8046],[140.1029,35.8056],[140.1025,35.8065],[140.1012,35.8071],[140.1002,35.8072],[140.0997,35.8078],[140.1002,35.8093],[140.0979,35.8097],[140.0931,35.8097],[140.0893,35.8118],[140.0888,35.8126],[140.0882,35.8151],[140.0871,35.8163],[140.0913,35.8198],[140.0921,35.8198],[140.093,35.8227],[140.0937,35.8225],[140.0941,35.8236],[140.0935,35.8238],[140.0934,35.8247],[140.0929,35.8261],[140.0926,35.8259],[140.0907,35.8272],[140.0913,35.8282],[140.0892,35.8302],[140.0883,35.8305],[140.0869,35.8306],[140.0862,35.8323],[140.0852,35.832],[140.0837,35.8308],[140.0818,35.8308],[140.0818,35.8312],[140.0796,35.8313],[140.0796,35.8308],[140.0773,35.8308],[140.0752,35.8311],[140.0697,35.8338],[140.0649,35.8349],[140.0617,35.8352],[140.0616,35.8351],[140.0573,35.8354],[140.0562,35.8357],[140.0553,35.8343],[140.0504,35.8326],[140.0497,35.8322],[140.0437,35.8264],[140.0417,35.8243],[140.0371,35.8177],[140.0345,35.8164],[140.034,35.8156],[140.0339,35.8142],[140.0323,35.8118],[140.0312,35.8071],[140.0318,35.8053],[140.0316,35.8038],[140.0307,35.8026],[140.0304,35.801],[140.03,35.8001],[140.0299,35.7989],[140.0289,35.7973],[140.0273,35.7958],[140.0261,35.7936],[140.0245,35.7919],[140.0232,35.7901],[140.0222,35.7895],[140.0218,35.7888],[140.0205,35.7874],[140.0199,35.7855],[140.019,35.784],[140.0189,35.7835],[140.0203,35.7821],[140.0219,35.7808],[140.023,35.7804],[140.0276,35.7803],[140.0226,35.7763],[140.0216,35.7758],[140.02,35.7742],[140.0182,35.7743],[140.0163,35.7715],[140.0154,35.7692],[140.0152,35.7679],[140.0163,35.7667],[140.0206,35.7655],[140.021,35.7655],[140.0245,35.7676],[140.0301,35.7713],[140.0305,35.7714],[140.0321,35.7704],[140.0344,35.7691],[140.0378,35.7688],[140.0384,35.767],[140.0389,35.7666],[140.0399,35.7667],[140.0419,35.7679],[140.0426,35.768],[140.0432,35.7688],[140.0443,35.7694],[140.0454,35.7706],[140.0466,35.7709],[140.0476,35.7706],[140.0493,35.7711],[140.0508,35.7719],[140.0517,35.7721],[140.0533,35.773],[140.0552,35.7746],[140.0564,35.7748],[140.0575,35.7746],[140.0583,35.7751],[140.0618,35.7763],[140.0625,35.7771],[140.0627,35.7779],[140.0638,35.7788],[140.0651,35.7804],[140.0661,35.7821],[140.0667,35.7847],[140.0672,35.7853],[140.0676,35.7895],[140.0674,35.793],[140.0682,35.7968],[140.0694,35.7991],[140.0712,35.7997],[140.0732,35.7987],[140.0794,35.7938],[140.0827,35.7917],[140.0832,35.7902],[140.084,35.7895],[140.0851,35.7877],[140.0864,35.7865],[140.0896,35.784]]]}},{"type":"Feature","properties":{"name":"富里市","自治体":"富里市","区分":"市管理公園等で原則禁止(公式確認済)","規制概要":"都市公園条例第5条第9号に基づき、市内公園でのドローン使用を禁止。イベント時は市の許可が必要。","公式HP":"https://www.city.tomisato.lg.jp/","確認日":"2026-08-19","_pref":"千葉県","_cat":"prohibited","_color":"#4a148c","_opacity":0.9,"_weight":1.5,"_fillColor":"#6a1b9a","_fillOpacity":0.55,"出典1":"富里市 公園内でのドローン使用禁止","出典1_URL":"https://www.city.tomisato.lg.jp/0000006709.html","出典1_引用":"市内の公園内での「ドローン」の使用は禁止です","出典2":"富里市 公式（自動分類 2026-08-19 確認）","出典2_URL":"https://www.city.tomisato.lg.jp/category/8-8-14-0-0-0-0-0-0-0.html","出典2_引用":"公園内における「ドローン」の取扱いは禁止です","出典3":"富里市 公式（自動分類 2026-08-19 確認）","出典3_URL":"https://www.city.tomisato.lg.jp/category/8-8-14-1-0-0-0-0-0-0.html","出典3_引用":"公園内における「ドローン」の取扱いは禁止です","出典4":"富里市 公式（自動分類 2026-08-19 確認）","出典4_URL":"https://www.city.tomisato.lg.jp/category/2-8-14-2-0-0-0-0-0-0.html","出典4_引用":"公園内における「ドローン」の取扱いは禁止です"},"geometry":{"type":"Polygon","coordinates":[[[140.3032,35.7478],[140.3027,35.7472],[140.3015,35.747],[140.3035,35.7445],[140.3059,35.7407],[140.306,35.7399],[140.3055,35.7396],[140.3058,35.7384],[140.3028,35.7387],[140.3022,35.7386],[140.3019,35.7374],[140.3013,35.7374],[140.3016,35.7389],[140.3009,35.7395],[140.299,35.74],[140.2984,35.7399],[140.2978,35.7388],[140.2965,35.7394],[140.2936,35.7368],[140.292,35.7357],[140.2906,35.7343],[140.2893,35.7319],[140.2889,35.7317],[140.2881,35.7305],[140.2889,35.7304],[140.29,35.7294],[140.2917,35.7298],[140.2928,35.7297],[140.293,35.7269],[140.2936,35.7251],[140.2943,35.7248],[140.2953,35.7218],[140.2963,35.7214],[140.2977,35.7218],[140.2973,35.7209],[140.2966,35.7205],[140.2963,35.7197],[140.2981,35.7186],[140.3004,35.7181],[140.3014,35.7166],[140.3031,35.7146],[140.3043,35.7138],[140.3049,35.7129],[140.3042,35.7122],[140.3027,35.7118],[140.3044,35.7112],[140.305,35.7122],[140.3072,35.7131],[140.309,35.7131],[140.3096,35.712],[140.3097,35.7097],[140.3102,35.7093],[140.3102,35.7068],[140.3106,35.7058],[140.313,35.7049],[140.3126,35.7059],[140.3156,35.7068],[140.3165,35.7066],[140.3171,35.7073],[140.3199,35.7084],[140.3205,35.7083],[140.3215,35.7069],[140.3217,35.7059],[140.3215,35.7033],[140.3208,35.7025],[140.3205,35.7002],[140.3197,35.6989],[140.3187,35.6993],[140.318,35.6977],[140.3176,35.6962],[140.3184,35.6948],[140.3193,35.6943],[140.3193,35.6918],[140.32,35.6904],[140.3205,35.6902],[140.3218,35.6882],[140.3221,35.6872],[140.3236,35.6869],[140.3246,35.6864],[140.3255,35.6862],[140.3266,35.6854],[140.3271,35.6837],[140.3278,35.6833],[140.3344,35.6812],[140.3421,35.6786],[140.3454,35.6775],[140.3469,35.6767],[140.3482,35.6786],[140.352,35.6823],[140.3515,35.6826],[140.3539,35.6842],[140.3544,35.6836],[140.3576,35.6853],[140.3601,35.6861],[140.3603,35.6866],[140.3616,35.686],[140.3658,35.6836],[140.3669,35.6851],[140.3687,35.6861],[140.3687,35.6852],[140.3698,35.6845],[140.3717,35.6829],[140.3733,35.6808],[140.371,35.6791],[140.3713,35.6786],[140.3774,35.6828],[140.3789,35.6823],[140.3802,35.6816],[140.3804,35.6807],[140.3818,35.6794],[140.3824,35.6795],[140.3833,35.681],[140.3865,35.6785],[140.3877,35.678],[140.3906,35.6761],[140.3921,35.6765],[140.3923,35.6773],[140.397,35.6784],[140.3986,35.6788],[140.3998,35.6804],[140.4009,35.682],[140.4013,35.6833],[140.4011,35.6842],[140.4004,35.6851],[140.4012,35.688],[140.4017,35.6885],[140.4028,35.6883],[140.4038,35.6887],[140.4052,35.6888],[140.4053,35.6903],[140.4045,35.6919],[140.4037,35.6909],[140.4013,35.6905],[140.4002,35.6909],[140.3998,35.6899],[140.3978,35.6906],[140.397,35.6911],[140.3942,35.6916],[140.3929,35.69],[140.3939,35.6892],[140.394,35.6884],[140.3933,35.6871],[140.3929,35.6872],[140.3936,35.6886],[140.3932,35.6893],[140.3924,35.6899],[140.3897,35.6903],[140.3893,35.69],[140.3875,35.6897],[140.3872,35.6893],[140.3852,35.6896],[140.3855,35.6906],[140.3839,35.691],[140.3829,35.6927],[140.382,35.6936],[140.3803,35.6933],[140.3785,35.6943],[140.3762,35.6968],[140.3759,35.6976],[140.3739,35.6993],[140.373,35.7008],[140.3762,35.7014],[140.3782,35.7021],[140.3799,35.7022],[140.3818,35.7035],[140.3824,35.7036],[140.3833,35.706],[140.3835,35.7069],[140.3831,35.7086],[140.3844,35.7094],[140.3854,35.7126],[140.3863,35.7132],[140.3836,35.7143],[140.3825,35.714],[140.3787,35.7144],[140.3775,35.7162],[140.3762,35.7195],[140.3757,35.7199],[140.376,35.7208],[140.3774,35.722],[140.3777,35.724],[140.3774,35.7247],[140.3763,35.7245],[140.3751,35.724],[140.3717,35.7234],[140.3711,35.7231],[140.3694,35.7243],[140.3659,35.7259],[140.3663,35.7281],[140.3666,35.7288],[140.3679,35.7306],[140.3679,35.7312],[140.3628,35.732],[140.3627,35.7334],[140.3635,35.7349],[140.3635,35.7357],[140.3626,35.737],[140.3631,35.7378],[140.3632,35.739],[140.3629,35.7396],[140.3651,35.7394],[140.3655,35.7402],[140.3647,35.7415],[140.3624,35.7419],[140.3608,35.7433],[140.3587,35.7444],[140.3601,35.7446],[140.36,35.7451],[140.3582,35.7445],[140.3565,35.7456],[140.3563,35.7485],[140.3553,35.7515],[140.3527,35.7537],[140.3476,35.7574],[140.3479,35.7577],[140.3424,35.7618],[140.3375,35.7636],[140.3374,35.7633],[140.3341,35.7644],[140.3318,35.7653],[140.3308,35.7663],[140.3295,35.7688],[140.3301,35.7699],[140.33,35.771],[140.3286,35.7721],[140.3281,35.7732],[140.3269,35.7743],[140.3264,35.7753],[140.3253,35.7761],[140.325,35.7772],[140.3233,35.7777],[140.3225,35.7776],[140.32,35.7758],[140.318,35.7747],[140.319,35.7743],[140.3195,35.7737],[140.3192,35.7725],[140.3184,35.7714],[140.3173,35.7679],[140.3177,35.7675],[140.3158,35.7659],[140.3145,35.7638],[140.3136,35.7633],[140.3131,35.7624],[140.3136,35.7617],[140.3123,35.7597],[140.3123,35.7579],[140.3128,35.7575],[140.3141,35.7574],[140.3138,35.7564],[140.314,35.7556],[140.311,35.7523],[140.3089,35.7507],[140.307,35.7496],[140.3053,35.749],[140.3032,35.7478]],[[140.3288,35.6865],[140.3284,35.6864],[140.328,35.6859],[140.3274,35.6859],[140.3283,35.6866],[140.3288,35.6865]]]}},{"type":"Feature","properties":{"name":"南房総市","自治体":"南房総市","区分":"自治体独自の規制は確認されず(国の規制のみ)","規制概要":"市独自規制ではなく、国の小型無人機等飛行禁止法(峯岡山分屯基地周辺は原則禁止)を市が案内している。","公式HP":"https://www.city.minamiboso.chiba.jp/","確認日":"2026-08-17","_pref":"千葉県","_cat":"unknown","_color":"#455a64","_opacity":0.9,"_weight":1.5,"_fillColor":"#78909c","_fillOpacity":0.18,"出典1":"南房総市 自衛隊施設(峯岡山分屯基地)周辺の飛行禁止法案内","出典1_URL":"https://www.city.minamiboso.chiba.jp/0000015888.html","出典1_引用":"峯岡山分屯基地周辺地域では、ドローンを含む小型無人飛行機の飛行が原則禁止となります。"},"geometry":{"type":"MultiPolygon","coordinates":[[[[139.8245,34.9113],[139.8245,34.9112],[139.8243,34.9112],[139.8259,34.9106],[139.8269,34.9099],[139.8281,34.9098],[139.8294,34.9083],[139.8304,34.9084],[139.8314,34.908],[139.8343,34.9071],[139.8354,34.9066],[139.8365,34.9057],[139.8374,34.9039],[139.8383,34.9044],[139.8393,34.9046],[139.8405,34.9043],[139.841,34.9038],[139.8418,34.904],[139.843,34.9036],[139.8432,34.9035],[139.8435,34.9032],[139.8455,34.9028],[139.8474,34.9043],[139.8489,34.9039],[139.8503,34.9041],[139.8539,34.9054],[139.8549,34.9054],[139.857,34.9059],[139.8583,34.9057],[139.8609,34.9064],[139.8618,34.9064],[139.8652,34.907],[139.8672,34.9066],[139.8682,34.9062],[139.8698,34.9053],[139.8705,34.904],[139.8717,34.9039],[139.872,34.9031],[139.8723,34.9034],[139.873,34.9036],[139.8752,34.9036],[139.8751,34.9041],[139.8761,34.9043],[139.8768,34.9034],[139.8783,34.9034],[139.8785,34.9037],[139.8788,34.9034],[139.8795,34.9036],[139.8801,34.9032],[139.8812,34.9034],[139.8817,34.9033],[139.8829,34.9035],[139.8829,34.9033],[139.8825,34.9033],[139.8836,34.9029],[139.8841,34.9034],[139.8862,34.9032],[139.8868,34.9028],[139.887,34.9024],[139.887,34.9018],[139.8872,34.9016],[139.8872,34.901],[139.8875,34.9005],[139.8875,34.9001],[139.8887,34.8999],[139.889,34.9005],[139.89,34.9009],[139.8898,34.9018],[139.89,34.9043],[139.8926,34.9052],[139.8922,34.9059],[139.8939,34.906],[139.8944,34.9056],[139.8979,34.9048],[139.8976,34.9057],[139.8997,34.9053],[139.9003,34.9049],[139.9019,34.9046],[139.9025,34.9049],[139.9036,34.9052],[139.904,34.9051],[139.9042,34.9048],[139.9044,34.9049],[139.9044,34.9048],[139.9045,34.9048],[139.9046,34.9048],[139.9054,34.905],[139.9061,34.9048],[139.9061,34.9043],[139.9079,34.9048],[139.908,34.9049],[139.9083,34.905],[139.9085,34.9052],[139.9088,34.9057],[139.908,34.9062],[139.9084,34.9071],[139.9092,34.9076],[139.9113,34.9077],[139.9142,34.9067],[139.9155,34.9067],[139.9165,34.9064],[139.9175,34.9068],[139.9184,34.9075],[139.9193,34.9076],[139.9195,34.9082],[139.9188,34.9091],[139.919,34.9101],[139.9197,34.9104],[139.9215,34.9105],[139.923,34.9104],[139.9233,34.91],[139.926,34.9099],[139.9278,34.91],[139.9285,34.9105],[139.9269,34.9108],[139.9263,34.9104],[139.9241,34.9108],[139.9238,34.9119],[139.9284,34.9122],[139.9291,34.9125],[139.9318,34.9132],[139.932,34.9137],[139.9327,34.9145],[139.9348,34.9144],[139.9357,34.9146],[139.9357,34.9153],[139.9366,34.9158],[139.9371,34.9158],[139.938,34.9161],[139.9383,34.9165],[139.9388,34.9167],[139.939,34.9165],[139.9396,34.9167],[139.9396,34.9171],[139.9404,34.9173],[139.9411,34.9171],[139.9416,34.9177],[139.9417,34.9188],[139.9425,34.9197],[139.9421,34.9202],[139.9425,34.9212],[139.942,34.9222],[139.9423,34.9226],[139.9415,34.924],[139.9433,34.9238],[139.9435,34.9241],[139.9457,34.9243],[139.9469,34.9251],[139.9468,34.9254],[139.9479,34.9261],[139.948,34.9281],[139.9492,34.9278],[139.9496,34.9286],[139.9504,34.9285],[139.9532,34.9298],[139.9536,34.9296],[139.9545,34.9309],[139.9533,34.931],[139.953,34.9317],[139.9535,34.9326],[139.9539,34.933],[139.9543,34.933],[139.9542,34.9334],[139.9543,34.9336],[139.9545,34.9337],[139.955,34.9341],[139.9553,34.934],[139.9559,34.9343],[139.9574,34.9353],[139.9566,34.9363],[139.9578,34.9362],[139.9588,34.937],[139.9591,34.9369],[139.9594,34.937],[139.9597,34.9369],[139.9604,34.9375],[139.9597,34.939],[139.9614,34.9399],[139.9614,34.9406],[139.9621,34.9411],[139.9631,34.9418],[139.9629,34.9421],[139.9637,34.9423],[139.9637,34.9424],[139.9638,34.9425],[139.964,34.9427],[139.964,34.9431],[139.9632,34.9433],[139.9632,34.9439],[139.9637,34.9438],[139.9643,34.9446],[139.964,34.9467],[139.9649,34.9469],[139.9648,34.9478],[139.9651,34.9483],[139.9647,34.9483],[139.9649,34.9485],[139.9651,34.9488],[139.9651,34.949],[139.9652,34.9492],[139.9652,34.9494],[139.9648,34.9493],[139.9638,34.9501],[139.9647,34.9511],[139.9644,34.9512],[139.9647,34.9517],[139.9663,34.9532],[139.9662,34.9542],[139.9646,34.9559],[139.9659,34.9532],[139.965,34.9524],[139.964,34.954],[139.9627,34.9552],[139.9627,34.9562],[139.9624,34.9588],[139.9632,34.9588],[139.963,34.9602],[139.9621,34.9606],[139.9621,34.9614],[139.9636,34.9614],[139.9637,34.9618],[139.9615,34.9618],[139.9608,34.9631],[139.9606,34.9654],[139.9607,34.9677],[139.962,34.9709],[139.9643,34.9745],[139.9658,34.9762],[139.9667,34.9769],[139.9681,34.977],[139.9686,34.9778],[139.9671,34.9789],[139.9669,34.9797],[139.9671,34.9815],[139.9681,34.9826],[139.9692,34.9832],[139.9704,34.9847],[139.9714,34.9865],[139.9716,34.988],[139.9718,34.9923],[139.9728,34.996],[139.9739,34.9988],[139.9751,35.0012],[139.9763,35.0039],[139.9777,35.0065],[139.9788,35.0084],[139.9807,35.0108],[139.9829,35.0133],[139.9863,35.0167],[139.9891,35.0191],[139.9907,35.0211],[139.9937,35.0241],[139.9941,35.0241],[139.9956,35.0255],[139.9979,35.0274],[139.9996,35.0291],[140.0016,35.0305],[140.004,35.0317],[140.0053,35.0323],[140.0064,35.0326],[140.0087,35.0347],[140.0098,35.035],[140.0109,35.035],[140.0112,35.0346],[140.0125,35.035],[140.0123,35.0357],[140.0131,35.0365],[140.0149,35.036],[140.015,35.0351],[140.0172,35.0356],[140.0172,35.0362],[140.018,35.0363],[140.0202,35.0385],[140.0214,35.0403],[140.0242,35.0435],[140.028,35.0466],[140.0311,35.0483],[140.0321,35.0486],[140.0339,35.0498],[140.0355,35.0505],[140.0377,35.052],[140.0371,35.053],[140.0371,35.0541],[140.0366,35.0549],[140.0338,35.0554],[140.0324,35.056],[140.0326,35.0572],[140.0322,35.0587],[140.0331,35.0598],[140.0346,35.0599],[140.0352,35.0612],[140.0359,35.0618],[140.0355,35.0634],[140.0339,35.0645],[140.0329,35.0636],[140.0315,35.0634],[140.03,35.0654],[140.0293,35.068],[140.0301,35.0684],[140.0299,35.0697],[140.0301,35.0702],[140.0296,35.0717],[140.0295,35.0737],[140.0285,35.0753],[140.0273,35.0768],[140.0262,35.0771],[140.0257,35.078],[140.0259,35.0788],[140.0249,35.0814],[140.0221,35.0812],[140.021,35.082],[140.0201,35.0821],[140.0194,35.0832],[140.0194,35.0851],[140.0196,35.0861],[140.02,35.0867],[140.0199,35.0878],[140.0202,35.0886],[140.0189,35.0891],[140.0183,35.0898],[140.0167,35.09],[140.0147,35.0922],[140.0129,35.0927],[140.0122,35.0936],[140.0097,35.0954],[140.0081,35.0963],[140.0068,35.0961],[140.0062,35.0956],[140.0051,35.0955],[140.0038,35.095],[140.0013,35.0946],[140.0002,35.0935],[139.9972,35.0936],[139.9963,35.0931],[139.9961,35.0941],[139.9962,35.0954],[139.9968,35.0964],[139.9983,35.097],[139.9989,35.0977],[139.9988,35.0988],[139.9985,35.0994],[139.9989,35.1007],[139.9997,35.1014],[139.9979,35.1027],[139.9968,35.1029],[139.9948,35.1037],[139.9942,35.1058],[139.9951,35.1064],[139.9951,35.107],[139.9941,35.1085],[139.9947,35.1098],[139.9955,35.1101],[139.9961,35.1111],[139.9971,35.112],[139.998,35.1141],[139.9978,35.1148],[139.9968,35.1154],[139.9944,35.1151],[139.9927,35.1153],[139.9912,35.1157],[139.9904,35.1152],[139.9894,35.1157],[139.9864,35.1162],[139.9834,35.1156],[139.9833,35.1147],[139.9836,35.1132],[139.9831,35.1123],[139.9829,35.1106],[139.9834,35.1083],[139.9846,35.1063],[139.9844,35.1056],[139.9835,35.1053],[139.9824,35.1055],[139.9799,35.1073],[139.9786,35.1084],[139.9765,35.109],[139.9749,35.109],[139.9731,35.11],[139.9719,35.1117],[139.9722,35.1124],[139.9711,35.1134],[139.9707,35.1124],[139.9699,35.1124],[139.9687,35.1116],[139.9674,35.1126],[139.9655,35.1126],[139.9638,35.1117],[139.9633,35.1117],[139.9615,35.1124],[139.9588,35.1124],[139.9583,35.1133],[139.9582,35.1157],[139.9571,35.1173],[139.955,35.1185],[139.9528,35.1187],[139.9516,35.1194],[139.9508,35.1205],[139.9498,35.1224],[139.9495,35.1234],[139.9489,35.1239],[139.9479,35.124],[139.9459,35.1232],[139.943,35.1224],[139.9415,35.1228],[139.9403,35.1224],[139.9397,35.1224],[139.9385,35.1217],[139.9363,35.1218],[139.9355,35.1226],[139.9347,35.1239],[139.9341,35.1242],[139.9334,35.1259],[139.9333,35.1273],[139.9325,35.1284],[139.9309,35.1287],[139.9293,35.1281],[139.9286,35.1283],[139.9272,35.1277],[139.926,35.127],[139.9259,35.1263],[139.9248,35.1238],[139.9241,35.1234],[139.9236,35.1224],[139.924,35.1209],[139.9236,35.1201],[139.9242,35.1194],[139.9243,35.1178],[139.9236,35.1175],[139.9231,35.1168],[139.9219,35.1166],[139.9212,35.1157],[139.9209,35.1151],[139.92,35.1147],[139.9185,35.1134],[139.918,35.1133],[139.9163,35.1136],[139.9147,35.1142],[139.9144,35.1147],[139.9131,35.1149],[139.9124,35.1145],[139.9104,35.1144],[139.9065,35.1136],[139.9043,35.114],[139.9034,35.1139],[139.9007,35.1141],[139.8999,35.1139],[139.8988,35.1131],[139.8973,35.1131],[139.897,35.1123],[139.8963,35.1117],[139.8924,35.111],[139.8913,35.111],[139.8904,35.1102],[139.8881,35.1095],[139.886,35.1097],[139.8842,35.1095],[139.8835,35.1098],[139.8809,35.1096],[139.8804,35.1091],[139.8791,35.1095],[139.8782,35.1095],[139.8765,35.1091],[139.8726,35.1099],[139.8718,35.1098],[139.8703,35.1108],[139.8692,35.111],[139.8681,35.1102],[139.8678,35.1095],[139.865,35.1081],[139.8635,35.1081],[139.8621,35.1074],[139.8608,35.1073],[139.8594,35.1079],[139.8579,35.1081],[139.8557,35.108],[139.855,35.1069],[139.8539,35.1068],[139.8534,35.1058],[139.8516,35.1054],[139.8507,35.1058],[139.8502,35.1046],[139.8479,35.1034],[139.848,35.1018],[139.8472,35.1009],[139.8452,35.101],[139.8448,35.1002],[139.8437,35.1001],[139.8425,35.1006],[139.8404,35.1011],[139.8395,35.1019],[139.8384,35.1018],[139.8369,35.1011],[139.8361,35.0997],[139.8376,35.0984],[139.8382,35.0976],[139.8396,35.0954],[139.8411,35.0923],[139.8417,35.0908],[139.8423,35.0883],[139.8421,35.084],[139.8419,35.0829],[139.8411,35.0827],[139.8405,35.0817],[139.8393,35.0822],[139.8383,35.0801],[139.8384,35.0788],[139.8377,35.0782],[139.8368,35.0786],[139.8346,35.0781],[139.834,35.0774],[139.8326,35.0771],[139.83,35.0759],[139.8292,35.0759],[139.8278,35.0752],[139.827,35.0743],[139.8254,35.0739],[139.825,35.0735],[139.8233,35.0731],[139.8215,35.0722],[139.8211,35.0716],[139.8221,35.0692],[139.8211,35.0689],[139.8214,35.0678],[139.8206,35.0672],[139.8204,35.0664],[139.8191,35.066],[139.8196,35.0653],[139.8215,35.065],[139.8233,35.0644],[139.8253,35.0617],[139.8262,35.0599],[139.8269,35.0576],[139.8276,35.056],[139.8278,35.0539],[139.8277,35.0523],[139.8286,35.0521],[139.8309,35.0525],[139.832,35.0512],[139.8322,35.0488],[139.8329,35.0472],[139.8325,35.045],[139.831,35.0424],[139.83,35.0411],[139.8294,35.041],[139.8271,35.0391],[139.826,35.0385],[139.8231,35.0375],[139.8218,35.0383],[139.8203,35.0388],[139.8199,35.0384],[139.8186,35.0387],[139.8165,35.0414],[139.8162,35.0426],[139.8154,35.0431],[139.8142,35.0422],[139.8137,35.0425],[139.8126,35.0411],[139.8124,35.0405],[139.8116,35.0397],[139.8109,35.0393],[139.8105,35.0387],[139.8107,35.0375],[139.8118,35.037],[139.813,35.0369],[139.8132,35.0369],[139.8134,35.0367],[139.8137,35.0367],[139.8138,35.0367],[139.8142,35.0367],[139.815,35.0365],[139.8162,35.0351],[139.8171,35.0353],[139.8178,35.0353],[139.819,35.0342],[139.819,35.0335],[139.8206,35.0329],[139.8209,35.0326],[139.8221,35.0325],[139.8234,35.0321],[139.8248,35.0312],[139.8253,35.0312],[139.8261,35.0324],[139.8271,35.0329],[139.8299,35.033],[139.8317,35.0328],[139.8331,35.0323],[139.8348,35.0333],[139.8366,35.0326],[139.838,35.0323],[139.8396,35.0321],[139.8404,35.0323],[139.8422,35.032],[139.8437,35.0321],[139.8445,35.0318],[139.8463,35.0324],[139.847,35.0333],[139.8504,35.0328],[139.8511,35.0324],[139.8532,35.0321],[139.854,35.0325],[139.8545,35.0331],[139.856,35.033],[139.858,35.0346],[139.8591,35.0351],[139.8608,35.0344],[139.862,35.035],[139.8615,35.0358],[139.8621,35.0373],[139.8622,35.0382],[139.8632,35.0386],[139.8641,35.0382],[139.8656,35.0382],[139.8675,35.0395],[139.8685,35.0397],[139.8695,35.0405],[139.8695,35.0413],[139.8701,35.0415],[139.8716,35.043],[139.8717,35.0437],[139.8709,35.0442],[139.8714,35.0449],[139.8733,35.0454],[139.8746,35.0466],[139.8756,35.0463],[139.8767,35.0464],[139.8782,35.0483],[139.8793,35.049],[139.8799,35.0503],[139.8806,35.051],[139.8807,35.0519],[139.88,35.0527],[139.8787,35.053],[139.8804,35.0547],[139.8805,35.0554],[139.8816,35.0564],[139.8834,35.0564],[139.8848,35.0542],[139.8832,35.0532],[139.8834,35.0524],[139.8826,35.0512],[139.8836,35.0503],[139.8833,35.0485],[139.8817,35.0474],[139.8816,35.0455],[139.8807,35.0447],[139.881,35.044],[139.8819,35.0432],[139.8819,35.0417],[139.8835,35.0408],[139.8826,35.0381],[139.8818,35.0375],[139.8823,35.036],[139.8837,35.0355],[139.8844,35.0338],[139.8835,35.0316],[139.8843,35.0289],[139.8834,35.0282],[139.8832,35.0273],[139.884,35.0266],[139.8835,35.0259],[139.8839,35.0252],[139.8826,35.0243],[139.8827,35.0237],[139.8814,35.0231],[139.8816,35.0223],[139.8842,35.0224],[139.8846,35.0221],[139.8867,35.0227],[139.8878,35.0226],[139.8883,35.0235],[139.8906,35.0239],[139.8917,35.0221],[139.8917,35.0215],[139.8926,35.0209],[139.8928,35.0197],[139.8918,35.0195],[139.8904,35.0195],[139.8899,35.0198],[139.8888,35.0196],[139.8877,35.0198],[139.8867,35.0205],[139.8854,35.0206],[139.8849,35.0202],[139.8859,35.0188],[139.8865,35.0159],[139.8865,35.0135],[139.886,35.012],[139.885,35.0104],[139.8857,35.009],[139.8847,35.0075],[139.883,35.0074],[139.8832,35.0067],[139.8826,35.0059],[139.8836,35.0055],[139.8842,35.0059],[139.885,35.0058],[139.8869,35.0063],[139.8873,35.0074],[139.8885,35.0078],[139.8897,35.0078],[139.8898,35.0089],[139.8924,35.0086],[139.8933,35.0087],[139.8958,35.0087],[139.8973,35.0089],[139.9015,35.009],[139.904,35.0098],[139.9045,35.0104],[139.9043,35.0118],[139.9038,35.0131],[139.9042,35.0141],[139.9042,35.0167],[139.9048,35.0174],[139.9048,35.0181],[139.9076,35.0181],[139.9077,35.0173],[139.9095,35.0173],[139.9091,35.018],[139.9106,35.0181],[139.9113,35.0179],[139.9128,35.018],[139.9138,35.0178],[139.9149,35.017],[139.9165,35.0173],[139.9172,35.0178],[139.9186,35.0179],[139.9192,35.0174],[139.9201,35.0174],[139.9222,35.0191],[139.9237,35.0195],[139.9259,35.0213],[139.9272,35.0218],[139.9275,35.0224],[139.9273,35.0235],[139.9289,35.0246],[139.9291,35.0253],[139.9304,35.0243],[139.932,35.0258],[139.9334,35.0261],[139.9339,35.0256],[139.9342,35.0241],[139.936,35.024],[139.9367,35.0236],[139.9367,35.0225],[139.9364,35.0215],[139.9355,35.0204],[139.9352,35.0193],[139.9332,35.0167],[139.9336,35.016],[139.9344,35.0157],[139.9347,35.0144],[139.9357,35.0137],[139.9358,35.0126],[139.9366,35.0119],[139.9376,35.0104],[139.9375,35.0098],[139.9386,35.0084],[139.9382,35.0074],[139.9371,35.0064],[139.9399,35.0054],[139.9412,35.0047],[139.9423,35.0036],[139.9423,35.0032],[139.9408,35.0029],[139.9409,35.0021],[139.9406,35.001],[139.9398,34.9999],[139.9389,34.9996],[139.9382,34.9986],[139.9366,34.998],[139.9359,34.9973],[139.9355,34.9956],[139.935,34.995],[139.9322,34.9939],[139.9318,34.9929],[139.9312,34.9925],[139.9309,34.991],[139.9311,34.9903],[139.9307,34.9888],[139.9298,34.9874],[139.9297,34.9854],[139.9291,34.984],[139.9276,34.9834],[139.9266,34.9836],[139.9244,34.9833],[139.9234,34.9826],[139.9214,34.9821],[139.9192,34.9806],[139.9164,34.9803],[139.9151,34.9803],[139.9138,34.9798],[139.9117,34.9795],[139.9102,34.9795],[139.91,34.9778],[139.9101,34.9771],[139.9091,34.9757],[139.9079,34.9747],[139.9074,34.9734],[139.9073,34.9723],[139.9075,34.9713],[139.9068,34.9703],[139.9065,34.9691],[139.9052,34.9672],[139.9041,34.9665],[139.9037,34.965],[139.9033,34.9622],[139.9027,34.9609],[139.9035,34.9601],[139.9033,34.9587],[139.9029,34.958],[139.9038,34.9564],[139.9043,34.954],[139.905,34.9537],[139.9063,34.9546],[139.9072,34.9545],[139.9079,34.9552],[139.9083,34.9529],[139.9075,34.9504],[139.9065,34.9498],[139.9058,34.9481],[139.9062,34.9478],[139.9074,34.9483],[139.908,34.9483],[139.9089,34.9476],[139.9099,34.9462],[139.9113,34.946],[139.9116,34.9455],[139.9126,34.9449],[139.9136,34.945],[139.9153,34.9447],[139.9162,34.9454],[139.9173,34.9453],[139.9181,34.945],[139.9193,34.9438],[139.9204,34.9435],[139.9223,34.9426],[139.9242,34.9429],[139.925,34.9429],[139.9251,34.9416],[139.9269,34.9406],[139.9265,34.9397],[139.9254,34.9382],[139.9254,34.9367],[139.9248,34.9355],[139.9239,34.9348],[139.923,34.9348],[139.9229,34.9326],[139.9206,34.9299],[139.9193,34.9293],[139.9186,34.9279],[139.9185,34.9271],[139.9171,34.9276],[139.9149,34.9271],[139.9148,34.9277],[139.914,34.9286],[139.9134,34.9283],[139.9126,34.9287],[139.9118,34.9281],[139.9107,34.9286],[139.909,34.9283],[139.908,34.9284],[139.9043,34.9282],[139.9036,34.9287],[139.9027,34.9287],[139.9017,34.9279],[139.9017,34.9265],[139.9009,34.9265],[139.9004,34.9272],[139.8993,34.9275],[139.8975,34.9274],[139.897,34.926],[139.8978,34.9255],[139.8971,34.9245],[139.8963,34.924],[139.8956,34.9244],[139.8954,34.9255],[139.8939,34.9249],[139.8927,34.9254],[139.8933,34.9268],[139.8925,34.9272],[139.8942,34.9277],[139.8949,34.9283],[139.8954,34.9292],[139.8958,34.9312],[139.8956,34.9325],[139.8957,34.9332],[139.8947,34.9349],[139.8935,34.935],[139.8929,34.9337],[139.8911,34.9309],[139.8888,34.9302],[139.8884,34.9288],[139.8871,34.9281],[139.8867,34.9271],[139.8859,34.927],[139.8854,34.9261],[139.8841,34.9255],[139.8835,34.9259],[139.8826,34.9256],[139.882,34.9238],[139.8809,34.924],[139.8799,34.9245],[139.8786,34.9248],[139.877,34.9235],[139.8764,34.9235],[139.8755,34.9226],[139.8742,34.9222],[139.8726,34.9232],[139.8717,34.9233],[139.8712,34.9223],[139.8704,34.922],[139.869,34.9223],[139.8684,34.9215],[139.8671,34.9215],[139.8662,34.9205],[139.865,34.9206],[139.8649,34.9211],[139.8636,34.9216],[139.8621,34.9232],[139.8602,34.9236],[139.8585,34.9234],[139.8583,34.9223],[139.8565,34.9218],[139.8561,34.9203],[139.8566,34.9196],[139.8561,34.9187],[139.8556,34.9186],[139.8544,34.9172],[139.8532,34.9165],[139.8527,34.9147],[139.8505,34.9144],[139.8498,34.9151],[139.8474,34.9149],[139.8467,34.9143],[139.8459,34.9143],[139.8439,34.9134],[139.8434,34.9128],[139.8421,34.9119],[139.8409,34.9117],[139.8398,34.9118],[139.8353,34.9109],[139.8335,34.9107],[139.8288,34.9126],[139.8273,34.9125],[139.8257,34.9115],[139.8245,34.9113]]],[[[139.8926,34.9048],[139.8926,34.9051],[139.8903,34.9043],[139.8906,34.9039],[139.8921,34.9036],[139.8929,34.9045],[139.8926,34.9048]]],[[[139.8962,34.9032],[139.8959,34.9027],[139.8983,34.9022],[139.8974,34.9031],[139.8962,34.9032]]],[[[139.893,34.9042],[139.8921,34.9035],[139.8929,34.9033],[139.893,34.9042]]],[[[139.9024,34.9046],[139.9015,34.9043],[139.9016,34.9041],[139.9024,34.9042],[139.9024,34.9046]]],[[[139.9272,34.9097],[139.9271,34.9099],[139.9264,34.9098],[139.9266,34.9096],[139.9272,34.9097]]],[[[139.8955,34.9033],[139.8949,34.9036],[139.8948,34.9033],[139.8952,34.903],[139.8955,34.9033]]],[[[139.9298,34.9105],[139.9297,34.9097],[139.9287,34.9086],[139.9288,34.9086],[139.9298,34.9095],[139.9298,34.9105]]],[[[139.9658,34.9429],[139.966,34.9431],[139.9656,34.9432],[139.9654,34.9428],[139.9658,34.9429]]],[[[139.9646,34.9432],[139.9642,34.9431],[139.9641,34.9427],[139.9644,34.9427],[139.9646,34.9432]]],[[[139.8209,35.0288],[139.8203,35.0288],[139.8205,35.0285],[139.8209,35.0288]]],[[[139.8854,34.9033],[139.8848,34.903],[139.8852,34.9028],[139.8854,34.9033]]],[[[139.9029,34.9042],[139.9023,34.9041],[139.9027,34.9039],[139.9029,34.9042]]],[[[139.9536,34.9279],[139.9541,34.9283],[139.9537,34.9283],[139.9536,34.9279]]],[[[139.9213,34.9062],[139.9212,34.9064],[139.9207,34.9066],[139.9208,34.9062],[139.9213,34.9062]]],[[[139.9296,34.9112],[139.9299,34.9111],[139.9314,34.9112],[139.9296,34.9112]]],[[[139.8957,34.9021],[139.8961,34.9017],[139.8963,34.9018],[139.8957,34.9021]]],[[[139.9092,34.9053],[139.9086,34.9052],[139.909,34.905],[139.9092,34.9053]]],[[[139.971,34.9846],[139.9712,34.9848],[139.9717,34.9851],[139.9723,34.9852],[139.9723,34.9853],[139.9718,34.9852],[139.9712,34.9848],[139.971,34.9846]]],[[[139.9596,34.9357],[139.9594,34.9358],[139.9591,34.9356],[139.9596,34.9355],[139.9596,34.9357]]],[[[139.8874,34.9],[139.8872,34.8999],[139.887,34.8996],[139.8871,34.8995],[139.8874,34.8996],[139.8872,34.8998],[139.8874,34.9]]],[[[139.9152,34.9066],[139.9148,34.9065],[139.9149,34.9063],[139.9154,34.9065],[139.9152,34.9066]]],[[[139.8843,34.9031],[139.8838,34.9029],[139.8843,34.9027],[139.8843,34.9031]]],[[[139.898,34.9011],[139.8981,34.9009],[139.8985,34.9009],[139.8986,34.9011],[139.898,34.9011]]],[[[139.951,34.9266],[139.9509,34.9269],[139.9506,34.9268],[139.951,34.9266]]],[[[139.887,34.9002],[139.8869,34.8998],[139.8872,34.9],[139.887,34.9002]]],[[[139.9661,34.945],[139.9664,34.9453],[139.9661,34.9453],[139.9659,34.9451],[139.9661,34.945]]],[[[139.9383,34.9156],[139.9381,34.9157],[139.9378,34.9156],[139.9377,34.9154],[139.9381,34.9155],[139.9383,34.9156]]],[[[139.9424,34.9171],[139.9421,34.917],[139.9422,34.9168],[139.9425,34.9169],[139.9424,34.9171]]],[[[139.9066,34.9039],[139.906,34.9039],[139.906,34.9037],[139.9064,34.9037],[139.9066,34.9039]]],[[[139.9245,34.9099],[139.9239,34.9099],[139.9236,34.9097],[139.9244,34.9098],[139.9245,34.9099]]],[[[139.9545,34.9286],[139.9547,34.929],[139.9543,34.9289],[139.9545,34.9286]]],[[[139.8044,35.0667],[139.8043,35.067],[139.8041,35.067],[139.8041,35.0667],[139.8044,35.0667]]],[[[139.9723,34.9799],[139.9724,34.9801],[139.9722,34.9802],[139.9721,34.98],[139.9723,34.9799]]],[[[139.9652,34.9449],[139.9651,34.9447],[139.9654,34.9446],[139.9652,34.9449]]],[[[139.9231,34.9098],[139.9231,34.91],[139.923,34.9103],[139.9228,34.9099],[139.9231,34.9098]]],[[[139.9308,34.9107],[139.9306,34.9108],[139.9303,34.9105],[139.9307,34.9105],[139.9308,34.9107]]],[[[139.8958,34.9023],[139.896,34.9021],[139.8962,34.9023],[139.8958,34.9023]]],[[[139.9529,34.9291],[139.9524,34.9289],[139.9526,34.9288],[139.9529,34.9291]]],[[[139.9057,34.9046],[139.9054,34.9046],[139.9054,34.9043],[139.9058,34.9045],[139.9057,34.9046]]],[[[139.9314,34.9108],[139.9312,34.9109],[139.9311,34.9107],[139.9314,34.9108]]],[[[139.8171,35.0348],[139.8169,35.0351],[139.8168,35.035],[139.8169,35.0347],[139.8171,35.0348]]],[[[139.8208,35.0684],[139.8206,35.0684],[139.8207,35.0681],[139.821,35.0682],[139.8208,35.0684]]],[[[139.8243,34.9107],[139.8239,34.9108],[139.824,34.9106],[139.8243,34.9105],[139.8243,34.9107]]],[[[139.8825,34.9031],[139.8823,34.9034],[139.8821,34.903],[139.8825,34.9031]]],[[[139.9572,34.9347],[139.9573,34.9348],[139.9574,34.9351],[139.9571,34.9349],[139.9572,34.9347]]],[[[139.8607,34.9026],[139.8609,34.9026],[139.8608,34.9028],[139.8605,34.9028],[139.8607,34.9026]]],[[[139.9049,34.9048],[139.9048,34.9047],[139.9051,34.9047],[139.9053,34.9048],[139.9049,34.9048]]],[[[139.8323,35.0323],[139.8323,35.0321],[139.8326,35.032],[139.8327,35.0322],[139.8323,35.0323]]],[[[139.9652,34.9599],[139.965,34.96],[139.9648,34.96],[139.9649,34.9598],[139.9652,34.9599]]],[[[139.9153,34.9055],[139.9152,34.9057],[139.915,34.9056],[139.9153,34.9055]]],[[[139.8756,34.904],[139.8753,34.904],[139.8754,34.9038],[139.8756,34.904]]],[[[139.9032,34.9048],[139.9031,34.9048],[139.9028,34.9048],[139.9032,34.9046],[139.9032,34.9048]]],[[[139.8876,34.899],[139.8878,34.8991],[139.8878,34.8993],[139.8876,34.8991],[139.8876,34.899]]],[[[139.957,34.9347],[139.9568,34.9347],[139.9566,34.9345],[139.9568,34.9345],[139.957,34.9347]]],[[[139.8423,34.9026],[139.8419,34.9027],[139.8419,34.9025],[139.8423,34.9026]]],[[[139.9646,34.9421],[139.9645,34.9423],[139.9643,34.9421],[139.9646,34.9421]]],[[[139.9228,34.9103],[139.9226,34.9101],[139.9228,34.91],[139.9228,34.9103]]],[[[139.9599,34.9359],[139.9597,34.9361],[139.9596,34.9359],[139.9599,34.9359]]],[[[139.9359,34.9144],[139.9362,34.9146],[139.9359,34.9146],[139.9359,34.9144]]],[[[139.9324,34.9139],[139.9322,34.9136],[139.9324,34.9135],[139.9324,34.9139]]],[[[139.8742,34.9034],[139.874,34.9034],[139.874,34.9031],[139.8741,34.9032],[139.8742,34.9034]]],[[[139.9184,34.9055],[139.918,34.9054],[139.9181,34.9053],[139.9184,34.9055]]],[[[139.9641,34.9391],[139.9641,34.9394],[139.9638,34.9392],[139.9641,34.9391]]],[[[139.8877,34.8996],[139.8877,34.8997],[139.8876,34.8997],[139.8876,34.8996],[139.8877,34.8996]]],[[[139.9661,34.9444],[139.9662,34.9445],[139.9661,34.9446],[139.9658,34.9445],[139.9661,34.9444]]],[[[139.9483,34.9272],[139.9481,34.9273],[139.948,34.927],[139.9483,34.9271],[139.9483,34.9272]]],[[[139.9156,34.9053],[139.916,34.9054],[139.9157,34.9055],[139.9156,34.9053]]],[[[139.9563,34.931],[139.9564,34.9311],[139.9564,34.9313],[139.9562,34.9311],[139.9563,34.931]]],[[[139.8268,35.0535],[139.8267,35.0537],[139.8265,35.0535],[139.8268,35.0535]]],[[[139.9585,34.9362],[139.9583,34.9362],[139.9582,34.936],[139.9584,34.9359],[139.9585,34.9362]]],[[[139.8101,35.037],[139.8103,35.0371],[139.8101,35.0372],[139.8101,35.037]]],[[[139.8295,35.0519],[139.8292,35.052],[139.8293,35.0518],[139.8295,35.0519]]],[[[139.9692,34.9763],[139.9694,34.9764],[139.9693,34.9765],[139.9691,34.9764],[139.9692,34.9763]]],[[[139.9464,34.9237],[139.9461,34.9237],[139.946,34.9235],[139.9462,34.9235],[139.9462,34.9237],[139.9464,34.9237]]],[[[139.9668,34.9432],[139.9667,34.9435],[139.9666,34.9433],[139.9668,34.9432]]],[[[139.9468,34.9233],[139.9467,34.9231],[139.947,34.9231],[139.9469,34.9233],[139.9468,34.9233]]],[[[139.9189,34.906],[139.9191,34.9061],[139.9186,34.9061],[139.9186,34.906],[139.9189,34.906]]],[[[139.8117,35.0406],[139.8119,35.0407],[139.8116,35.0408],[139.8116,35.0406],[139.8117,35.0406]]],[[[139.8453,34.9024],[139.845,34.9025],[139.845,34.9023],[139.8453,34.9024]]],[[[139.8003,35.0617],[139.8003,35.0619],[139.8001,35.0618],[139.8003,35.0617]]],[[[139.8787,34.9034],[139.8786,34.9036],[139.8784,34.9035],[139.8785,34.9034],[139.8787,34.9034]]],[[[139.953,34.9295],[139.953,34.9292],[139.9531,34.9292],[139.953,34.9295]]],[[[139.8255,34.9101],[139.8253,34.9102],[139.8252,34.91],[139.8255,34.9101]]],[[[139.9576,34.9354],[139.9578,34.9355],[139.9577,34.9356],[139.9576,34.9355],[139.9576,34.9354]]],[[[139.9201,34.9075],[139.9201,34.9074],[139.9203,34.9073],[139.9203,34.9075],[139.9201,34.9075]]],[[[139.9141,34.9031],[139.9141,34.9032],[139.9139,34.9033],[139.9139,34.903],[139.9141,34.9031]]],[[[139.9633,34.9407],[139.9634,34.9408],[139.9631,34.9408],[139.9633,34.9407]]],[[[139.9681,34.9462],[139.9682,34.9464],[139.9679,34.9464],[139.9679,34.9463],[139.9681,34.9462]]],[[[139.9569,34.9337],[139.9569,34.9338],[139.9566,34.9338],[139.9568,34.9337],[139.9569,34.9337]]],[[[139.9352,34.9145],[139.935,34.9144],[139.9351,34.9142],[139.9352,34.9143],[139.9352,34.9145]]],[[[139.9516,34.9271],[139.9517,34.9273],[139.9515,34.9274],[139.9514,34.9272],[139.9516,34.9271]]],[[[140.0358,35.0498],[140.0355,35.0496],[140.0356,35.0495],[140.0358,35.0498]]],[[[139.966,34.9547],[139.966,34.9549],[139.9658,34.9548],[139.966,34.9547]]],[[[140.0061,35.0323],[140.006,35.0324],[140.0057,35.0323],[140.0061,35.0323]]],[[[139.9318,34.9127],[139.9322,34.9128],[139.9318,34.9128],[139.9318,34.9127]]],[[[139.9399,34.917],[139.9397,34.917],[139.9397,34.9168],[139.9399,34.9168],[139.9399,34.917]]],[[[139.9698,34.9767],[139.9698,34.9769],[139.9696,34.9768],[139.9698,34.9767]]],[[[139.906,34.9041],[139.9057,34.9041],[139.9056,34.904],[139.9059,34.904],[139.906,34.9041]]],[[[139.8369,34.9016],[139.837,34.9018],[139.8367,34.9017],[139.8369,34.9016]]],[[[139.9165,34.9053],[139.9164,34.9054],[139.9162,34.9053],[139.9165,34.9052],[139.9165,34.9053]]],[[[139.9654,34.9452],[139.9654,34.9453],[139.9653,34.9451],[139.9655,34.945],[139.9654,34.9452]]],[[[139.9462,34.9228],[139.946,34.9229],[139.9459,34.9228],[139.9462,34.9228]]],[[[139.9576,34.9352],[139.9574,34.9351],[139.9576,34.935],[139.9577,34.9351],[139.9576,34.9352]]],[[[139.8795,34.9035],[139.8791,34.9034],[139.8794,34.9033],[139.8795,34.9035]]],[[[139.9655,34.9477],[139.9652,34.9477],[139.9652,34.9476],[139.9655,34.9476],[139.9655,34.9477]]],[[[139.9572,34.9335],[139.9571,34.9337],[139.957,34.9335],[139.9572,34.9335]]],[[[139.9334,34.9144],[139.9336,34.9142],[139.9337,34.9144],[139.9334,34.9144]]],[[[139.9384,34.9149],[139.9383,34.9151],[139.9382,34.915],[139.9384,34.9149]]],[[[139.8134,35.0366],[139.8134,35.0364],[139.8136,35.0365],[139.8134,35.0366]]],[[[139.9653,34.9603],[139.9654,34.9604],[139.9653,34.9605],[139.9652,34.9604],[139.9653,34.9603]]],[[[139.8972,34.9044],[139.8971,34.9044],[139.8968,34.9043],[139.8969,34.9043],[139.897,34.9043],[139.8972,34.9044]]],[[[139.9641,34.961],[139.9642,34.9608],[139.9643,34.9608],[139.9643,34.9609],[139.9641,34.961]]],[[[139.8809,34.9032],[139.8809,34.903],[139.8812,34.903],[139.8811,34.9032],[139.8809,34.9032]]],[[[139.9671,34.954],[139.9671,34.9542],[139.9669,34.9542],[139.9668,34.9541],[139.967,34.954],[139.9671,34.954]]],[[[139.9638,34.9386],[139.9639,34.9387],[139.9638,34.9389],[139.9637,34.9388],[139.9638,34.9386]]],[[[139.9607,34.9381],[139.9608,34.9382],[139.9608,34.9383],[139.9605,34.9381],[139.9607,34.9381]]],[[[139.9727,34.9843],[139.9725,34.9844],[139.9725,34.9843],[139.9727,34.9843]]],[[[139.9644,34.9392],[139.9646,34.9394],[139.9645,34.9394],[139.9644,34.9392]]],[[[139.9326,34.9136],[139.9327,34.9138],[139.9325,34.9139],[139.9325,34.9137],[139.9326,34.9136]]],[[[139.8135,35.043],[139.8136,35.0431],[139.8135,35.0433],[139.8134,35.0432],[139.8135,35.043]]],[[[139.8798,34.9033],[139.8796,34.9035],[139.8795,34.9033],[139.8798,34.9033]]],[[[140.0187,35.0365],[140.0185,35.0365],[140.0187,35.0364],[140.0188,35.0364],[140.0187,35.0365]]],[[[139.9645,34.944],[139.9641,34.944],[139.9642,34.9438],[139.9645,34.944]]],[[[139.87,34.9029],[139.8699,34.903],[139.8698,34.9029],[139.8701,34.9028],[139.87,34.9029]]],[[[139.9455,34.9241],[139.9454,34.924],[139.9457,34.924],[139.9457,34.9241],[139.9455,34.9241]]],[[[139.8882,34.8996],[139.888,34.8996],[139.8883,34.8995],[139.8883,34.8996],[139.8882,34.8996]]],[[[139.8415,34.9031],[139.8414,34.9032],[139.8411,34.903],[139.8415,34.9031]]],[[[139.9719,34.9841],[139.9719,34.9842],[139.9717,34.9842],[139.9719,34.9841]]],[[[139.9652,34.9471],[139.9653,34.9472],[139.9651,34.9472],[139.965,34.9471],[139.9652,34.9471]]],[[[139.9083,34.9049],[139.9082,34.905],[139.908,34.9049],[139.908,34.9048],[139.9083,34.9049]]],[[[139.8032,35.0659],[139.8032,35.0661],[139.803,35.066],[139.803,35.0659],[139.8032,35.0659]]],[[[139.9327,34.9144],[139.9327,34.9142],[139.9329,34.9143],[139.9327,34.9144]]],[[[139.8877,34.8982],[139.8878,34.8983],[139.8877,34.8985],[139.8876,34.8983],[139.8877,34.8982]]],[[[139.9658,34.9473],[139.966,34.9474],[139.9658,34.9474],[139.9658,34.9473]]],[[[139.9465,34.9241],[139.9463,34.9241],[139.9464,34.924],[139.9465,34.9241]]],[[[139.8298,35.0518],[139.83,35.052],[139.8297,35.052],[139.8298,35.0518]]],[[[139.9545,34.9333],[139.9545,34.9335],[139.9543,34.9335],[139.9544,34.9333],[139.9545,34.9333]]],[[[139.9387,34.9166],[139.9385,34.9166],[139.9385,34.9164],[139.9387,34.9164],[139.9387,34.9166]]],[[[139.9651,34.9423],[139.9652,34.9425],[139.9651,34.9425],[139.9651,34.9423]]],[[[139.9548,34.9337],[139.9547,34.9338],[139.9545,34.9337],[139.9546,34.9336],[139.9548,34.9337]]],[[[139.9663,34.9448],[139.966,34.9449],[139.966,34.9447],[139.9663,34.9448]]],[[[139.9669,34.955],[139.967,34.9551],[139.967,34.9553],[139.9668,34.955],[139.9669,34.955]]],[[[139.8909,34.9023],[139.8906,34.9023],[139.8907,34.9021],[139.8909,34.9023]]],[[[139.9693,34.9769],[139.9694,34.977],[139.9692,34.9771],[139.9693,34.9769]]],[[[139.9424,34.9218],[139.9424,34.9219],[139.9423,34.922],[139.9422,34.9219],[139.9424,34.9218]]],[[[139.8104,35.0388],[139.8105,35.0389],[139.8103,35.0389],[139.8104,35.0388]]],[[[139.8997,34.9052],[139.8994,34.9052],[139.8995,34.905],[139.8997,34.9052]]],[[[139.9139,34.9033],[139.9137,34.9033],[139.9138,34.903],[139.9139,34.9033]]],[[[139.9613,34.9371],[139.9613,34.9369],[139.9614,34.937],[139.9613,34.9371]]],[[[139.8726,34.9032],[139.8724,34.9032],[139.8725,34.9031],[139.8726,34.9032]]],[[[139.9053,34.9044],[139.9053,34.9045],[139.9051,34.9044],[139.9053,34.9044]]],[[[139.826,34.9101],[139.8257,34.9102],[139.8258,34.9101],[139.826,34.9101]]],[[[139.953,34.9277],[139.9529,34.9278],[139.9527,34.9277],[139.953,34.9277]]],[[[139.8918,34.9036],[139.8916,34.9035],[139.8919,34.9035],[139.8918,34.9036]]],[[[139.8244,34.9101],[139.8244,34.9102],[139.8242,34.9103],[139.8242,34.9101],[139.8244,34.9101]]],[[[139.8104,35.0374],[139.8104,35.0375],[139.8103,35.0375],[139.8103,35.0374],[139.8104,35.0374]]],[[[139.8755,34.9032],[139.8754,34.9031],[139.8755,34.903],[139.8756,34.9031],[139.8755,34.9032]]],[[[139.8905,34.9014],[139.8904,34.9015],[139.8903,34.9014],[139.8905,34.9013],[139.8905,34.9014]]],[[[139.9486,34.926],[139.9485,34.926],[139.9483,34.9259],[139.9485,34.9258],[139.9486,34.926]]],[[[139.9663,34.9523],[139.9664,34.9526],[139.9663,34.9526],[139.9662,34.9524],[139.9663,34.9523]]],[[[139.8769,34.9033],[139.8766,34.9033],[139.8767,34.9031],[139.8768,34.9031],[139.8769,34.9033]]],[[[139.8874,34.9004],[139.8873,34.9005],[139.8872,34.9005],[139.8872,34.9004],[139.8874,34.9004]]],[[[139.8972,34.9015],[139.8971,34.9015],[139.897,34.9014],[139.8972,34.9014],[139.8973,34.9013],[139.8973,34.9014],[139.8972,34.9015]]],[[[139.9695,34.9827],[139.9695,34.9829],[139.9694,34.9828],[139.9695,34.9827]]],[[[139.9614,34.9374],[139.9615,34.9375],[139.9614,34.9376],[139.9613,34.9375],[139.9614,34.9374]]],[[[139.889,34.8995],[139.889,34.8997],[139.8888,34.8996],[139.889,34.8995]]],[[[140.0188,35.0368],[140.0186,35.0367],[140.0188,35.0365],[140.0189,35.0366],[140.0188,35.0368]]],[[[139.9733,34.9798],[139.9734,34.9799],[139.9733,34.98],[139.9732,34.9799],[139.9733,34.9798]]],[[[139.9703,34.9838],[139.9701,34.9838],[139.9701,34.9836],[139.9703,34.9836],[139.9703,34.9838]]],[[[139.9461,34.9232],[139.946,34.9232],[139.946,34.9231],[139.9462,34.9231],[139.9461,34.9232]]],[[[139.8901,34.9011],[139.8903,34.9012],[139.8901,34.9014],[139.8901,34.9012],[139.8901,34.9011]]],[[[139.972,34.9794],[139.9722,34.9795],[139.972,34.9796],[139.972,34.9794]]],[[[139.9564,34.9343],[139.9564,34.9345],[139.9563,34.9344],[139.9563,34.9343],[139.9564,34.9343]]],[[[139.9043,34.9048],[139.9043,34.9047],[139.9045,34.9047],[139.9046,34.9047],[139.9043,34.9048]]],[[[139.9058,34.9038],[139.9059,34.904],[139.9057,34.9039],[139.9058,34.9038]]],[[[139.9392,34.9151],[139.939,34.915],[139.939,34.9149],[139.9392,34.9151]]],[[[139.8995,34.9004],[139.8993,34.9005],[139.8993,34.9003],[139.8995,34.9004]]],[[[139.8451,34.9026],[139.8449,34.9026],[139.8449,34.9025],[139.8451,34.9026]]],[[[139.9681,34.9579],[139.9682,34.9581],[139.968,34.9581],[139.968,34.958],[139.9681,34.9579]]],[[[139.9668,34.945],[139.9666,34.9452],[139.9665,34.9451],[139.9668,34.945]]],[[[139.9533,34.9296],[139.9532,34.9296],[139.9532,34.9295],[139.9533,34.9296]]],[[[139.8128,35.0417],[139.8128,35.0418],[139.8126,35.0419],[139.8127,35.0417],[139.8128,35.0417]]],[[[139.9072,34.9042],[139.9071,34.9043],[139.9069,34.9042],[139.9071,34.9042],[139.9072,34.9042]]],[[[139.9648,34.9428],[139.9649,34.9427],[139.965,34.9428],[139.9648,34.9428]]],[[[139.9702,34.9827],[139.97,34.9829],[139.97,34.9828],[139.9702,34.9827]]],[[[139.9643,34.9423],[139.9644,34.9425],[139.9643,34.9425],[139.9642,34.9424],[139.9643,34.9423]]],[[[139.9189,34.9073],[139.9188,34.9074],[139.9187,34.9073],[139.9188,34.9072],[139.9189,34.9073]]],[[[139.9001,34.9048],[139.9001,34.9047],[139.9003,34.9047],[139.9003,34.9048],[139.9001,34.9048]]],[[[139.9691,34.9783],[139.9693,34.9785],[139.9692,34.9785],[139.9691,34.9783]]],[[[139.8294,35.0481],[139.8294,35.0483],[139.8293,35.0482],[139.8294,35.0481]]],[[[139.8723,34.9031],[139.8722,34.903],[139.8723,34.9029],[139.8724,34.903],[139.8723,34.9031]]],[[[139.9685,34.9575],[139.9685,34.9576],[139.9683,34.9577],[139.9684,34.9575],[139.9685,34.9575]]],[[[139.8982,34.9043],[139.8984,34.9042],[139.8985,34.9043],[139.8982,34.9043]]],[[[139.8414,34.9025],[139.8416,34.9026],[139.8415,34.9027],[139.8414,34.9025]]],[[[139.8739,34.9034],[139.8737,34.9034],[139.8739,34.9033],[139.8739,34.9034]]],[[[139.821,35.0714],[139.821,35.0716],[139.8209,35.0715],[139.8209,35.0714],[139.821,35.0714]]],[[[139.9401,34.9171],[139.94,34.9169],[139.9402,34.9169],[139.9401,34.9171]]],[[[139.8185,35.0656],[139.8187,35.0657],[139.8186,35.0657],[139.8185,35.0656]]],[[[139.9377,34.9157],[139.9375,34.9158],[139.9375,34.9157],[139.9377,34.9156],[139.9377,34.9157]]],[[[139.9653,34.9452],[139.9654,34.9453],[139.9653,34.9453],[139.9651,34.9452],[139.9653,34.9452]]],[[[139.9179,34.905],[139.9179,34.9051],[139.9177,34.9051],[139.9177,34.905],[139.9179,34.905]]],[[[139.8209,35.0645],[139.8209,35.0647],[139.8207,35.0647],[139.8208,35.0646],[139.8209,35.0645]]],[[[139.9644,34.9595],[139.9643,34.9596],[139.9641,34.9595],[139.9643,34.9594],[139.9644,34.9595]]],[[[139.9462,34.9243],[139.9462,34.9242],[139.9463,34.9243],[139.9462,34.9243]]],[[[139.9449,34.9229],[139.945,34.923],[139.9448,34.923],[139.9448,34.9228],[139.9449,34.9229]]],[[[139.9451,34.9232],[139.9451,34.9233],[139.9449,34.9233],[139.945,34.9232],[139.9451,34.9232]]],[[[139.9422,34.9187],[139.9421,34.9186],[139.9422,34.9186],[139.9422,34.9187]]],[[[139.9225,34.91],[139.9223,34.91],[139.9224,34.9099],[139.9225,34.91]]],[[[139.8719,34.903],[139.8717,34.9029],[139.8719,34.9028],[139.8719,34.903]]],[[[139.904,34.9044],[139.9039,34.9045],[139.9039,34.9044],[139.904,34.9044]]],[[[139.9429,34.9189],[139.943,34.9191],[139.9429,34.9191],[139.9428,34.919],[139.9429,34.9189]]],[[[139.9563,34.934],[139.9563,34.9341],[139.9561,34.934],[139.9562,34.9339],[139.9563,34.934]]],[[[139.8256,34.9103],[139.8255,34.9105],[139.8254,34.9104],[139.8256,34.9103]]],[[[139.9591,34.935],[139.9592,34.9351],[139.9591,34.9352],[139.959,34.9351],[139.9591,34.935]]],[[[139.9715,34.9839],[139.9715,34.984],[139.9714,34.984],[139.9713,34.984],[139.9715,34.9839]]],[[[139.9212,34.9059],[139.9211,34.906],[139.9209,34.9059],[139.921,34.9059],[139.9211,34.9059],[139.9212,34.9059]]],[[[139.8106,35.0392],[139.8106,35.0393],[139.8104,35.0393],[139.8106,35.0392]]],[[[139.8256,34.91],[139.8257,34.9101],[139.8255,34.9102],[139.8256,34.91]]],[[[139.9738,34.9863],[139.9739,34.9864],[139.9737,34.9864],[139.9738,34.9863]]],[[[139.8273,35.0534],[139.8274,35.0535],[139.8274,35.0536],[139.8273,35.0535],[139.8273,35.0534]]],[[[139.9505,34.9264],[139.9504,34.9266],[139.9504,34.9265],[139.9505,34.9264]]],[[[139.9674,34.951],[139.9675,34.9511],[139.9674,34.9512],[139.9673,34.9511],[139.9674,34.951]]],[[[139.9666,34.9483],[139.9665,34.9483],[139.9665,34.9481],[139.9666,34.9482],[139.9665,34.9482],[139.9666,34.9483]]],[[[139.8714,34.9024],[139.8712,34.9024],[139.8712,34.9023],[139.8714,34.9024]]],[[[139.8174,35.0352],[139.8173,35.0353],[139.8171,35.0352],[139.8173,35.0351],[139.8174,35.0352]]],[[[139.9722,34.9864],[139.9723,34.9863],[139.9724,34.9864],[139.9722,34.9864]]],[[[139.971,34.9834],[139.9711,34.9835],[139.9709,34.9835],[139.9708,34.9834],[139.971,34.9834]]],[[[139.8263,35.0771],[139.8262,35.077],[139.8263,35.0769],[139.8264,35.0769],[139.8263,35.0771]]],[[[139.9169,34.906],[139.917,34.906],[139.9169,34.9061],[139.9169,34.906]]],[[[139.8102,35.0377],[139.8101,35.0376],[139.8102,35.0376],[139.8102,35.0377]]],[[[139.9606,34.937],[139.9604,34.937],[139.9605,34.9369],[139.9606,34.937]]],[[[139.959,34.9353],[139.959,34.9355],[139.9589,34.9355],[139.9589,34.9353],[139.959,34.9353]]],[[[139.9609,34.9369],[139.9609,34.9371],[139.9609,34.9372],[139.9608,34.9371],[139.9608,34.937],[139.9609,34.9369]]],[[[139.8814,34.9031],[139.8815,34.903],[139.8815,34.9032],[139.8814,34.9031]]],[[[139.9658,34.9521],[139.9659,34.952],[139.966,34.9521],[139.9658,34.9521]]],[[[139.8751,34.903],[139.8753,34.9031],[139.8751,34.9032],[139.8751,34.903]]],[[[139.8686,34.9011],[139.8685,34.9012],[139.8685,34.9011],[139.8686,34.9011]]],[[[139.9331,34.9136],[139.9333,34.9137],[139.9332,34.9137],[139.9331,34.9137],[139.9331,34.9136]]],[[[139.9307,34.9111],[139.9304,34.911],[139.9305,34.9109],[139.9307,34.9111]]],[[[139.9548,34.931],[139.9547,34.931],[139.9547,34.9309],[139.9548,34.931]]],[[[139.8987,34.9008],[139.8984,34.9008],[139.8984,34.9007],[139.8985,34.9007],[139.8987,34.9008]]],[[[139.9578,34.9339],[139.9579,34.9339],[139.9578,34.9341],[139.9577,34.934],[139.9578,34.9339]]],[[[139.9697,34.9824],[139.9697,34.9825],[139.9695,34.9825],[139.9696,34.9824],[139.9697,34.9824]]],[[[139.8288,34.9077],[139.829,34.9078],[139.8289,34.9079],[139.8288,34.9077]]],[[[139.9616,34.9371],[139.9615,34.9373],[139.9614,34.9372],[139.9615,34.9371],[139.9616,34.9371]]],[[[140.0065,35.0325],[140.0066,35.0326],[140.0065,35.0326],[140.0065,35.0325]]],[[[139.9686,34.976],[139.9687,34.976],[139.9686,34.9761],[139.9685,34.9761],[139.9686,34.976]]],[[[139.9667,34.9555],[139.9667,34.9557],[139.9665,34.9556],[139.9667,34.9555]]],[[[139.9571,34.934],[139.9569,34.9341],[139.9569,34.934],[139.9571,34.934]]],[[[139.9482,34.926],[139.9481,34.9261],[139.948,34.926],[139.9479,34.926],[139.9478,34.9259],[139.9479,34.9259],[139.948,34.926],[139.9482,34.926]]],[[[139.964,34.9415],[139.9641,34.9417],[139.964,34.9418],[139.9639,34.9416],[139.964,34.9415]]],[[[139.8859,34.9032],[139.8859,34.9031],[139.8861,34.9032],[139.886,34.9032],[139.8859,34.9032]]],[[[139.8871,34.9012],[139.8871,34.9013],[139.887,34.9013],[139.8871,34.9012]]],[[[139.948,34.9258],[139.9479,34.9258],[139.9479,34.9257],[139.9481,34.9258],[139.948,34.9258]]],[[[139.8202,35.0285],[139.8199,35.0285],[139.82,35.0284],[139.8202,35.0285]]],[[[139.8762,34.9041],[139.8761,34.9041],[139.8759,34.9041],[139.876,34.904],[139.8761,34.9041],[139.8762,34.9041]]],[[[139.9659,34.9604],[139.9657,34.9605],[139.9657,34.9604],[139.9659,34.9604]]],[[[139.9429,34.9201],[139.9427,34.9201],[139.9427,34.92],[139.9428,34.92],[139.9429,34.92],[139.9429,34.9201]]],[[[139.9425,34.9186],[139.9426,34.9187],[139.9425,34.9188],[139.9424,34.9187],[139.9425,34.9186]]],[[[139.9324,34.9129],[139.9324,34.9131],[139.9323,34.9129],[139.9324,34.9129]]],[[[139.9325,34.9141],[139.9324,34.9141],[139.9324,34.914],[139.9326,34.9141],[139.9325,34.9141]]],[[[139.8907,34.9035],[139.8906,34.9034],[139.8908,34.9034],[139.8908,34.9035],[139.8907,34.9035]]],[[[139.9644,34.9419],[139.9644,34.942],[139.9642,34.942],[139.9642,34.9419],[139.9644,34.9419]]],[[[139.9654,34.9499],[139.9651,34.9499],[139.965,34.9498],[139.9654,34.9499]]],[[[139.8928,34.9027],[139.8928,34.9028],[139.8926,34.9029],[139.8926,34.9028],[139.8928,34.9027]]],[[[139.8716,34.9023],[139.8714,34.9023],[139.8714,34.9022],[139.8716,34.9023]]],[[[139.8764,34.9038],[139.8764,34.9039],[139.8762,34.9039],[139.8763,34.9038],[139.8764,34.9038]]],[[[139.8358,34.9014],[139.8358,34.9016],[139.8357,34.9016],[139.8357,34.9014],[139.8358,34.9014]]],[[[139.8971,34.9047],[139.8969,34.9048],[139.8969,34.9047],[139.8971,34.9047]]],[[[139.8987,34.9045],[139.8986,34.9047],[139.8985,34.9047],[139.8986,34.9045],[139.8987,34.9045]]],[[[139.9691,34.9824],[139.969,34.9825],[139.9688,34.9824],[139.9689,34.9824],[139.9691,34.9824]]],[[[139.9384,34.9163],[139.9385,34.9164],[139.9384,34.9165],[139.9383,34.9164],[139.9384,34.9163]]],[[[139.9732,34.9873],[139.9731,34.9875],[139.9731,34.9874],[139.9732,34.9873]]],[[[139.9496,34.9282],[139.9494,34.928],[139.9495,34.928],[139.9496,34.9281],[139.9496,34.9282]]],[[[139.9681,34.9822],[139.9681,34.9824],[139.968,34.9824],[139.968,34.9822],[139.9681,34.9822]]],[[[139.927,34.9095],[139.9269,34.9096],[139.9268,34.9095],[139.9267,34.9095],[139.927,34.9095]]],[[[139.9601,34.9364],[139.9603,34.9365],[139.9602,34.9366],[139.9601,34.9365],[139.9601,34.9364]]],[[[139.9697,34.9772],[139.9695,34.9773],[139.9696,34.9772],[139.9697,34.9772]]],[[[139.8132,35.0366],[139.8131,35.0368],[139.813,35.0367],[139.8131,35.0367],[139.8132,35.0366]]],[[[139.9577,34.9345],[139.9578,34.9346],[139.9576,34.9347],[139.9576,34.9346],[139.9577,34.9345]]],[[[139.9654,34.948],[139.9653,34.9481],[139.9652,34.9481],[139.9651,34.948],[139.9654,34.948]]],[[[139.8107,35.0392],[139.8107,35.0393],[139.8108,35.0394],[139.8108,35.0395],[139.8106,35.0393],[139.8107,35.0392]]],[[[139.9175,34.9053],[139.9175,34.9054],[139.9173,34.9054],[139.9174,34.9053],[139.9175,34.9053]]],[[[139.9673,34.9501],[139.9674,34.9502],[139.9673,34.9503],[139.9672,34.9501],[139.9673,34.9501]]],[[[139.9166,34.9063],[139.9165,34.9063],[139.9164,34.9062],[139.9165,34.9061],[139.9165,34.9062],[139.9166,34.9063]]],[[[139.9649,34.9396],[139.965,34.9397],[139.9648,34.9397],[139.9649,34.9396]]],[[[139.8343,34.9008],[139.8343,34.9009],[139.8342,34.901],[139.8342,34.9008],[139.8343,34.9008]]],[[[139.8988,34.9038],[139.8988,34.9037],[139.899,34.9038],[139.8988,34.9038]]],[[[139.9654,34.9475],[139.9653,34.9475],[139.9652,34.9475],[139.9654,34.9474],[139.9654,34.9475]]],[[[139.959,34.9369],[139.9589,34.9368],[139.959,34.9367],[139.959,34.9369]]],[[[139.9608,34.9375],[139.9609,34.9376],[139.9608,34.9377],[139.9608,34.9376],[139.9608,34.9375]]],[[[139.9695,34.9581],[139.9694,34.9582],[139.9694,34.9581],[139.9695,34.9581]]],[[[139.8884,34.8991],[139.8884,34.8992],[139.8883,34.8992],[139.8882,34.8991],[139.8884,34.8991]]],[[[139.966,34.9519],[139.966,34.952],[139.9659,34.9519],[139.966,34.9518],[139.966,34.9519]]],[[[139.9324,34.9134],[139.9321,34.9134],[139.9322,34.9133],[139.9324,34.9134]]],[[[139.9542,34.9327],[139.9541,34.9327],[139.9542,34.9326],[139.9542,34.9327]]],[[[139.9522,34.9287],[139.9521,34.9287],[139.9522,34.9286],[139.9523,34.9286],[139.9522,34.9287]]],[[[140.0074,35.0327],[140.0074,35.0328],[140.0074,35.0329],[140.0073,35.0329],[140.0073,35.0328],[140.0074,35.0327]]],[[[139.9693,34.9781],[139.9691,34.9781],[139.9691,34.978],[139.9692,34.978],[139.9693,34.9781]]],[[[139.9115,34.9062],[139.9117,34.9062],[139.9117,34.9063],[139.9115,34.9062]]],[[[139.9745,34.987],[139.9745,34.9871],[139.9744,34.9871],[139.9744,34.987],[139.9745,34.987]]],[[[139.8214,35.0698],[139.8214,35.07],[139.8213,35.07],[139.8213,35.0699],[139.8214,35.0698]]],[[[139.9658,34.9481],[139.9656,34.948],[139.9658,34.948],[139.9658,34.9481]]],[[[139.9132,34.907],[139.913,34.907],[139.9131,34.9069],[139.9132,34.907]]],[[[140.0096,35.0336],[140.0097,35.0337],[140.0096,35.0337],[140.0096,35.0336]]],[[[139.8414,34.9002],[139.8415,34.9003],[139.8413,34.9003],[139.8414,34.9002]]],[[[139.8982,34.8983],[139.8982,34.8984],[139.8981,34.8985],[139.8981,34.8984],[139.8982,34.8983]]],[[[139.9201,34.9077],[139.92,34.9078],[139.9199,34.9077],[139.92,34.9077],[139.9201,34.9077]]],[[[139.9654,34.9493],[139.9654,34.9494],[139.9652,34.9493],[139.9653,34.9492],[139.9654,34.9493]]],[[[139.9745,34.9862],[139.9745,34.9863],[139.9744,34.9863],[139.9745,34.9862]]],[[[139.9724,34.9867],[139.9723,34.9867],[139.9724,34.9866],[139.9725,34.9866],[139.9724,34.9867]]],[[[139.955,34.9291],[139.9549,34.9292],[139.9548,34.9291],[139.955,34.9291]]],[[[139.9064,34.9043],[139.9062,34.9043],[139.9064,34.9042],[139.9064,34.9043]]],[[[139.904,34.9047],[139.9038,34.9047],[139.9039,34.9046],[139.904,34.9047]]],[[[139.9575,34.9343],[139.9574,34.9344],[139.9573,34.9343],[139.9574,34.9343],[139.9575,34.9343]]],[[[139.9219,34.9078],[139.9219,34.9079],[139.9217,34.9079],[139.9219,34.9078]]],[[[139.8955,34.9036],[139.8956,34.9037],[139.8954,34.9037],[139.8954,34.9036],[139.8955,34.9036]]],[[[139.8621,34.9041],[139.862,34.9041],[139.8619,34.9041],[139.862,34.904],[139.8621,34.9041]]],[[[139.9465,34.9226],[139.9465,34.9227],[139.9463,34.9227],[139.9463,34.9226],[139.9465,34.9226]]],[[[139.9707,34.9779],[139.9707,34.978],[139.9706,34.978],[139.9705,34.9779],[139.9707,34.9779]]],[[[139.9723,34.986],[139.9724,34.986],[139.9723,34.9861],[139.9722,34.986],[139.9723,34.986]]],[[[139.933,34.9133],[139.9329,34.9135],[139.9329,34.9134],[139.933,34.9133]]],[[[139.9456,34.9231],[139.9455,34.9232],[139.9454,34.9232],[139.9454,34.9231],[139.9456,34.9231]]],[[[139.9283,34.9099],[139.9284,34.91],[139.9282,34.91],[139.9283,34.9099]]],[[[139.8205,35.0681],[139.8204,35.0682],[139.8204,35.0681],[139.8205,35.0681]]],[[[139.9639,34.9423],[139.964,34.9423],[139.964,34.9424],[139.9639,34.9424],[139.9639,34.9423]]],[[[139.8989,34.9009],[139.8988,34.9008],[139.899,34.9008],[139.8991,34.9008],[139.8989,34.9009]]],[[[139.9465,34.9234],[139.9465,34.9236],[139.9464,34.9236],[139.9464,34.9234],[139.9465,34.9234]]],[[[139.9689,34.9821],[139.9689,34.9822],[139.9688,34.9822],[139.9688,34.9821],[139.9689,34.9821]]],[[[139.8758,34.9031],[139.8757,34.903],[139.8759,34.903],[139.8759,34.9031],[139.8758,34.9031]]],[[[139.9524,34.9289],[139.9523,34.9288],[139.9523,34.9287],[139.9524,34.9287],[139.9524,34.9289]]],[[[139.9592,34.9367],[139.959,34.9368],[139.9591,34.9366],[139.9592,34.9367]]],[[[139.9707,34.9834],[139.9707,34.9835],[139.9705,34.9835],[139.9706,34.9834],[139.9707,34.9834]]],[[[139.8409,34.901],[139.8409,34.9012],[139.8408,34.9011],[139.8409,34.901]]],[[[139.9652,34.9491],[139.9651,34.949],[139.9652,34.949],[139.9653,34.949],[139.9652,34.9491]]],[[[139.9649,34.9602],[139.9647,34.9603],[139.9647,34.9602],[139.9649,34.9602]]],[[[139.8866,34.8995],[139.8866,34.8997],[139.8865,34.8997],[139.8865,34.8995],[139.8866,34.8995]]],[[[139.9722,34.9839],[139.9722,34.984],[139.9721,34.984],[139.9722,34.9839]]],[[[139.964,34.9433],[139.9638,34.9433],[139.9637,34.9433],[139.9639,34.9432],[139.964,34.9433]]],[[[140.0188,35.0361],[140.0189,35.0363],[140.0188,35.0363],[140.0188,35.0362],[140.0188,35.0361]]],[[[139.9452,34.9237],[139.9451,34.9238],[139.9451,34.9237],[139.9452,34.9237]]],[[[139.9591,34.9357],[139.9592,34.9358],[139.9592,34.9359],[139.959,34.9358],[139.9591,34.9357]]],[[[139.9586,34.9358],[139.9586,34.9359],[139.9585,34.936],[139.9585,34.9359],[139.9586,34.9358]]],[[[139.9132,34.9066],[139.9131,34.9065],[139.9132,34.9065],[139.9132,34.9066]]],[[[139.9551,34.9295],[139.9552,34.9296],[139.9551,34.9296],[139.955,34.9295],[139.9551,34.9295]]],[[[139.8549,34.9045],[139.8549,34.9046],[139.8548,34.9046],[139.8549,34.9045]]],[[[139.9668,34.9438],[139.9668,34.944],[139.9667,34.944],[139.9667,34.9438],[139.9668,34.9438]]],[[[139.9726,34.9846],[139.9726,34.9847],[139.9725,34.9847],[139.9725,34.9846],[139.9726,34.9846]]],[[[139.8513,34.8987],[139.8514,34.8988],[139.8513,34.8988],[139.8512,34.8987],[139.8513,34.8987]]],[[[139.8565,34.9046],[139.8565,34.9047],[139.8564,34.9047],[139.8565,34.9046]]],[[[139.9676,34.9442],[139.9677,34.9443],[139.9676,34.9443],[139.9675,34.9443],[139.9676,34.9442]]],[[[139.9625,34.9627],[139.9623,34.9627],[139.9624,34.9626],[139.9625,34.9627]]],[[[139.966,34.9437],[139.9661,34.9438],[139.966,34.9438],[139.966,34.9437]]],[[[139.9559,34.9342],[139.9558,34.9342],[139.9558,34.9341],[139.9559,34.9341],[139.9559,34.9342]]],[[[139.9686,34.9767],[139.9687,34.9768],[139.9686,34.9768],[139.9685,34.9768],[139.9686,34.9767]]],[[[139.9698,34.9782],[139.9698,34.9783],[139.9697,34.9783],[139.9698,34.9782]]],[[[139.9719,34.9837],[139.9718,34.9838],[139.9717,34.9837],[139.9719,34.9837]]],[[[139.8881,34.8982],[139.8881,34.8983],[139.888,34.8982],[139.8881,34.8982]]],[[[139.8937,34.9025],[139.8937,34.9026],[139.8936,34.9026],[139.8936,34.9025],[139.8937,34.9025]]],[[[139.962,34.9376],[139.9618,34.9377],[139.9618,34.9375],[139.962,34.9376]]],[[[139.9646,34.9505],[139.9645,34.9505],[139.9645,34.9504],[139.9646,34.9504],[139.9646,34.9505]]],[[[139.9517,34.9289],[139.9516,34.9287],[139.9517,34.9287],[139.9517,34.9289]]],[[[139.9139,34.9034],[139.914,34.9035],[139.9138,34.9035],[139.9139,34.9034]]],[[[139.887,34.9016],[139.887,34.9017],[139.8868,34.9017],[139.8867,34.9017],[139.887,34.9016]]],[[[139.974,34.9865],[139.974,34.9866],[139.9739,34.9866],[139.9739,34.9865],[139.974,34.9865]]],[[[139.8253,34.9105],[139.8254,34.9105],[139.8253,34.9106],[139.8253,34.9105]]],[[[139.8706,34.9031],[139.8705,34.9032],[139.8704,34.9032],[139.8705,34.9031],[139.8706,34.9031]]],[[[139.8561,34.9046],[139.8561,34.9047],[139.8559,34.9047],[139.8561,34.9046]]],[[[139.9659,34.9523],[139.966,34.9524],[139.9659,34.9524],[139.9659,34.9523]]],[[[139.8484,34.9024],[139.8482,34.9025],[139.8482,34.9024],[139.8483,34.9024],[139.8484,34.9024]]],[[[139.836,34.9015],[139.836,34.9016],[139.836,34.9017],[139.8359,34.9017],[139.8359,34.9016],[139.836,34.9015]]],[[[139.8239,34.9105],[139.8239,34.9106],[139.8238,34.9106],[139.8237,34.9105],[139.8239,34.9105]]],[[[139.9073,34.9044],[139.9072,34.9045],[139.907,34.9044],[139.9073,34.9044]]],[[[139.9431,34.9194],[139.9432,34.9195],[139.9432,34.9196],[139.9431,34.9195],[139.9431,34.9194]]],[[[139.8512,34.8994],[139.8512,34.8995],[139.8511,34.8995],[139.8512,34.8994]]],[[[139.8906,34.9024],[139.8907,34.9025],[139.8906,34.9025],[139.8906,34.9024]]],[[[139.8703,34.9035],[139.8702,34.9035],[139.8702,34.9034],[139.8703,34.9034],[139.8703,34.9035]]],[[[139.9551,34.9309],[139.955,34.9309],[139.9551,34.9308],[139.9551,34.9309]]],[[[139.9628,34.9621],[139.9629,34.9622],[139.9628,34.9622],[139.9627,34.9621],[139.9628,34.9621]]],[[[139.9153,34.9053],[139.9152,34.9054],[139.9151,34.9053],[139.9153,34.9053]]],[[[139.9664,34.9441],[139.9664,34.9442],[139.9663,34.9442],[139.9663,34.9441],[139.9664,34.9441]]],[[[139.8253,34.9103],[139.8252,34.9104],[139.8251,34.9103],[139.8253,34.9103]]],[[[139.8336,34.907],[139.8335,34.907],[139.8335,34.9069],[139.8336,34.907]]],[[[139.9041,34.904],[139.9039,34.9039],[139.904,34.9039],[139.9041,34.904]]],[[[139.9668,34.9547],[139.9668,34.9548],[139.9668,34.9549],[139.9667,34.9548],[139.9667,34.9547],[139.9668,34.9547]]],[[[139.9665,34.9547],[139.9664,34.9548],[139.9663,34.9548],[139.9663,34.9547],[139.9665,34.9547]]],[[[139.9356,34.9144],[139.9357,34.9145],[139.9357,34.9146],[139.9356,34.9144]]],[[[139.9581,34.9341],[139.9581,34.9342],[139.958,34.9342],[139.958,34.9341],[139.9581,34.9341]]],[[[139.9515,34.9289],[139.9514,34.9288],[139.9515,34.9287],[139.9515,34.9289]]],[[[139.9714,34.9836],[139.9714,34.9837],[139.9713,34.9836],[139.9714,34.9836]]],[[[139.9567,34.9347],[139.9565,34.9347],[139.9566,34.9345],[139.9567,34.9347]]],[[[139.9607,34.9369],[139.9608,34.937],[139.9607,34.9371],[139.9607,34.937],[139.9607,34.9369]]],[[[139.826,35.0772],[139.8259,35.0772],[139.826,35.0771],[139.826,35.0772]]],[[[139.8187,35.066],[139.8187,35.0662],[139.8186,35.0661],[139.8186,35.066],[139.8187,35.066]]],[[[139.8617,34.9042],[139.8617,34.9043],[139.8616,34.9042],[139.8617,34.9042]]],[[[139.9648,34.9458],[139.9648,34.9459],[139.9647,34.9459],[139.9648,34.9458]]],[[[139.9317,34.9107],[139.9317,34.9108],[139.9315,34.9107],[139.9316,34.9107],[139.9317,34.9107]]],[[[139.9621,34.9396],[139.962,34.9396],[139.9621,34.9395],[139.9621,34.9396]]],[[[139.9514,34.9264],[139.9514,34.9265],[139.9512,34.9265],[139.9512,34.9264],[139.9514,34.9264]]],[[[139.9641,34.9425],[139.9643,34.9426],[139.9641,34.9426],[139.9641,34.9425]]],[[[139.9042,34.9047],[139.904,34.9048],[139.904,34.9047],[139.9042,34.9047]]],[[[139.8429,34.9017],[139.8429,34.9018],[139.8428,34.9018],[139.8428,34.9017],[139.8429,34.9017]]],[[[139.9689,34.9767],[139.969,34.9768],[139.9689,34.9768],[139.9689,34.9767]]],[[[139.9699,34.9774],[139.9699,34.9775],[139.9698,34.9775],[139.9699,34.9774]]],[[[140.0096,35.0346],[140.0097,35.0348],[140.0096,35.0347],[140.0096,35.0346]]],[[[139.8893,34.9004],[139.8893,34.9005],[139.8892,34.9005],[139.8893,34.9004]]],[[[139.8736,34.9032],[139.8734,34.9033],[139.8734,34.9032],[139.8736,34.9032]]],[[[139.9585,34.9346],[139.9585,34.9347],[139.9584,34.9348],[139.9584,34.9347],[139.9585,34.9346]]],[[[139.9598,34.9362],[139.9598,34.9363],[139.9597,34.9363],[139.9598,34.9362]]],[[[139.9703,34.9774],[139.9704,34.9774],[139.9702,34.9775],[139.9702,34.9774],[139.9703,34.9774]]],[[[139.9619,34.9373],[139.962,34.9374],[139.962,34.9375],[139.9619,34.9374],[139.9619,34.9373]]],[[[139.9158,34.9051],[139.9159,34.9052],[139.9157,34.9051],[139.9158,34.9051]]],[[[139.8363,34.9016],[139.8362,34.9018],[139.8361,34.9017],[139.8363,34.9016]]],[[[139.9174,34.9063],[139.9173,34.9064],[139.9173,34.9065],[139.9172,34.9064],[139.9173,34.9064],[139.9174,34.9063]]],[[[139.9554,34.9318],[139.9555,34.932],[139.9554,34.9319],[139.9554,34.9318]]],[[[139.8391,34.9042],[139.8392,34.9043],[139.8391,34.9043],[139.839,34.9042],[139.8391,34.9042]]],[[[139.8319,35.0505],[139.8319,35.0506],[139.8318,35.0505],[139.8319,35.0505]]],[[[139.966,34.9442],[139.9659,34.9443],[139.9659,34.9442],[139.966,34.9442]]],[[[140.0108,35.0348],[140.0108,35.0349],[140.0107,35.0348],[140.0108,35.0347],[140.0108,35.0348]]],[[[139.9301,34.9126],[139.93,34.9126],[139.93,34.9125],[139.9302,34.9125],[139.9301,34.9126]]],[[[139.904,34.905],[139.9039,34.905],[139.904,34.9049],[139.904,34.905]]],[[[139.9663,34.952],[139.9664,34.952],[139.9663,34.9521],[139.9663,34.952]]],[[[139.9625,34.9621],[139.9624,34.9621],[139.9623,34.9621],[139.9624,34.962],[139.9625,34.9621]]],[[[139.9702,34.9784],[139.9702,34.9785],[139.9701,34.9784],[139.9702,34.9784]]],[[[139.8131,35.0364],[139.8131,35.0365],[139.813,35.0364],[139.8131,35.0364]]],[[[139.8348,35.0784],[139.8347,35.0785],[139.8346,35.0785],[139.8347,35.0784],[139.8348,35.0784]]],[[[139.8731,34.9033],[139.8732,34.9034],[139.8731,34.9034],[139.8731,34.9033]]],[[[139.8511,34.899],[139.851,34.899],[139.851,34.8989],[139.8511,34.899]]],[[[139.9518,34.9287],[139.9517,34.9287],[139.9517,34.9286],[139.9518,34.9286],[139.9518,34.9287]]],[[[139.8475,34.9022],[139.8475,34.9023],[139.8474,34.9024],[139.8474,34.9023],[139.8475,34.9022]]],[[[139.9308,34.9113],[139.9306,34.9113],[139.9307,34.9112],[139.9308,34.9113]]],[[[139.8408,34.9024],[139.8407,34.9025],[139.8406,34.9024],[139.8408,34.9024]]],[[[139.9018,34.904],[139.9017,34.9041],[139.9016,34.904],[139.9018,34.904]]],[[[139.97,34.9833],[139.97,34.9834],[139.9698,34.9833],[139.9699,34.9833],[139.97,34.9833]]],[[[139.9637,34.9424],[139.9637,34.9423],[139.9638,34.9423],[139.9637,34.9424]]],[[[139.9554,34.9311],[139.9553,34.9311],[139.9554,34.931],[139.9554,34.9311]]],[[[139.9668,34.9456],[139.9668,34.9457],[139.9667,34.9457],[139.9668,34.9456]]],[[[139.8276,35.0555],[139.8276,35.0556],[139.8275,35.0556],[139.8275,35.0555],[139.8276,35.0555]]],[[[139.9322,34.9133],[139.9321,34.9133],[139.932,34.9133],[139.9321,34.9132],[139.9322,34.9133]]],[[[139.9578,34.9354],[139.9578,34.9353],[139.9579,34.9353],[139.9578,34.9354]]],[[[139.9107,34.9069],[139.9107,34.907],[139.9106,34.907],[139.9107,34.9069]]],[[[140.0059,35.0318],[140.006,35.0319],[140.0058,35.0319],[140.0059,35.0318]]],[[[139.9694,34.9775],[139.9695,34.9775],[139.9694,34.9776],[139.9694,34.9775]]],[[[139.9615,34.9373],[139.9616,34.9373],[139.9616,34.9374],[139.9614,34.9373],[139.9615,34.9373]]],[[[139.9654,34.945],[139.9653,34.9451],[139.9652,34.9451],[139.9652,34.945],[139.9654,34.945]]],[[[139.8239,34.9102],[139.8241,34.9103],[139.824,34.9103],[139.8239,34.9102]]],[[[139.9142,34.9044],[139.9142,34.9045],[139.914,34.9044],[139.9141,34.9044],[139.9142,34.9044]]],[[[139.9726,34.986],[139.9724,34.986],[139.9724,34.9859],[139.9726,34.9859],[139.9726,34.986]]],[[[139.8247,34.9101],[139.8246,34.9101],[139.8246,34.91],[139.8247,34.9101]]],[[[139.9691,34.9768],[139.9691,34.9769],[139.9691,34.977],[139.969,34.9769],[139.9691,34.9768]]],[[[139.9644,34.9464],[139.9641,34.9464],[139.9641,34.9463],[139.9644,34.9464]]],[[[139.812,35.037],[139.8119,35.0369],[139.812,35.0368],[139.8121,35.0369],[139.812,35.037]]],[[[139.9672,34.9537],[139.9671,34.9538],[139.9671,34.9537],[139.9672,34.9537]]],[[[139.9113,34.9063],[139.9114,34.9064],[139.9113,34.9064],[139.9113,34.9063]]],[[[139.8866,34.9023],[139.8866,34.9022],[139.8867,34.9022],[139.8866,34.9023]]],[[[139.819,35.0661],[139.819,35.0662],[139.8189,35.0662],[139.8189,35.0661],[139.819,35.0661]]],[[[139.9393,34.9153],[139.9391,34.9152],[139.9392,34.9152],[139.9393,34.9152],[139.9393,34.9153]]],[[[139.8146,35.0362],[139.8146,35.0363],[139.8145,35.0363],[139.8145,35.0362],[139.8146,35.0362]]],[[[139.968,34.9576],[139.968,34.9577],[139.9679,34.9577],[139.9679,34.9576],[139.968,34.9576]]],[[[139.8915,34.9034],[139.8914,34.9034],[139.8914,34.9033],[139.8915,34.9033],[139.8915,34.9034]]],[[[139.9567,34.9324],[139.9566,34.9325],[139.9566,34.9324],[139.9567,34.9324]]],[[[139.9588,34.9348],[139.9588,34.9349],[139.9587,34.9348],[139.9588,34.9348]]],[[[139.9334,34.914],[139.9335,34.914],[139.9335,34.9141],[139.9334,34.9141],[139.9334,34.914]]],[[[139.9704,34.9775],[139.9704,34.9776],[139.9703,34.9776],[139.9704,34.9775]]],[[[139.8892,34.9],[139.8892,34.9001],[139.8891,34.9001],[139.8892,34.9]]],[[[139.9664,34.9487],[139.9665,34.9488],[139.9664,34.9488],[139.9663,34.9487],[139.9664,34.9487]]],[[[139.9588,34.9366],[139.9587,34.9366],[139.9587,34.9365],[139.9588,34.9366]]],[[[139.8104,35.0382],[139.8105,35.0383],[139.8103,35.0383],[139.8104,35.0382]]],[[[139.9724,34.9839],[139.9724,34.984],[139.9723,34.984],[139.9723,34.9839],[139.9724,34.9839]]],[[[139.8356,34.9016],[139.8356,34.9017],[139.8356,34.9018],[139.8355,34.9017],[139.8356,34.9016]]],[[[139.8277,35.052],[139.8277,35.0521],[139.8277,35.0522],[139.8276,35.0521],[139.8277,35.052]]],[[[139.8701,34.9025],[139.8701,34.9026],[139.87,34.9026],[139.8701,34.9025]]],[[[139.948,34.9264],[139.9481,34.9264],[139.9481,34.9265],[139.948,34.9264]]],[[[139.9326,34.914],[139.9325,34.914],[139.9326,34.9139],[139.9326,34.914]]],[[[139.933,34.9139],[139.9331,34.914],[139.933,34.9141],[139.933,34.9139]]],[[[139.8802,34.9028],[139.8802,34.9029],[139.8801,34.9029],[139.8802,34.9028]]],[[[139.9168,34.9064],[139.9168,34.9065],[139.9167,34.9064],[139.9168,34.9064]]],[[[139.9642,34.9425],[139.9641,34.9425],[139.9641,34.9424],[139.9642,34.9424],[139.9642,34.9425]]],[[[139.9021,34.9023],[139.9021,34.9024],[139.902,34.9023],[139.9021,34.9023]]],[[[139.912,34.9062],[139.912,34.9063],[139.9119,34.9063],[139.9119,34.9062],[139.912,34.9062]]],[[[139.9649,34.9506],[139.965,34.9507],[139.9651,34.9507],[139.9649,34.9507],[139.9649,34.9506]]],[[[139.9126,34.9071],[139.9127,34.9072],[139.9126,34.9072],[139.9126,34.9071]]],[[[139.9208,34.907],[139.9207,34.9071],[139.9206,34.9071],[139.9207,34.907],[139.9208,34.907]]],[[[139.9037,34.905],[139.9036,34.9049],[139.9038,34.9049],[139.9037,34.905]]],[[[139.9664,34.9541],[139.9665,34.9541],[139.9665,34.9542],[139.9664,34.9542],[139.9664,34.9541]]],[[[139.9142,34.9064],[139.9142,34.9063],[139.9143,34.9063],[139.9143,34.9064],[139.9142,34.9064]]],[[[139.9127,34.9058],[139.9127,34.9059],[139.9126,34.9058],[139.9127,34.9058]]],[[[139.9379,34.9158],[139.9379,34.9159],[139.9378,34.9159],[139.9379,34.9158]]],[[[139.9427,34.9189],[139.9428,34.919],[139.9426,34.919],[139.9427,34.9189]]],[[[139.9604,34.9373],[139.9606,34.9374],[139.9605,34.9374],[139.9604,34.9373]]],[[[139.9665,34.9492],[139.9664,34.9492],[139.9663,34.9491],[139.9665,34.9492]]],[[[139.9551,34.9339],[139.9551,34.934],[139.955,34.9339],[139.9551,34.9339]]],[[[139.9665,34.9539],[139.9666,34.954],[139.9664,34.954],[139.9665,34.9539]]],[[[139.9656,34.9478],[139.9654,34.9479],[139.9654,34.9478],[139.9656,34.9478]]],[[[139.9688,34.9581],[139.9688,34.9582],[139.9687,34.9581],[139.9688,34.9581]]],[[[139.9712,34.9839],[139.9711,34.984],[139.9711,34.9839],[139.9712,34.9839]]],[[[139.9166,34.9061],[139.9167,34.9062],[139.9165,34.9061],[139.9166,34.9061]]],[[[139.8347,34.9009],[139.8346,34.9009],[139.8346,34.9008],[139.8347,34.9009]]],[[[139.8943,34.9033],[139.8941,34.9033],[139.8942,34.9032],[139.8943,34.9032],[139.8943,34.9033]]],[[[139.9644,34.9598],[139.9644,34.9599],[139.9643,34.9599],[139.9644,34.9598]]],[[[139.9645,34.9601],[139.9644,34.9602],[139.9643,34.9602],[139.9644,34.9601],[139.9645,34.9601]]],[[[139.9563,34.9338],[139.9563,34.9339],[139.9562,34.9338],[139.9563,34.9338]]],[[[140.019,35.0369],[140.0189,35.0369],[140.0189,35.0368],[140.019,35.0368],[140.019,35.0369]]],[[[139.9544,34.9326],[139.9545,34.9327],[139.9544,34.9327],[139.9544,34.9326]]],[[[139.9616,34.9376],[139.9617,34.9376],[139.9616,34.9377],[139.9616,34.9376]]],[[[139.8847,34.9029],[139.8847,34.903],[139.8846,34.9029],[139.8847,34.9029]]],[[[139.9528,34.9289],[139.9529,34.929],[139.9528,34.929],[139.9528,34.9289]]],[[[139.9381,34.9158],[139.9382,34.9158],[139.9381,34.9159],[139.9381,34.9158]]],[[[139.9662,34.9514],[139.9661,34.9514],[139.966,34.9514],[139.9661,34.9513],[139.9662,34.9514]]],[[[139.9467,34.9228],[139.9467,34.9229],[139.9466,34.9229],[139.9467,34.9228]]],[[[139.9582,34.9361],[139.9582,34.9362],[139.9581,34.9362],[139.9582,34.9361]]],[[[139.9627,34.9414],[139.9626,34.9413],[139.9627,34.9413],[139.9627,34.9414]]],[[[139.9482,34.9258],[139.9482,34.9259],[139.9481,34.9258],[139.9482,34.9258]]],[[[139.9695,34.9576],[139.9694,34.9577],[139.9694,34.9576],[139.9695,34.9576]]],[[[139.9453,34.9239],[139.9452,34.9239],[139.9452,34.9238],[139.9453,34.9238],[139.9453,34.9239]]],[[[139.9494,34.9271],[139.9494,34.9273],[139.9493,34.9273],[139.9493,34.9272],[139.9494,34.9271]]],[[[139.9687,34.9769],[139.9687,34.977],[139.9686,34.9769],[139.9687,34.9769]]],[[[139.8395,34.9017],[139.8395,34.9018],[139.8394,34.9018],[139.8395,34.9017]]],[[[139.9594,34.9367],[139.9595,34.9368],[139.9593,34.9368],[139.9594,34.9367]]],[[[139.9652,34.9482],[139.9652,34.9483],[139.9651,34.9482],[139.9652,34.9482]]],[[[139.9666,34.9529],[139.9666,34.953],[139.9665,34.9529],[139.9666,34.9529]]],[[[139.9659,34.9482],[139.9658,34.9483],[139.9658,34.9482],[139.9659,34.9482]]],[[[139.8856,34.903],[139.8856,34.9031],[139.8855,34.9031],[139.8856,34.903]]],[[[139.8396,34.9042],[139.8397,34.9043],[139.8395,34.9042],[139.8396,34.9042]]],[[[139.81,35.0374],[139.81,35.0375],[139.8099,35.0375],[139.8098,35.0374],[139.81,35.0374]]],[[[139.8751,34.9035],[139.8752,34.9034],[139.8752,34.9035],[139.8751,34.9035]]],[[[139.9667,34.9559],[139.9667,34.956],[139.9666,34.9559],[139.9667,34.9559]]],[[[139.9648,34.9506],[139.9649,34.9507],[139.9648,34.9507],[139.9648,34.9506]]],[[[139.9197,34.907],[139.9195,34.9071],[139.9195,34.907],[139.9197,34.907]]],[[[139.9189,34.907],[139.9188,34.9072],[139.9187,34.9071],[139.9188,34.907],[139.9189,34.907]]],[[[139.9123,34.9061],[139.9122,34.9062],[139.9122,34.9061],[139.9123,34.9061]]],[[[139.873,34.9031],[139.8729,34.9031],[139.8729,34.903],[139.873,34.9031]]],[[[139.9631,34.9418],[139.9632,34.9419],[139.9631,34.9419],[139.9631,34.9418]]],[[[139.9522,34.929],[139.9523,34.9291],[139.9522,34.9291],[139.9521,34.9291],[139.9522,34.929]]],[[[139.8394,34.9007],[139.8395,34.9008],[139.8394,34.9008],[139.8394,34.9007]]],[[[139.8988,34.9003],[139.8989,34.9004],[139.8988,34.9005],[139.8988,34.9004],[139.8988,34.9003]]],[[[139.9584,34.9364],[139.9584,34.9365],[139.9583,34.9364],[139.9584,34.9364]]],[[[140.0163,35.0345],[140.0164,35.0345],[140.0164,35.0346],[140.0163,35.0345]]],[[[139.8252,34.9102],[139.825,34.9101],[139.8251,34.9101],[139.8252,34.9102]]],[[[139.9104,34.9069],[139.9105,34.9069],[139.9103,34.907],[139.9103,34.9069],[139.9104,34.9069]]],[[[139.8991,34.9005],[139.899,34.9006],[139.8989,34.9005],[139.899,34.9005],[139.8991,34.9005]]],[[[139.973,34.9841],[139.9731,34.9842],[139.9729,34.9842],[139.973,34.9841]]],[[[139.8249,34.9105],[139.825,34.9106],[139.825,34.9107],[139.8249,34.9106],[139.8249,34.9105]]],[[[139.9227,34.9098],[139.9228,34.9099],[139.9227,34.9099],[139.9226,34.9099],[139.9227,34.9098]]],[[[139.9427,34.9215],[139.9426,34.9215],[139.9425,34.9215],[139.9425,34.9214],[139.9426,34.9215],[139.9427,34.9215]]],[[[139.9507,34.9285],[139.9509,34.9286],[139.9509,34.9287],[139.9508,34.9286],[139.9507,34.9285]]],[[[139.9308,34.9107],[139.9309,34.9108],[139.9308,34.9108],[139.9308,34.9107]]],[[[139.8746,34.9035],[139.8747,34.9036],[139.8745,34.9036],[139.8746,34.9035]]],[[[139.9647,34.9499],[139.9649,34.9499],[139.9649,34.95],[139.9647,34.9499]]],[[[139.8876,34.8984],[139.8876,34.8985],[139.8875,34.8985],[139.8875,34.8984],[139.8876,34.8984]]],[[[139.9725,34.9866],[139.9724,34.9865],[139.9725,34.9865],[139.9725,34.9866]]],[[[139.9561,34.9321],[139.9561,34.9322],[139.956,34.9322],[139.956,34.9321],[139.9561,34.9321]]],[[[139.8874,34.8987],[139.8875,34.8988],[139.8874,34.8988],[139.8874,34.8987]]],[[[139.9602,34.9366],[139.9603,34.9366],[139.9602,34.9367],[139.9602,34.9366]]],[[[139.9667,34.9483],[139.9667,34.9484],[139.9666,34.9484],[139.9667,34.9483]]],[[[139.9627,34.9381],[139.9626,34.938],[139.9627,34.938],[139.9627,34.9381]]],[[[139.8905,34.9025],[139.8905,34.9026],[139.8904,34.9026],[139.8905,34.9025]]],[[[139.8371,34.9019],[139.8371,34.902],[139.837,34.902],[139.837,34.9019],[139.8371,34.9019]]],[[[139.8455,34.9024],[139.8456,34.9026],[139.8455,34.9025],[139.8455,34.9024]]],[[[139.958,34.9352],[139.958,34.9353],[139.9579,34.9352],[139.958,34.9352]]],[[[139.9665,34.9497],[139.9666,34.9497],[139.9665,34.9498],[139.9665,34.9497]]],[[[139.8273,35.0555],[139.8273,35.0556],[139.8272,35.0555],[139.8273,35.0555]]],[[[139.9663,34.9553],[139.9664,34.9554],[139.9663,34.9554],[139.9663,34.9553]]],[[[139.9423,34.9191],[139.9424,34.9192],[139.9423,34.9192],[139.9423,34.9191]]],[[[139.9499,34.9285],[139.9498,34.9285],[139.9498,34.9284],[139.9499,34.9285]]],[[[140.0193,35.0369],[140.0192,35.037],[140.0192,35.0369],[140.0193,35.0369]]],[[[139.8449,34.9029],[139.8448,34.9029],[139.8448,34.9028],[139.8449,34.9029]]],[[[140.0165,35.0348],[140.0164,35.0348],[140.0165,35.0347],[140.0165,35.0348]]],[[[139.951,34.9277],[139.9511,34.9277],[139.951,34.9278],[139.951,34.9277]]],[[[139.9542,34.9328],[139.9543,34.9329],[139.9542,34.9329],[139.9542,34.9328]]],[[[139.932,34.913],[139.9321,34.9131],[139.9321,34.9132],[139.9319,34.9131],[139.932,34.913]]],[[[139.8255,35.0772],[139.8254,35.0772],[139.8255,35.0771],[139.8255,35.0772]]],[[[139.9045,34.904],[139.9045,34.9041],[139.9044,34.904],[139.9045,34.904]]],[[[139.9127,34.907],[139.9128,34.9071],[139.9128,34.9072],[139.9127,34.9071],[139.9127,34.907]]],[[[139.9652,34.9475],[139.9653,34.9476],[139.9652,34.9476],[139.9652,34.9475]]],[[[139.8106,35.039],[139.8105,35.0391],[139.8105,35.039],[139.8106,35.039]]],[[[139.9666,34.95],[139.9667,34.9501],[139.9666,34.9501],[139.9665,34.95],[139.9666,34.95]]],[[[140.0179,35.0352],[140.0178,35.0352],[140.0178,35.0351],[140.0179,35.0352]]],[[[139.95,34.9283],[139.9501,34.9284],[139.95,34.9284],[139.9499,34.9283],[139.95,34.9283]]],[[[139.9142,34.9063],[139.9141,34.9063],[139.914,34.9063],[139.9141,34.9062],[139.9142,34.9063]]],[[[139.9669,34.9556],[139.9669,34.9557],[139.9668,34.9556],[139.9669,34.9556]]],[[[139.9651,34.9505],[139.965,34.9506],[139.9649,34.9506],[139.9649,34.9505],[139.9651,34.9505]]],[[[139.8751,34.9034],[139.8752,34.9034],[139.8752,34.9033],[139.8753,34.9034],[139.8751,34.9034]]],[[[139.9693,34.9829],[139.9693,34.983],[139.9692,34.9829],[139.9693,34.9829]]],[[[139.9656,34.9479],[139.9657,34.9479],[139.9657,34.948],[139.9655,34.9479],[139.9656,34.9479]]],[[[139.8702,34.9032],[139.8702,34.9033],[139.8701,34.9032],[139.8702,34.9032]]],[[[139.9652,34.9478],[139.9653,34.9479],[139.9651,34.9479],[139.9652,34.9478]]],[[[139.9662,34.9519],[139.9663,34.9519],[139.9662,34.952],[139.9661,34.9519],[139.9662,34.9519]]],[[[139.9703,34.9785],[139.9703,34.9786],[139.9702,34.9785],[139.9703,34.9785]]],[[[139.924,34.9097],[139.9239,34.9097],[139.9239,34.9096],[139.924,34.9097]]],[[[139.9574,34.9353],[139.9575,34.9354],[139.9574,34.9354],[139.9574,34.9353]]],[[[139.9038,34.9043],[139.9038,34.9044],[139.9037,34.9044],[139.9038,34.9043]]],[[[139.938,34.916],[139.9379,34.916],[139.9379,34.9159],[139.938,34.916]]],[[[139.9048,34.9044],[139.9049,34.9044],[139.9049,34.9045],[139.9048,34.9044]]],[[[139.9199,34.9082],[139.9199,34.9083],[139.9198,34.9082],[139.9199,34.9082]]],[[[139.9129,34.9068],[139.9129,34.9067],[139.913,34.9067],[139.913,34.9068],[139.9129,34.9068]]],[[[139.9158,34.9064],[139.9159,34.9065],[139.9158,34.9065],[139.9158,34.9064]]],[[[139.9451,34.9238],[139.9452,34.9239],[139.9451,34.9239],[139.945,34.9238],[139.9451,34.9238]]],[[[139.8248,34.9103],[139.8249,34.9104],[139.8248,34.9104],[139.8248,34.9103]]],[[[139.9501,34.9285],[139.95,34.9285],[139.95,34.9284],[139.9501,34.9285]]],[[[139.8438,34.9024],[139.8437,34.9024],[139.8437,34.9023],[139.8438,34.9024]]],[[[139.8986,34.9017],[139.8986,34.9018],[139.8985,34.9017],[139.8986,34.9017]]],[[[139.9621,34.9377],[139.9621,34.9378],[139.962,34.9378],[139.9621,34.9377]]],[[[139.9651,34.9484],[139.9649,34.9484],[139.9649,34.9483],[139.9651,34.9483],[139.9651,34.9484]]],[[[139.899,34.9039],[139.899,34.904],[139.8989,34.904],[139.899,34.9039]]],[[[139.8915,34.9036],[139.8914,34.9037],[139.8914,34.9036],[139.8915,34.9036]]],[[[139.9652,34.9443],[139.9652,34.9444],[139.9651,34.9443],[139.9652,34.9443]]],[[[139.9659,34.9512],[139.9659,34.9513],[139.9658,34.9512],[139.9659,34.9512]]],[[[139.8902,34.9009],[139.8902,34.901],[139.8901,34.9009],[139.8902,34.9009]]],[[[139.968,34.9824],[139.9681,34.9825],[139.968,34.9825],[139.968,34.9824]]],[[[139.9475,34.9256],[139.9476,34.9256],[139.9476,34.9257],[139.9475,34.9256]]],[[[139.9652,34.9451],[139.9651,34.9452],[139.9651,34.9451],[139.9652,34.9451]]],[[[139.9513,34.9271],[139.9513,34.9272],[139.9512,34.9272],[139.9512,34.9271],[139.9513,34.9271]]],[[[139.8099,35.0392],[139.8099,35.0393],[139.8098,35.0393],[139.8098,35.0392],[139.8099,35.0392]]],[[[139.8376,34.9028],[139.8375,34.9028],[139.8374,34.9028],[139.8374,34.9027],[139.8376,34.9028]]],[[[139.8414,34.9007],[139.8414,34.9008],[139.8413,34.9008],[139.8413,34.9007],[139.8414,34.9007]]],[[[139.9555,34.9312],[139.9555,34.9313],[139.9555,34.9312],[139.9556,34.9312],[139.9556,34.9313],[139.9555,34.9312]]],[[[139.9667,34.9546],[139.9667,34.9547],[139.9666,34.9546],[139.9667,34.9546]]],[[[140.009,35.0345],[140.009,35.0346],[140.0089,35.0346],[140.009,35.0345]]],[[[139.8865,34.9],[139.8865,34.9001],[139.8864,34.9],[139.8865,34.9]]],[[[139.8991,34.9039],[139.899,34.9039],[139.899,34.9038],[139.8991,34.9039]]],[[[139.9574,34.9337],[139.9575,34.9338],[139.9574,34.9338],[139.9574,34.9337]]],[[[139.9296,34.911],[139.9297,34.9111],[139.9296,34.9111],[139.9296,34.911]]],[[[139.9669,34.9536],[139.9669,34.9537],[139.9668,34.9536],[139.9669,34.9536]]],[[[139.8755,34.9037],[139.8754,34.9038],[139.8754,34.9037],[139.8755,34.9037]]],[[[139.9651,34.9484],[139.9651,34.9485],[139.965,34.9485],[139.9649,34.9484],[139.9651,34.9484]]],[[[139.9617,34.9378],[139.9615,34.9378],[139.9616,34.9377],[139.9617,34.9378]]],[[[139.8345,34.9005],[139.8344,34.9006],[139.8344,34.9005],[139.8345,34.9005]]],[[[139.9636,34.9436],[139.9636,34.9437],[139.9635,34.9437],[139.9635,34.9436],[139.9636,34.9436]]],[[[139.9331,34.9141],[139.9332,34.9142],[139.9331,34.9142],[139.933,34.9142],[139.9331,34.9141]]],[[[139.8721,34.9027],[139.8722,34.9028],[139.8721,34.9028],[139.8721,34.9027]]],[[[139.9606,34.9369],[139.9607,34.937],[139.9606,34.937],[139.9606,34.9369]]],[[[139.9453,34.9231],[139.9453,34.9232],[139.9452,34.9231],[139.9453,34.9231]]],[[[139.9713,34.984],[139.9714,34.984],[139.9713,34.9841],[139.9712,34.9841],[139.9713,34.984]]],[[[139.9544,34.9329],[139.9544,34.933],[139.9543,34.9329],[139.9544,34.9329]]],[[[139.9647,34.9513],[139.9648,34.9513],[139.9647,34.9514],[139.9647,34.9513]]],[[[139.9428,34.9209],[139.9429,34.921],[139.9429,34.9211],[139.9428,34.9209]]],[[[139.8427,34.9021],[139.8426,34.9022],[139.8426,34.9021],[139.8427,34.9021]]],[[[139.8486,34.9021],[139.8486,34.9022],[139.8485,34.9022],[139.8485,34.9021],[139.8486,34.9021]]],[[[139.875,34.903],[139.875,34.9031],[139.8749,34.9031],[139.8748,34.903],[139.875,34.903]]],[[[140.0189,35.0359],[140.0188,35.036],[140.0188,35.0359],[140.0189,35.0359]]],[[[139.8506,34.904],[139.8505,34.9041],[139.8505,34.904],[139.8506,34.904]]],[[[139.965,34.945],[139.9651,34.945],[139.965,34.9451],[139.965,34.945]]],[[[139.8717,34.9032],[139.8716,34.9031],[139.8717,34.9031],[139.8717,34.9032]]],[[[139.9205,34.9077],[139.9204,34.9077],[139.9204,34.9076],[139.9205,34.9077]]],[[[139.9197,34.9085],[139.9196,34.9085],[139.9197,34.9084],[139.9197,34.9085]]],[[[139.9213,34.9076],[139.9212,34.9076],[139.9213,34.9075],[139.9213,34.9076]]],[[[139.8896,34.9002],[139.8896,34.9003],[139.8895,34.9002],[139.8896,34.9002]]],[[[139.9646,34.946],[139.9646,34.9461],[139.9645,34.946],[139.9646,34.946]]],[[[140.0075,35.0332],[140.0075,35.0333],[140.0074,35.0333],[140.0073,35.0332],[140.0074,35.0332],[140.0075,35.0332]]],[[[139.8986,34.9037],[139.8986,34.9038],[139.8985,34.9038],[139.8986,34.9037]]],[[[139.9715,34.9841],[139.9714,34.9842],[139.9714,34.9841],[139.9715,34.9841]]],[[[139.8731,34.9034],[139.8731,34.9035],[139.873,34.9034],[139.8731,34.9034]]],[[[139.8878,34.8998],[139.8878,34.8999],[139.8877,34.8998],[139.8878,34.8998]]],[[[139.8335,34.907],[139.8334,34.907],[139.8334,34.9069],[139.8335,34.907]]],[[[139.9629,34.9381],[139.963,34.9381],[139.9629,34.9382],[139.9629,34.9381]]],[[[139.8251,34.9105],[139.8252,34.9106],[139.8251,34.9106],[139.8251,34.9105]]],[[[139.8942,34.9019],[139.8942,34.902],[139.8941,34.902],[139.8942,34.9019]]],[[[139.9666,34.9532],[139.9665,34.9533],[139.9665,34.9532],[139.9666,34.9532]]],[[[139.8982,34.9046],[139.8983,34.9047],[139.8982,34.9047],[139.8982,34.9046]]],[[[139.9555,34.9339],[139.9555,34.934],[139.9554,34.9339],[139.9555,34.9339]]],[[[139.9686,34.9771],[139.9685,34.9771],[139.9685,34.977],[139.9686,34.9771]]],[[[139.969,34.9775],[139.9691,34.9776],[139.969,34.9776],[139.969,34.9775]]],[[[139.9589,34.936],[139.9588,34.9361],[139.9588,34.936],[139.9589,34.936]]],[[[139.8507,34.904],[139.8506,34.904],[139.8506,34.9039],[139.8507,34.904]]],[[[139.8935,34.9057],[139.8934,34.9056],[139.8935,34.9055],[139.8935,34.9057]]],[[[139.9204,34.9076],[139.9204,34.9077],[139.9203,34.9077],[139.9203,34.9076],[139.9204,34.9076]]],[[[139.9011,34.9042],[139.901,34.9043],[139.901,34.9042],[139.9011,34.9042]]],[[[139.9182,34.907],[139.9182,34.9071],[139.9181,34.9071],[139.9181,34.907],[139.9182,34.907]]],[[[139.9142,34.9065],[139.9143,34.9066],[139.9142,34.9066],[139.9142,34.9065]]],[[[139.902,34.9039],[139.902,34.904],[139.9019,34.904],[139.9019,34.9039],[139.902,34.9039]]],[[[139.9295,34.9114],[139.9295,34.9113],[139.9294,34.9113],[139.9294,34.9112],[139.9295,34.9112],[139.9295,34.9113],[139.9296,34.9113],[139.9295,34.9114]]],[[[139.8861,34.9028],[139.8861,34.9029],[139.886,34.9028],[139.8861,34.9028]]],[[[139.8111,35.0397],[139.8112,35.0398],[139.8111,35.0398],[139.8111,35.0397]]],[[[139.9541,34.9326],[139.954,34.9327],[139.954,34.9326],[139.9541,34.9326]]],[[[139.9549,34.9337],[139.9549,34.9338],[139.9548,34.9339],[139.9549,34.9337]]],[[[139.8881,34.8987],[139.8881,34.8988],[139.888,34.8988],[139.8881,34.8987]]],[[[139.9656,34.9481],[139.9656,34.9482],[139.9655,34.9482],[139.9656,34.9481]]],[[[139.9039,34.905],[139.9038,34.9051],[139.9038,34.905],[139.9039,34.905]]],[[[139.9019,34.904],[139.9019,34.9041],[139.9018,34.9041],[139.9018,34.904],[139.9019,34.904]]],[[[139.9012,34.9041],[139.9012,34.9042],[139.9011,34.9042],[139.9012,34.9041]]],[[[139.8987,34.9041],[139.8987,34.9042],[139.8986,34.9042],[139.8987,34.9041]]],[[[139.9594,34.9368],[139.9595,34.9369],[139.9594,34.9369],[139.9594,34.9368]]],[[[139.8366,34.9017],[139.8366,34.9018],[139.8365,34.9017],[139.8366,34.9017]]],[[[139.9647,34.9468],[139.9646,34.9467],[139.9647,34.9467],[139.9647,34.9468]]],[[[139.9666,34.9534],[139.9666,34.9535],[139.9665,34.9534],[139.9666,34.9534]]],[[[139.8916,34.9031],[139.8916,34.9032],[139.8915,34.9032],[139.8916,34.9031]]],[[[139.9332,34.9139],[139.9331,34.914],[139.9331,34.9139],[139.9332,34.9139]]],[[[139.9654,34.9481],[139.9654,34.9482],[139.9652,34.9481],[139.9654,34.9481]]],[[[139.8197,35.0651],[139.8196,35.0652],[139.8196,35.0651],[139.8197,35.0651]]],[[[139.9476,34.9258],[139.9477,34.9258],[139.9476,34.9259],[139.9475,34.9258],[139.9476,34.9258]]],[[[139.8313,34.9078],[139.8313,34.9079],[139.8312,34.9078],[139.8313,34.9078]]],[[[139.958,34.9339],[139.958,34.934],[139.9579,34.934],[139.958,34.9339]]],[[[139.9551,34.9314],[139.955,34.9315],[139.955,34.9314],[139.9551,34.9314]]],[[[139.8313,34.9075],[139.8314,34.9076],[139.8313,34.9077],[139.8313,34.9076],[139.8313,34.9075]]],[[[139.9172,34.9062],[139.9172,34.9063],[139.9171,34.9063],[139.9172,34.9062]]],[[[139.9457,34.9239],[139.9456,34.924],[139.9456,34.9239],[139.9457,34.9239]]],[[[139.965,34.9471],[139.965,34.9472],[139.9649,34.9471],[139.965,34.9471]]],[[[139.946,34.9238],[139.946,34.9237],[139.9461,34.9238],[139.946,34.9238]]],[[[139.9522,34.9289],[139.9522,34.929],[139.9521,34.9289],[139.9522,34.9289]]],[[[140.0096,35.0348],[140.0096,35.0349],[140.0095,35.0349],[140.0096,35.0348]]],[[[139.9651,34.9502],[139.965,34.9503],[139.965,34.9502],[139.9651,34.9502]]],[[[139.9189,34.9071],[139.9189,34.9072],[139.9188,34.9072],[139.9189,34.9071]]],[[[139.9147,34.9065],[139.9148,34.9065],[139.9148,34.9066],[139.9147,34.9065]]],[[[139.9592,34.9367],[139.9593,34.9367],[139.9592,34.9368],[139.9592,34.9367]]],[[[140.0166,35.0346],[140.0166,35.0347],[140.0165,35.0347],[140.0165,35.0346],[140.0166,35.0346]]],[[[139.9687,34.9771],[139.9687,34.9772],[139.9686,34.9772],[139.9687,34.9771]]],[[[139.8909,34.9031],[139.8909,34.9032],[139.8908,34.9032],[139.8908,34.9031],[139.8909,34.9031]]],[[[139.8379,34.9029],[139.8378,34.9029],[139.8378,34.9028],[139.8379,34.9028],[139.8379,34.9029]]],[[[139.8363,34.9018],[139.8363,34.9017],[139.8364,34.9017],[139.8363,34.9018]]],[[[139.9302,34.9112],[139.9303,34.9113],[139.9302,34.9113],[139.9302,34.9112]]],[[[139.8249,34.9106],[139.825,34.9107],[139.8249,34.9107],[139.8248,34.9107],[139.8249,34.9106]]],[[[139.8276,35.0764],[139.8277,35.0765],[139.8276,35.0765],[139.8276,35.0764]]],[[[140.0205,35.0384],[140.0204,35.0385],[140.0204,35.0384],[140.0205,35.0384]]],[[[139.9475,34.9254],[139.9475,34.9255],[139.9474,34.9255],[139.9475,34.9254]]],[[[139.8984,34.904],[139.8985,34.9041],[139.8984,34.9041],[139.8984,34.904]]],[[[139.8998,34.9001],[139.8999,34.9001],[139.8998,34.9002],[139.8998,34.9001]]],[[[139.8377,34.9031],[139.8378,34.9031],[139.8377,34.9032],[139.8377,34.9031]]],[[[139.9187,34.9072],[139.9187,34.9073],[139.9186,34.9072],[139.9187,34.9072]]],[[[139.9138,34.9067],[139.9138,34.9068],[139.9137,34.9067],[139.9138,34.9067]]],[[[139.9176,34.9063],[139.9175,34.9063],[139.9176,34.9062],[139.9176,34.9063]]],[[[139.9075,34.9044],[139.9074,34.9044],[139.9073,34.9043],[139.9074,34.9043],[139.9075,34.9044]]],[[[139.9201,34.9075],[139.92,34.9076],[139.9199,34.9075],[139.92,34.9075],[139.9201,34.9075]]],[[[139.901,34.9044],[139.901,34.9045],[139.9009,34.9045],[139.9009,34.9044],[139.901,34.9044]]],[[[140.0189,35.0359],[140.019,35.036],[140.0189,35.036],[140.0189,35.0359]]],[[[139.8267,35.0532],[139.8267,35.0533],[139.8266,35.0532],[139.8267,35.0532]]],[[[139.8429,34.9034],[139.8429,34.9035],[139.8428,34.9035],[139.8429,34.9034]]],[[[139.9657,34.9472],[139.9656,34.9473],[139.9656,34.9472],[139.9657,34.9472]]],[[[139.9017,34.9039],[139.9017,34.904],[139.9016,34.904],[139.9017,34.9039]]],[[[139.9179,34.9061],[139.918,34.9062],[139.9179,34.9062],[139.9179,34.9061]]],[[[139.9196,34.9067],[139.9196,34.9068],[139.9195,34.9068],[139.9196,34.9067]]],[[[139.9126,34.9069],[139.9126,34.907],[139.9125,34.9069],[139.9126,34.9069]]],[[[139.9031,34.9046],[139.903,34.9047],[139.903,34.9046],[139.9031,34.9046]]],[[[139.9187,34.9071],[139.9187,34.9072],[139.9186,34.9071],[139.9187,34.9071]]],[[[139.9424,34.9179],[139.9423,34.9179],[139.9423,34.9178],[139.9424,34.9179]]],[[[139.9302,34.9127],[139.9301,34.9127],[139.9301,34.9126],[139.9302,34.9127]]],[[[139.8246,34.9106],[139.8246,34.9105],[139.8247,34.9105],[139.8246,34.9106]]],[[[139.8311,34.9078],[139.8312,34.9079],[139.8311,34.9079],[139.8311,34.9078]]],[[[139.8378,34.9027],[139.8379,34.9027],[139.8379,34.9028],[139.8378,34.9027]]],[[[139.9672,34.9485],[139.9671,34.9485],[139.9671,34.9484],[139.9672,34.9485]]],[[[139.9553,34.9321],[139.9552,34.9321],[139.9552,34.932],[139.9553,34.9321]]],[[[139.8214,35.0644],[139.8214,35.0645],[139.8213,35.0645],[139.8214,35.0644]]],[[[139.9066,34.9042],[139.9065,34.9043],[139.9065,34.9042],[139.9066,34.9042]]],[[[139.9448,34.924],[139.9449,34.924],[139.9448,34.9241],[139.9448,34.924]]],[[[139.8432,34.9033],[139.8433,34.9034],[139.8432,34.9034],[139.8431,34.9033],[139.8432,34.9033]]],[[[139.9469,34.9242],[139.9469,34.9243],[139.9468,34.9243],[139.9469,34.9242]]],[[[139.8898,34.9007],[139.8898,34.9008],[139.8897,34.9007],[139.8898,34.9007]]],[[[139.8217,35.0645],[139.8217,35.0646],[139.8216,35.0645],[139.8217,35.0645]]],[[[139.8711,34.9021],[139.8711,34.9022],[139.871,34.9022],[139.871,34.9021],[139.8711,34.9021]]],[[[139.9647,34.9466],[139.9648,34.9467],[139.9647,34.9467],[139.9647,34.9466]]],[[[139.8367,34.9029],[139.8368,34.9029],[139.8368,34.903],[139.8367,34.903],[139.8367,34.9029]]],[[[139.9485,34.9261],[139.9486,34.9262],[139.9485,34.9262],[139.9485,34.9261]]],[[[139.9046,34.9047],[139.9046,34.9048],[139.9045,34.9048],[139.9046,34.9047]]],[[[139.9654,34.9472],[139.9654,34.9473],[139.9653,34.9473],[139.9654,34.9472]]],[[[139.9186,34.9071],[139.9186,34.9072],[139.9185,34.9072],[139.9186,34.9071]]],[[[139.8757,34.9035],[139.8758,34.9035],[139.8757,34.9036],[139.8757,34.9035]]],[[[140.017,35.0347],[140.017,35.0348],[140.0169,35.0347],[140.017,35.0347]]],[[[139.9653,34.9503],[139.9652,34.9503],[139.9651,34.9503],[139.9651,34.9502],[139.9653,34.9503]]],[[[139.8877,34.8986],[139.8878,34.8987],[139.8877,34.8987],[139.8877,34.8986]]],[[[139.9422,34.9184],[139.9422,34.9185],[139.9421,34.9184],[139.9422,34.9184]]],[[[139.9198,34.9082],[139.9198,34.9083],[139.9197,34.9083],[139.9197,34.9082],[139.9198,34.9082]]],[[[139.971,34.9839],[139.971,34.984],[139.9709,34.984],[139.971,34.9839]]],[[[139.9187,34.907],[139.9187,34.9071],[139.9186,34.9071],[139.9187,34.907]]],[[[139.9668,34.9537],[139.9668,34.9538],[139.9667,34.9538],[139.9667,34.9537],[139.9668,34.9537]]],[[[139.8257,35.077],[139.8257,35.0771],[139.8256,35.0771],[139.8257,35.077]]],[[[139.8755,34.9035],[139.8755,34.9036],[139.8754,34.9036],[139.8755,34.9035]]],[[[139.8372,34.9026],[139.8373,34.9026],[139.8372,34.9027],[139.8372,34.9026]]],[[[140.0105,35.0347],[140.0106,35.0347],[140.0105,35.0348],[140.0105,35.0347]]],[[[139.9513,34.9287],[139.9513,34.9288],[139.9512,34.9287],[139.9513,34.9287]]],[[[140.008,35.0329],[140.008,35.033],[140.0079,35.033],[140.0079,35.0329],[140.008,35.0329]]],[[[139.8186,35.0338],[139.8185,35.0338],[139.8185,35.0337],[139.8186,35.0338]]],[[[139.9695,34.9829],[139.9695,34.983],[139.9694,34.9829],[139.9695,34.9829]]],[[[139.8737,34.903],[139.8737,34.9031],[139.8736,34.903],[139.8737,34.903]]],[[[140.0192,35.0365],[140.0192,35.0366],[140.0191,35.0366],[140.0192,35.0365]]],[[[139.8258,35.0298],[139.8258,35.0299],[139.8257,35.0299],[139.8258,35.0298]]],[[[139.8855,34.9029],[139.8855,34.903],[139.8854,34.903],[139.8855,34.9029]]],[[[139.8188,35.0657],[139.8189,35.0657],[139.8189,35.0658],[139.8188,35.0657]]],[[[139.9675,34.9816],[139.9675,34.9817],[139.9674,34.9817],[139.9675,34.9816]]],[[[139.8958,34.9018],[139.8958,34.9019],[139.8957,34.9019],[139.8958,34.9018]]],[[[140.0167,35.0347],[140.0168,35.0347],[140.0168,35.0348],[140.0167,35.0348],[140.0167,35.0347]]],[[[139.819,35.0663],[139.819,35.0664],[139.8189,35.0663],[139.819,35.0663]]],[[[139.9546,34.9308],[139.9547,34.9308],[139.9546,34.9309],[139.9546,34.9308]]],[[[139.9534,34.9294],[139.9534,34.9295],[139.9533,34.9295],[139.9534,34.9294]]],[[[140.0162,35.0346],[140.0163,35.0347],[140.0162,35.0347],[140.0162,35.0346]]],[[[139.8407,34.9039],[139.8407,34.904],[139.8406,34.9039],[139.8407,34.9039]]],[[[139.8752,34.9036],[139.8751,34.9036],[139.8751,34.9035],[139.8752,34.9035],[139.8752,34.9036]]],[[[139.8708,34.9032],[139.8709,34.9032],[139.8709,34.9033],[139.8708,34.9032]]],[[[139.8276,35.0768],[139.8276,35.0767],[139.8277,35.0767],[139.8276,35.0768]]],[[[139.8733,34.9035],[139.8733,34.9034],[139.8734,34.9034],[139.8733,34.9035]]],[[[139.9187,34.9073],[139.9187,34.9074],[139.9186,34.9074],[139.9187,34.9073]]],[[[139.92,34.907],[139.92,34.9071],[139.9199,34.9071],[139.9199,34.907],[139.92,34.907]]],[[[139.9004,34.9047],[139.9005,34.9047],[139.9004,34.9048],[139.9004,34.9047]]],[[[139.8405,34.9036],[139.8406,34.9036],[139.8405,34.9037],[139.8405,34.9036]]],[[[139.8479,34.9039],[139.8479,34.904],[139.8477,34.9039],[139.8477,34.9038],[139.8479,34.9039]]],[[[139.8187,35.0662],[139.8188,35.0663],[139.8187,35.0663],[139.8187,35.0662]]],[[[139.8747,34.9034],[139.8747,34.9035],[139.8746,34.9034],[139.8747,34.9034]]],[[[140.0168,35.0347],[140.0167,35.0347],[140.0167,35.0346],[140.0168,35.0347]]],[[[139.9717,34.9873],[139.9718,34.9874],[139.9717,34.9874],[139.9717,34.9873]]],[[[139.8441,34.9024],[139.8441,34.9025],[139.844,34.9024],[139.8441,34.9024]]],[[[140.0176,35.035],[140.0175,35.0351],[140.0175,35.035],[140.0176,35.035]]],[[[139.9551,34.9317],[139.9551,34.9318],[139.955,34.9317],[139.9551,34.9317]]],[[[139.8109,35.0395],[139.8108,35.0396],[139.8108,35.0395],[139.8109,35.0395]]],[[[139.8271,35.0523],[139.8271,35.0524],[139.827,35.0523],[139.8271,35.0523]]],[[[139.8406,34.9034],[139.8406,34.9035],[139.8405,34.9034],[139.8406,34.9034]]],[[[139.9693,34.9828],[139.9693,34.9829],[139.9692,34.9828],[139.9693,34.9828]]],[[[139.8716,34.9032],[139.8715,34.9032],[139.8716,34.9031],[139.8716,34.9032]]],[[[139.9665,34.9526],[139.9665,34.9527],[139.9664,34.9526],[139.9665,34.9526]]],[[[140.0195,35.0367],[140.0196,35.0368],[140.0195,35.0368],[140.0195,35.0367]]],[[[140.0301,35.0472],[140.0301,35.0473],[140.03,35.0473],[140.03,35.0472],[140.0301,35.0472]]],[[[139.9605,34.9367],[139.9605,34.9368],[139.9604,34.9367],[139.9605,34.9367]]],[[[139.9653,34.9467],[139.9652,34.9468],[139.9652,34.9467],[139.9653,34.9467]]],[[[139.9665,34.9537],[139.9664,34.9537],[139.9665,34.9536],[139.9665,34.9537]]],[[[139.8263,35.0772],[139.8264,35.0772],[139.8263,35.0773],[139.8263,35.0772]]],[[[139.8701,34.9031],[139.8702,34.9032],[139.8701,34.9032],[139.8701,34.9031]]],[[[140.0218,35.0394],[140.0218,35.0395],[140.0217,35.0395],[140.0218,35.0394]]],[[[139.9658,34.9513],[139.9657,34.9514],[139.9657,34.9513],[139.9658,34.9513]]],[[[139.9661,34.9521],[139.9661,34.9522],[139.966,34.9522],[139.9661,34.9521]]],[[[140.0174,35.0348],[140.0174,35.0349],[140.0173,35.0349],[140.0173,35.0348],[140.0174,35.0348]]],[[[139.8187,35.0662],[139.8186,35.0663],[139.8186,35.0662],[139.8187,35.0662]]],[[[139.8105,35.0385],[139.8104,35.0386],[139.8104,35.0385],[139.8105,35.0385]]],[[[140.0158,35.0344],[140.0159,35.0344],[140.0159,35.0345],[140.0158,35.0344]]],[[[139.8133,35.0424],[139.8133,35.0425],[139.8132,35.0425],[139.8132,35.0424],[139.8133,35.0424]]],[[[139.8118,35.0369],[139.8118,35.037],[139.8117,35.037],[139.8118,35.0369]]],[[[139.8284,35.0521],[139.8283,35.0522],[139.8283,35.0521],[139.8284,35.0521]]],[[[139.8141,35.0364],[139.8141,35.0365],[139.814,35.0365],[139.8141,35.0364]]],[[[139.8227,35.0322],[139.8227,35.0323],[139.8226,35.0322],[139.8227,35.0322]]],[[[139.8186,35.0337],[139.8185,35.0337],[139.8185,35.0336],[139.8186,35.0337]]],[[[139.8304,35.0327],[139.8304,35.0328],[139.8303,35.0328],[139.8304,35.0327]]],[[[139.8236,35.0318],[139.8236,35.0319],[139.8235,35.0318],[139.8236,35.0318]]]]}},{"type":"Feature","properties":{"name":"匝瑳市","自治体":"匝瑳市","区分":"市管理公園等で原則禁止(公式確認済)","規制概要":"都市公園条例第7条第9号等に基づき、市の公園でのドローン等飛行を禁止。イベント時は市の許可が必要。","公式HP":"https://www.city.sosa.lg.jp/","確認日":"2026-08-17","_pref":"千葉県","_cat":"prohibited","_color":"#4a148c","_opacity":0.9,"_weight":1.5,"_fillColor":"#6a1b9a","_fillOpacity":0.55,"出典1":"匝瑳市 公園内におけるドローンなどの使用規制","出典1_URL":"https://www.city.sosa.lg.jp/page/page002485.html","出典1_引用":"ドローンやラジコンヘリなどを公園内で飛ばさないでください。"},"geometry":{"type":"MultiPolygon","coordinates":[[[[140.5656,35.7552],[140.5646,35.7557],[140.56,35.7543],[140.5597,35.7545],[140.5581,35.754],[140.5581,35.7535],[140.5562,35.7543],[140.5542,35.7567],[140.5526,35.7573],[140.5515,35.7584],[140.5505,35.761],[140.5497,35.7609],[140.5489,35.7602],[140.5488,35.7595],[140.5475,35.7579],[140.5459,35.7579],[140.545,35.7573],[140.544,35.7576],[140.5422,35.7572],[140.5404,35.7572],[140.5398,35.7567],[140.5391,35.7568],[140.5375,35.7566],[140.5362,35.7571],[140.5352,35.7581],[140.5353,35.7585],[140.5332,35.759],[140.5318,35.7611],[140.5303,35.7606],[140.53,35.7591],[140.5294,35.7582],[140.5294,35.7555],[140.5286,35.7544],[140.5274,35.7544],[140.5268,35.754],[140.5245,35.7545],[140.5227,35.7544],[140.5222,35.7535],[140.5193,35.7552],[140.5186,35.7563],[140.5165,35.7602],[140.5159,35.7608],[140.5097,35.7608],[140.5045,35.7595],[140.5055,35.7575],[140.5054,35.7548],[140.5071,35.754],[140.5074,35.7532],[140.5067,35.7511],[140.5071,35.751],[140.5045,35.7448],[140.5032,35.7427],[140.5024,35.7394],[140.5025,35.7359],[140.5032,35.7353],[140.5004,35.7331],[140.4997,35.7331],[140.4988,35.7339],[140.4955,35.7318],[140.4946,35.7311],[140.4925,35.7287],[140.4909,35.7273],[140.4901,35.7268],[140.4883,35.7263],[140.4874,35.7255],[140.4875,35.725],[140.4863,35.7246],[140.4862,35.7231],[140.4865,35.7213],[140.487,35.7188],[140.4924,35.7138],[140.4928,35.7132],[140.4951,35.7129],[140.4949,35.7118],[140.4959,35.7111],[140.4973,35.711],[140.4996,35.7101],[140.5002,35.71],[140.5003,35.7092],[140.5015,35.708],[140.5027,35.706],[140.5021,35.7056],[140.5024,35.705],[140.502,35.7043],[140.5009,35.7039],[140.5005,35.7033],[140.5006,35.7024],[140.5002,35.7015],[140.5,35.6996],[140.5006,35.6989],[140.4991,35.6982],[140.4993,35.6976],[140.5012,35.6945],[140.5015,35.6929],[140.5007,35.6921],[140.5018,35.6908],[140.5032,35.6906],[140.503,35.6893],[140.5037,35.689],[140.5034,35.6884],[140.5042,35.6879],[140.5039,35.6874],[140.5049,35.6869],[140.5043,35.6859],[140.507,35.6848],[140.5091,35.684],[140.5111,35.6848],[140.5124,35.6849],[140.5128,35.6837],[140.5144,35.6838],[140.5146,35.6829],[140.5154,35.6814],[140.514,35.681],[140.516,35.6786],[140.5158,35.6784],[140.5138,35.6779],[140.5122,35.6772],[140.5148,35.6747],[140.5162,35.6737],[140.5184,35.6737],[140.5196,35.6747],[140.5197,35.6758],[140.524,35.6789],[140.5239,35.6799],[140.5253,35.6804],[140.5263,35.6781],[140.5274,35.6775],[140.5285,35.676],[140.5324,35.6735],[140.5309,35.6727],[140.532,35.6707],[140.5329,35.671],[140.5336,35.6698],[140.5354,35.6696],[140.5363,35.6698],[140.5377,35.6693],[140.5383,35.6697],[140.5396,35.6678],[140.5384,35.6672],[140.5389,35.6662],[140.5408,35.6668],[140.5417,35.6652],[140.5389,35.6629],[140.5371,35.6622],[140.5373,35.6618],[140.5348,35.6608],[140.5351,35.6603],[140.5332,35.6596],[140.5332,35.6594],[140.5299,35.6572],[140.5311,35.656],[140.5319,35.6566],[140.5325,35.656],[140.5317,35.6554],[140.5333,35.6538],[140.5336,35.6512],[140.5338,35.6509],[140.5369,35.6482],[140.5383,35.6466],[140.5388,35.6467],[140.5422,35.6423],[140.5446,35.6395],[140.546,35.6386],[140.5469,35.6385],[140.5478,35.6391],[140.5501,35.6367],[140.5523,35.6352],[140.5523,35.6348],[140.5536,35.6334],[140.5585,35.6289],[140.5594,35.6279],[140.5621,35.63],[140.5652,35.6322],[140.5663,35.6326],[140.5683,35.6343],[140.571,35.6362],[140.5737,35.6383],[140.5749,35.639],[140.5759,35.6392],[140.5796,35.6422],[140.5816,35.6437],[140.5822,35.6437],[140.5832,35.6444],[140.5842,35.6442],[140.5846,35.6447],[140.5874,35.6468],[140.5879,35.6478],[140.5892,35.6487],[140.5908,35.6501],[140.5935,35.6518],[140.5956,35.6531],[140.6035,35.6588],[140.6065,35.661],[140.6116,35.6645],[140.618,35.6687],[140.6182,35.6689],[140.6224,35.6713],[140.625,35.6727],[140.6235,35.675],[140.6216,35.6783],[140.6208,35.6774],[140.6185,35.6766],[140.6173,35.6759],[140.6167,35.6767],[140.616,35.6768],[140.6121,35.6754],[140.6103,35.6804],[140.6097,35.6804],[140.6093,35.6824],[140.6097,35.6841],[140.6107,35.6871],[140.6099,35.6898],[140.6086,35.6899],[140.6045,35.6913],[140.6031,35.692],[140.6026,35.6939],[140.6031,35.6943],[140.6023,35.6977],[140.6031,35.6987],[140.6041,35.6991],[140.6044,35.6997],[140.6055,35.6997],[140.6058,35.7004],[140.6066,35.7011],[140.6067,35.7026],[140.6044,35.7087],[140.6008,35.7078],[140.5995,35.7114],[140.5977,35.711],[140.5981,35.7098],[140.5962,35.7095],[140.5969,35.7079],[140.595,35.7075],[140.5941,35.7086],[140.5927,35.7082],[140.5915,35.7113],[140.5891,35.7106],[140.5835,35.7092],[140.5818,35.7086],[140.5807,35.7106],[140.58,35.7104],[140.5786,35.7128],[140.5827,35.7144],[140.5824,35.715],[140.585,35.7166],[140.5858,35.7166],[140.5897,35.7179],[140.5914,35.7181],[140.5941,35.7175],[140.5991,35.7168],[140.5994,35.7186],[140.5983,35.7219],[140.5989,35.7222],[140.5984,35.7238],[140.5985,35.7275],[140.5988,35.7308],[140.5995,35.7337],[140.6047,35.7342],[140.6043,35.7375],[140.6036,35.7375],[140.5994,35.7389],[140.5934,35.7414],[140.5927,35.7409],[140.5926,35.7376],[140.591,35.7366],[140.5903,35.7368],[140.5904,35.7383],[140.5877,35.7396],[140.5866,35.7378],[140.5856,35.7381],[140.5843,35.7396],[140.5835,35.7388],[140.5841,35.7385],[140.5835,35.7363],[140.5827,35.7362],[140.5801,35.7366],[140.5779,35.7352],[140.5752,35.7338],[140.5739,35.7336],[140.5719,35.7355],[140.5718,35.7364],[140.5711,35.7363],[140.5663,35.7409],[140.5708,35.7441],[140.5693,35.7456],[140.5707,35.7465],[140.5719,35.747],[140.5702,35.7492],[140.5693,35.749],[140.5689,35.7498],[140.5692,35.7504],[140.5689,35.7513],[140.5694,35.7518],[140.5682,35.7524],[140.5689,35.7531],[140.5679,35.754],[140.5656,35.7552]]],[[[140.519,35.673],[140.5184,35.6734],[140.5169,35.6725],[140.5174,35.6721],[140.519,35.673]]]]}},{"type":"Feature","properties":{"name":"香取市","自治体":"香取市","区分":"許可・届出制/施設ごとに要相談","規制概要":"公園利用のマナーとして、ドローンの操縦など他の利用者に迷惑・危険を及ぼす行為はやめるよう呼びかけ(自粛)。","公式HP":"https://www.city.katori.lg.jp/","確認日":"2026-08-17","_pref":"千葉県","_cat":"restricted","_color":"#006064","_opacity":0.9,"_weight":1.5,"_fillColor":"#00838f","_fillOpacity":0.4,"出典1":"香取市 公園を利用される皆様へ(マナーの呼びかけ)","出典1_URL":"https://www.city.katori.lg.jp/shisetsu/sport_koen/koenjoho/kouenriyou.html","出典1_引用":"ドローンやラジコンの操縦やゴルフの練習のような、他の公園利用者や近隣にお住まいの方々を危険にさらしたり迷惑をかける行為はやめましょう。"},"geometry":{"type":"Polygon","coordinates":[[[140.4519,35.8071],[140.4538,35.8055],[140.4592,35.8018],[140.4605,35.8026],[140.4624,35.8009],[140.4643,35.8007],[140.4666,35.7989],[140.4668,35.7986],[140.4683,35.798],[140.4678,35.7967],[140.468,35.7958],[140.4674,35.7942],[140.4678,35.7935],[140.4659,35.7918],[140.4678,35.7923],[140.4692,35.7923],[140.4706,35.7916],[140.473,35.7909],[140.4757,35.7903],[140.4792,35.7903],[140.4807,35.7904],[140.484,35.7939],[140.4842,35.7949],[140.485,35.7964],[140.485,35.7975],[140.4875,35.7977],[140.4951,35.802],[140.4961,35.8022],[140.4967,35.8018],[140.4977,35.7995],[140.4983,35.7988],[140.5005,35.7971],[140.5026,35.7961],[140.5025,35.7947],[140.5032,35.7922],[140.503,35.7903],[140.5021,35.7905],[140.5016,35.7896],[140.501,35.7898],[140.5005,35.789],[140.501,35.7884],[140.5024,35.7881],[140.5027,35.789],[140.5035,35.7895],[140.5052,35.7891],[140.5053,35.7883],[140.5045,35.7873],[140.5042,35.7861],[140.5057,35.7857],[140.5058,35.7851],[140.5047,35.7847],[140.505,35.7837],[140.507,35.7834],[140.5085,35.7843],[140.5109,35.7848],[140.5118,35.7832],[140.5116,35.7811],[140.5124,35.7806],[140.5132,35.7813],[140.5165,35.7826],[140.5193,35.7825],[140.5207,35.7811],[140.5219,35.7793],[140.5232,35.7792],[140.5241,35.7796],[140.5257,35.7793],[140.5259,35.7788],[140.5271,35.7785],[140.5279,35.7791],[140.5286,35.779],[140.5282,35.7779],[140.5285,35.7769],[140.5309,35.7771],[140.5319,35.7763],[140.533,35.7757],[140.5333,35.7752],[140.5342,35.7749],[140.5351,35.7749],[140.5357,35.7745],[140.5371,35.7746],[140.5377,35.7741],[140.5388,35.7739],[140.5417,35.7747],[140.5429,35.7754],[140.5433,35.7746],[140.5426,35.774],[140.5432,35.7723],[140.5434,35.7701],[140.5454,35.7702],[140.5462,35.7704],[140.5478,35.7703],[140.5478,35.7699],[140.5464,35.7692],[140.546,35.7679],[140.5464,35.7654],[140.5475,35.764],[140.5477,35.7631],[140.55,35.7615],[140.5505,35.761],[140.5515,35.7584],[140.5526,35.7573],[140.5542,35.7567],[140.5562,35.7543],[140.5581,35.7535],[140.5581,35.754],[140.5597,35.7545],[140.56,35.7543],[140.5646,35.7557],[140.5656,35.7552],[140.5669,35.7566],[140.567,35.7581],[140.5683,35.7597],[140.5685,35.7604],[140.5697,35.7617],[140.5703,35.7619],[140.5717,35.763],[140.5717,35.7641],[140.5711,35.765],[140.572,35.7662],[140.5738,35.7668],[140.5744,35.7675],[140.5749,35.7664],[140.5762,35.7654],[140.5764,35.7668],[140.5774,35.767],[140.5781,35.7681],[140.5791,35.7686],[140.5809,35.7691],[140.5823,35.7698],[140.5845,35.7716],[140.5856,35.7722],[140.5873,35.7724],[140.5899,35.7734],[140.5903,35.774],[140.5899,35.7751],[140.5907,35.7758],[140.5924,35.7779],[140.5937,35.7789],[140.5934,35.7793],[140.5955,35.7799],[140.5955,35.7807],[140.5965,35.7817],[140.5975,35.7801],[140.5986,35.7774],[140.599,35.7753],[140.5997,35.7742],[140.6018,35.7742],[140.6034,35.7757],[140.6047,35.7773],[140.6067,35.7783],[140.6075,35.7782],[140.6079,35.7797],[140.6089,35.7807],[140.6097,35.7809],[140.6093,35.7817],[140.611,35.7821],[140.6112,35.7817],[140.6126,35.7819],[140.6138,35.7818],[140.6141,35.7814],[140.6153,35.7815],[140.6168,35.7811],[140.6179,35.7813],[140.6179,35.7824],[140.6189,35.7835],[140.6217,35.7848],[140.6228,35.7857],[140.6239,35.7857],[140.6259,35.7873],[140.6266,35.7883],[140.627,35.7896],[140.6267,35.7912],[140.6258,35.7926],[140.6246,35.7937],[140.6238,35.796],[140.6228,35.7971],[140.6231,35.7978],[140.624,35.7982],[140.6246,35.7993],[140.6241,35.8004],[140.6339,35.8028],[140.6343,35.8082],[140.635,35.8082],[140.6376,35.8096],[140.6391,35.8107],[140.6402,35.811],[140.6407,35.8102],[140.6419,35.8098],[140.6426,35.81],[140.6431,35.8108],[140.6442,35.8132],[140.6445,35.8142],[140.6435,35.8157],[140.6437,35.8177],[140.6433,35.8183],[140.6434,35.8195],[140.6425,35.821],[140.6424,35.8221],[140.6418,35.825],[140.6423,35.8268],[140.6434,35.8275],[140.6449,35.8269],[140.6454,35.8261],[140.6475,35.8262],[140.6482,35.8259],[140.6491,35.8266],[140.65,35.8267],[140.6506,35.8274],[140.6498,35.8281],[140.6503,35.8289],[140.6502,35.83],[140.6504,35.8313],[140.6515,35.8342],[140.6511,35.8349],[140.6488,35.8351],[140.6481,35.8361],[140.6485,35.8369],[140.648,35.8372],[140.6485,35.8386],[140.6486,35.8398],[140.6481,35.8421],[140.6468,35.8443],[140.6446,35.8461],[140.6447,35.8466],[140.6478,35.8557],[140.6433,35.8561],[140.6411,35.8564],[140.6381,35.8571],[140.6307,35.8591],[140.6288,35.8647],[140.6283,35.8656],[140.6267,35.8674],[140.624,35.8706],[140.6214,35.8743],[140.6208,35.8753],[140.6194,35.8764],[140.6177,35.8799],[140.6165,35.8814],[140.6153,35.8846],[140.6133,35.8889],[140.6116,35.8918],[140.608,35.8958],[140.607,35.8965],[140.6027,35.8992],[140.6022,35.9],[140.6014,35.9007],[140.5989,35.9032],[140.596,35.9042],[140.5885,35.906],[140.5875,35.9073],[140.5895,35.9082],[140.5879,35.9105],[140.5852,35.9092],[140.5841,35.9107],[140.5847,35.9112],[140.5828,35.9138],[140.5812,35.9165],[140.5797,35.918],[140.5779,35.9189],[140.5764,35.9199],[140.5726,35.9212],[140.5737,35.9219],[140.5706,35.9241],[140.5684,35.9252],[140.5632,35.9281],[140.5591,35.9301],[140.5573,35.9308],[140.5507,35.9329],[140.5476,35.934],[140.5444,35.9354],[140.5374,35.9387],[140.534,35.9406],[140.5324,35.9418],[140.5306,35.9435],[140.5291,35.9452],[140.5281,35.9466],[140.5269,35.9479],[140.5234,35.9506],[140.5183,35.9537],[140.516,35.9552],[140.5134,35.9574],[140.5112,35.9587],[140.5091,35.957],[140.5056,35.9532],[140.5039,35.951],[140.5026,35.9488],[140.4997,35.9444],[140.4993,35.9435],[140.4992,35.9425],[140.4979,35.9379],[140.4976,35.9351],[140.4973,35.9339],[140.4955,35.9312],[140.495,35.9306],[140.4938,35.9303],[140.4922,35.931],[140.4906,35.9319],[140.4895,35.9319],[140.4887,35.9314],[140.4877,35.9299],[140.4872,35.9286],[140.487,35.926],[140.4873,35.9246],[140.4883,35.9224],[140.4889,35.9216],[140.4901,35.9186],[140.4905,35.917],[140.4906,35.9154],[140.491,35.9147],[140.4921,35.9139],[140.4949,35.9127],[140.4963,35.9108],[140.4981,35.9092],[140.5027,35.9059],[140.5017,35.9055],[140.4976,35.9063],[140.4919,35.9078],[140.4845,35.9097],[140.4827,35.9105],[140.4742,35.9161],[140.4729,35.9175],[140.4711,35.9197],[140.4674,35.922],[140.4666,35.9226],[140.4584,35.9265],[140.4575,35.9262],[140.4564,35.925],[140.4524,35.9199],[140.4519,35.9191],[140.4485,35.915],[140.4459,35.9143],[140.442,35.9134],[140.4376,35.9126],[140.4348,35.9118],[140.4367,35.9085],[140.4374,35.9079],[140.4359,35.9064],[140.4339,35.9052],[140.4341,35.9049],[140.4315,35.9037],[140.4306,35.9037],[140.4301,35.9022],[140.4294,35.902],[140.4279,35.8978],[140.4265,35.8936],[140.426,35.8897],[140.4251,35.888],[140.4254,35.8872],[140.427,35.8859],[140.4283,35.8836],[140.4274,35.8835],[140.4269,35.8824],[140.4272,35.8804],[140.4279,35.8789],[140.4275,35.8772],[140.4258,35.8754],[140.425,35.8754],[140.4252,35.8744],[140.4249,35.873],[140.4268,35.8724],[140.429,35.8723],[140.4296,35.8725],[140.4309,35.8737],[140.432,35.8732],[140.4334,35.8729],[140.435,35.8723],[140.4348,35.8712],[140.439,35.8706],[140.4392,35.8713],[140.44,35.8712],[140.4397,35.8679],[140.4405,35.8679],[140.4417,35.8678],[140.4422,35.8682],[140.4433,35.8674],[140.4445,35.8662],[140.4448,35.865],[140.4454,35.8645],[140.4467,35.8643],[140.4466,35.8651],[140.4473,35.8663],[140.4473,35.8669],[140.4485,35.8684],[140.45,35.8695],[140.4524,35.8704],[140.4533,35.8681],[140.455,35.8667],[140.456,35.8652],[140.4566,35.8655],[140.4575,35.8646],[140.4589,35.8643],[140.4604,35.8628],[140.4606,35.8621],[140.4604,35.8605],[140.4609,35.8591],[140.4625,35.8578],[140.463,35.8563],[140.4631,35.855],[140.4645,35.853],[140.4659,35.8522],[140.4653,35.8513],[140.4652,35.8506],[140.4708,35.8502],[140.472,35.851],[140.4725,35.8509],[140.4722,35.8442],[140.4721,35.8436],[140.4712,35.8436],[140.4709,35.8442],[140.47,35.8442],[140.4678,35.8453],[140.4669,35.8451],[140.4654,35.8456],[140.4639,35.8453],[140.463,35.8416],[140.4639,35.8402],[140.4642,35.838],[140.4688,35.8377],[140.4695,35.8347],[140.4685,35.8339],[140.4622,35.8301],[140.4615,35.8299],[140.4604,35.829],[140.456,35.8262],[140.4555,35.8214],[140.455,35.8181],[140.4558,35.8183],[140.4654,35.8223],[140.466,35.8224],[140.468,35.8206],[140.4665,35.8194],[140.4652,35.8177],[140.4624,35.8162],[140.4609,35.8148],[140.4577,35.8136],[140.4523,35.8113],[140.4505,35.8094],[140.4519,35.8071]]]}},{"type":"Feature","properties":{"name":"山武市","自治体":"山武市","区分":"自治体独自の規制は確認されず(国の規制のみ)","規制概要":"公式ページでドローンに関する記載は確認されず(2026-08-17時点)。自治体独自の規制は確認されていないため、国の規制(航空法・小型無人機等飛行禁止法・空域)が適用される。公園条例の一般規定(危険・迷惑・管理支障行為の禁止)により管理者判断で個別に制限される場合はある。","公式HP":"https://www.city.sammu.lg.jp/","確認日":"2026-08-17","_pref":"千葉県","_cat":"unknown","_color":"#455a64","_opacity":0.9,"_weight":1.5,"_fillColor":"#78909c","_fillOpacity":0.18,"出典1":"千葉県警察 小型無人機(ドローン)等の飛行に関するルール(航空法・小型無人機等飛行禁止法)","出典1_URL":"https://www.police.pref.chiba.jp/keibika/safeLife_drone_rules.html","出典2":"千葉県 県管理海岸(港湾・漁港区域を除く)・河川におけるドローンの利用や撮影について","出典2_URL":"https://www.pref.chiba.lg.jp/kakan/kaigan/drone.html"},"geometry":{"type":"MultiPolygon","coordinates":[[[[140.435,35.5677],[140.4366,35.57],[140.4373,35.5691],[140.4393,35.5685],[140.4418,35.5666],[140.4426,35.5673],[140.4473,35.5639],[140.4485,35.5647],[140.4494,35.5641],[140.4492,35.5634],[140.4505,35.5622],[140.4513,35.5628],[140.4526,35.5614],[140.4517,35.5606],[140.4535,35.5591],[140.4544,35.5602],[140.4561,35.5588],[140.4571,35.5583],[140.4561,35.5575],[140.4582,35.5558],[140.4591,35.5565],[140.461,35.5548],[140.4601,35.5541],[140.4629,35.5519],[140.4634,35.5511],[140.4654,35.55],[140.4701,35.5472],[140.4708,35.5484],[140.4725,35.5507],[140.4747,35.5533],[140.4785,35.5581],[140.4799,35.5597],[140.4808,35.5604],[140.4844,35.5644],[140.4875,35.5676],[140.4895,35.5699],[140.4917,35.572],[140.4955,35.5762],[140.4979,35.5781],[140.4991,35.5795],[140.5,35.5802],[140.5023,35.5823],[140.5038,35.584],[140.5045,35.5845],[140.5076,35.5872],[140.5129,35.5915],[140.5136,35.592],[140.5177,35.5955],[140.5186,35.5965],[140.5236,35.6007],[140.5256,35.6021],[140.5241,35.6038],[140.5227,35.6051],[140.519,35.6085],[140.5178,35.6099],[140.5187,35.6109],[140.5178,35.6113],[140.5155,35.6112],[140.5126,35.6127],[140.5128,35.6129],[140.5113,35.6141],[140.5107,35.614],[140.5095,35.6165],[140.5068,35.6171],[140.4966,35.6103],[140.4936,35.6128],[140.493,35.6137],[140.4935,35.6144],[140.4914,35.6159],[140.4902,35.617],[140.491,35.6175],[140.4906,35.6181],[140.4922,35.619],[140.4912,35.6202],[140.4921,35.6207],[140.4917,35.6218],[140.4962,35.6253],[140.4981,35.6249],[140.4994,35.6238],[140.5014,35.6241],[140.5019,35.6247],[140.5013,35.6251],[140.5001,35.6267],[140.5008,35.6276],[140.5002,35.6283],[140.5009,35.6287],[140.4987,35.6314],[140.5001,35.6328],[140.4975,35.6356],[140.4954,35.6368],[140.4923,35.6344],[140.4907,35.633],[140.4878,35.6308],[140.4867,35.6311],[140.4841,35.6324],[140.4827,35.6336],[140.4818,35.6334],[140.4819,35.6343],[140.4805,35.6355],[140.4769,35.6372],[140.4756,35.6371],[140.4721,35.6394],[140.4724,35.6397],[140.4661,35.6438],[140.4673,35.645],[140.4701,35.647],[140.4747,35.6512],[140.4785,35.6533],[140.479,35.6542],[140.4777,35.6559],[140.476,35.6573],[140.4751,35.6576],[140.4729,35.6576],[140.4709,35.6564],[140.4666,35.6598],[140.4662,35.66],[140.46,35.6626],[140.4581,35.6641],[140.4568,35.6645],[140.4555,35.6643],[140.4545,35.6646],[140.4536,35.6651],[140.4534,35.6657],[140.4525,35.6659],[140.4521,35.6651],[140.4507,35.666],[140.45,35.6651],[140.4489,35.6641],[140.4494,35.663],[140.4477,35.6627],[140.4462,35.6618],[140.4455,35.6622],[140.4439,35.6615],[140.4432,35.6604],[140.4415,35.659],[140.4395,35.662],[140.439,35.6646],[140.4385,35.6647],[140.4377,35.6659],[140.4355,35.6671],[140.4361,35.6699],[140.4357,35.6722],[140.4363,35.6725],[140.4347,35.6737],[140.433,35.6756],[140.4326,35.6768],[140.4319,35.6775],[140.4304,35.6775],[140.4291,35.6784],[140.4284,35.68],[140.4275,35.6793],[140.4247,35.68],[140.4237,35.6801],[140.4233,35.6793],[140.4218,35.6783],[140.4194,35.6778],[140.4177,35.6791],[140.4165,35.6795],[140.4154,35.6787],[140.4154,35.6782],[140.4142,35.6765],[140.4126,35.675],[140.4099,35.6747],[140.4088,35.6748],[140.4079,35.6756],[140.4076,35.6772],[140.4073,35.6775],[140.4052,35.6784],[140.4024,35.679],[140.4008,35.6798],[140.3998,35.6804],[140.3986,35.6788],[140.397,35.6784],[140.3923,35.6773],[140.3921,35.6765],[140.3906,35.6761],[140.3877,35.678],[140.3865,35.6785],[140.3833,35.681],[140.3824,35.6795],[140.3818,35.6794],[140.3804,35.6807],[140.3802,35.6816],[140.3789,35.6823],[140.3774,35.6828],[140.3713,35.6786],[140.371,35.6791],[140.3733,35.6808],[140.3717,35.6829],[140.3698,35.6845],[140.3687,35.6852],[140.3687,35.6861],[140.3669,35.6851],[140.3658,35.6836],[140.3616,35.686],[140.3603,35.6866],[140.3601,35.6861],[140.3576,35.6853],[140.3544,35.6836],[140.3539,35.6842],[140.3515,35.6826],[140.352,35.6823],[140.3482,35.6786],[140.3469,35.6767],[140.3472,35.6757],[140.3485,35.6744],[140.3493,35.6729],[140.3483,35.6727],[140.3476,35.672],[140.3465,35.6714],[140.3431,35.6694],[140.3403,35.6682],[140.3404,35.6669],[140.3398,35.6666],[140.3405,35.6659],[140.3405,35.665],[140.339,35.6644],[140.3406,35.6639],[140.3416,35.664],[140.3446,35.6652],[140.3461,35.6653],[140.3488,35.6649],[140.3491,35.6639],[140.3521,35.6634],[140.3538,35.6628],[140.354,35.6603],[140.3544,35.6567],[140.3533,35.6563],[140.3524,35.6572],[140.3518,35.6569],[140.3502,35.6584],[140.3497,35.6594],[140.3475,35.6601],[140.3447,35.6601],[140.3406,35.6606],[140.3387,35.66],[140.3366,35.66],[140.3348,35.6591],[140.3343,35.66],[140.3331,35.6599],[140.3332,35.6575],[140.3317,35.6578],[140.3313,35.6568],[140.3304,35.6561],[140.3302,35.6556],[140.3276,35.6573],[140.3272,35.655],[140.3273,35.6542],[140.3278,35.6537],[140.3258,35.6522],[140.3268,35.6513],[140.3283,35.6506],[140.3281,35.6497],[140.3272,35.6488],[140.3263,35.6487],[140.3252,35.6494],[140.3255,35.6507],[140.3246,35.6504],[140.3246,35.6493],[140.3219,35.6494],[140.3203,35.6491],[140.3199,35.6471],[140.3208,35.647],[140.3237,35.6455],[140.3243,35.6447],[140.3241,35.6435],[140.3257,35.644],[140.3254,35.6429],[140.3233,35.6426],[140.3233,35.6403],[140.3212,35.6397],[140.3232,35.6372],[140.3253,35.6353],[140.3276,35.634],[140.3281,35.634],[140.3294,35.6331],[140.3292,35.6315],[140.3311,35.6301],[140.3321,35.6296],[140.332,35.629],[140.3334,35.6272],[140.334,35.6271],[140.3341,35.6263],[140.3352,35.6247],[140.335,35.6243],[140.3329,35.624],[140.3336,35.6235],[140.3344,35.6235],[140.3348,35.6224],[140.3334,35.6226],[140.3328,35.6217],[140.3354,35.6201],[140.3358,35.6194],[140.3375,35.6177],[140.3386,35.6173],[140.3404,35.6177],[140.3412,35.6173],[140.3406,35.6158],[140.339,35.6151],[140.3386,35.6162],[140.3375,35.6156],[140.3376,35.6149],[140.3368,35.6145],[140.3368,35.6139],[140.3349,35.6139],[140.3337,35.6127],[140.334,35.6118],[140.3333,35.611],[140.3326,35.6111],[140.3315,35.6093],[140.3311,35.6093],[140.3308,35.6106],[140.3296,35.6099],[140.3294,35.6094],[140.3302,35.6076],[140.33,35.607],[140.3309,35.6065],[140.3336,35.6058],[140.3355,35.6061],[140.3375,35.606],[140.3386,35.6063],[140.3395,35.6054],[140.3409,35.6052],[140.3419,35.6055],[140.3419,35.6061],[140.3425,35.6067],[140.3428,35.6077],[140.3434,35.6083],[140.3443,35.6081],[140.3454,35.607],[140.3455,35.6065],[140.3465,35.6062],[140.3472,35.6055],[140.3482,35.6059],[140.3488,35.6068],[140.35,35.607],[140.3504,35.6084],[140.3514,35.6088],[140.3502,35.6099],[140.3501,35.6105],[140.3519,35.6105],[140.3538,35.6098],[140.3545,35.6069],[140.3555,35.6072],[140.3587,35.6041],[140.3609,35.6017],[140.363,35.6019],[140.3644,35.6022],[140.366,35.6023],[140.3673,35.6032],[140.3696,35.6045],[140.3706,35.6068],[140.3714,35.6055],[140.3725,35.6052],[140.3734,35.6045],[140.374,35.6034],[140.375,35.603],[140.3772,35.6033],[140.3789,35.6038],[140.3801,35.6038],[140.3815,35.6044],[140.3829,35.6044],[140.3841,35.6025],[140.3841,35.6022],[140.3852,35.6014],[140.3858,35.6019],[140.387,35.6009],[140.3868,35.6004],[140.3854,35.6],[140.3847,35.5976],[140.3847,35.5963],[140.3851,35.5958],[140.3845,35.5943],[140.3848,35.5928],[140.3854,35.5918],[140.3866,35.5906],[140.3918,35.5866],[140.3938,35.5854],[140.3945,35.5859],[140.3959,35.5851],[140.3971,35.587],[140.3989,35.5882],[140.4,35.5892],[140.4034,35.5872],[140.4041,35.5871],[140.4071,35.5901],[140.4089,35.5916],[140.4099,35.5908],[140.4109,35.5903],[140.4096,35.589],[140.41,35.5882],[140.4133,35.5882],[140.4145,35.5873],[140.4163,35.5898],[140.4175,35.5907],[140.4185,35.5906],[140.4197,35.5925],[140.4194,35.5933],[140.4198,35.5936],[140.4193,35.5949],[140.4227,35.5959],[140.4235,35.5967],[140.4249,35.5958],[140.4253,35.5959],[140.4269,35.592],[140.4271,35.5911],[140.427,35.5878],[140.4275,35.5866],[140.4279,35.5847],[140.4284,35.5832],[140.4285,35.5822],[140.4297,35.5795],[140.4307,35.579],[140.4313,35.5778],[140.4316,35.5762],[140.4316,35.5742],[140.4322,35.5729],[140.4324,35.5714],[140.435,35.5677]],[[140.3351,35.6209],[140.3346,35.6212],[140.3349,35.6221],[140.3361,35.6222],[140.336,35.6214],[140.3351,35.6209]],[[140.3385,35.6184],[140.3382,35.6181],[140.3371,35.6185],[140.3373,35.6189],[140.3377,35.6186],[140.3385,35.6184]]],[[[140.3264,35.6151],[140.3256,35.6146],[140.3267,35.6138],[140.3258,35.6134],[140.3245,35.6145],[140.3223,35.6127],[140.3233,35.6124],[140.324,35.6117],[140.3252,35.6114],[140.3272,35.613],[140.328,35.6128],[140.3286,35.6141],[140.3278,35.6145],[140.3271,35.614],[140.3264,35.6151]],[[140.3247,35.6123],[140.3243,35.6121],[140.3229,35.6129],[140.3234,35.6132],[140.3247,35.6123]],[[140.3255,35.613],[140.3252,35.6127],[140.324,35.6135],[140.3243,35.6138],[140.3255,35.613]]],[[[140.3285,35.6116],[140.3278,35.6113],[140.3272,35.6103],[140.3261,35.6103],[140.3275,35.6091],[140.3272,35.6087],[140.3287,35.607],[140.3295,35.6071],[140.3281,35.6087],[140.3291,35.6102],[140.3303,35.6108],[140.3295,35.6114],[140.3285,35.6116]]],[[[140.3241,35.609],[140.324,35.6075],[140.3254,35.6072],[140.3259,35.6083],[140.3266,35.6087],[140.3249,35.6093],[140.3241,35.609]]],[[[140.3219,35.6167],[140.3246,35.6175],[140.324,35.6189],[140.3234,35.6182],[140.3236,35.6177],[140.322,35.6174],[140.3219,35.6167]]]]}},{"type":"Feature","properties":{"name":"いすみ市","自治体":"いすみ市","区分":"自治体独自の規制は確認されず(国の規制のみ)","規制概要":"公式ページでドローンに関する記載は確認されず(2026-08-17時点)。自治体独自の規制は確認されていないため、国の規制(航空法・小型無人機等飛行禁止法・空域)が適用される。公園条例の一般規定(危険・迷惑・管理支障行為の禁止)により管理者判断で個別に制限される場合はある。","公式HP":"https://www.city.isumi.lg.jp/","確認日":"2026-08-17","_pref":"千葉県","_cat":"unknown","_color":"#455a64","_opacity":0.9,"_weight":1.5,"_fillColor":"#78909c","_fillOpacity":0.18,"出典1":"千葉県警察 小型無人機(ドローン)等の飛行に関するルール(航空法・小型無人機等飛行禁止法)","出典1_URL":"https://www.police.pref.chiba.jp/keibika/safeLife_drone_rules.html","出典2":"千葉県 県管理海岸(港湾・漁港区域を除く)・河川におけるドローンの利用や撮影について","出典2_URL":"https://www.pref.chiba.lg.jp/kakan/kaigan/drone.html"},"geometry":{"type":"MultiPolygon","coordinates":[[[[140.3179,35.2146],[140.3188,35.2139],[140.3199,35.2146],[140.3226,35.214],[140.3234,35.2159],[140.3236,35.2171],[140.3231,35.2176],[140.3235,35.2198],[140.325,35.2198],[140.3259,35.2201],[140.3267,35.2195],[140.3279,35.2181],[140.3286,35.2184],[140.3298,35.2196],[140.3294,35.2202],[140.3296,35.221],[140.3291,35.2218],[140.3294,35.2232],[140.3317,35.2241],[140.3328,35.2229],[140.3331,35.2223],[140.3341,35.2211],[140.3354,35.2211],[140.3369,35.2191],[140.3367,35.2176],[140.3385,35.2151],[140.3398,35.2148],[140.3408,35.2141],[140.3425,35.2142],[140.3436,35.2161],[140.3446,35.2159],[140.3456,35.2167],[140.3466,35.2166],[140.3472,35.2172],[140.3489,35.2173],[140.3504,35.2185],[140.3517,35.218],[140.3524,35.2171],[140.3556,35.2167],[140.3562,35.216],[140.3574,35.2154],[140.3575,35.2175],[140.3588,35.218],[140.3601,35.2179],[140.3629,35.2182],[140.3633,35.2168],[140.3627,35.213],[140.3622,35.2115],[140.3636,35.2115],[140.3645,35.2111],[140.3647,35.2105],[140.3643,35.2096],[140.3645,35.2088],[140.3641,35.2076],[140.3628,35.2075],[140.3608,35.2067],[140.3601,35.2044],[140.3605,35.2038],[140.3605,35.2023],[140.3617,35.2016],[140.3631,35.2013],[140.3643,35.2019],[140.3658,35.2013],[140.3668,35.2014],[140.3677,35.2003],[140.3677,35.1992],[140.368,35.1985],[140.3698,35.1985],[140.3711,35.1989],[140.3721,35.1988],[140.3729,35.1976],[140.3729,35.1964],[140.3724,35.1958],[140.3726,35.195],[140.3734,35.1951],[140.3742,35.1959],[140.3748,35.1972],[140.3753,35.1975],[140.3775,35.1978],[140.3789,35.1965],[140.38,35.1967],[140.3805,35.1961],[140.3812,35.1959],[140.382,35.195],[140.3826,35.1936],[140.3821,35.1926],[140.3832,35.1922],[140.3848,35.1923],[140.3861,35.1951],[140.3884,35.1974],[140.3893,35.1993],[140.3902,35.1999],[140.3916,35.2012],[140.3926,35.2011],[140.3937,35.2027],[140.3928,35.2038],[140.3925,35.2057],[140.3925,35.2072],[140.3933,35.2075],[140.3932,35.208],[140.3922,35.2086],[140.3927,35.2096],[140.3922,35.2106],[140.3928,35.2113],[140.3944,35.2128],[140.3953,35.2133],[140.3951,35.2148],[140.3956,35.218],[140.3966,35.2196],[140.3976,35.2206],[140.397,35.2223],[140.3977,35.2239],[140.3997,35.2254],[140.4006,35.2276],[140.4006,35.2284],[140.3992,35.2298],[140.3999,35.2308],[140.3996,35.2316],[140.4004,35.232],[140.401,35.2333],[140.4019,35.2333],[140.4029,35.2349],[140.4042,35.2361],[140.4049,35.2372],[140.4051,35.2391],[140.4059,35.2401],[140.4053,35.2405],[140.4048,35.2435],[140.4039,35.2443],[140.4042,35.2453],[140.4037,35.2462],[140.4049,35.2484],[140.4047,35.2489],[140.4056,35.2496],[140.4067,35.2494],[140.407,35.2504],[140.4053,35.2519],[140.404,35.2521],[140.4019,35.2532],[140.4009,35.2545],[140.4019,35.255],[140.4028,35.2537],[140.4049,35.2527],[140.4058,35.2531],[140.4034,35.2542],[140.4022,35.2558],[140.4034,35.2564],[140.4051,35.2556],[140.4057,35.2559],[140.4012,35.2582],[140.4008,35.2591],[140.402,35.2597],[140.4018,35.2606],[140.4012,35.2606],[140.4003,35.2615],[140.4004,35.2622],[140.3999,35.2631],[140.4004,35.2646],[140.3998,35.2656],[140.4003,35.2666],[140.4,35.2675],[140.4003,35.2688],[140.4001,35.2694],[140.4009,35.2731],[140.4012,35.2742],[140.4014,35.2756],[140.4019,35.2765],[140.402,35.2776],[140.4028,35.2797],[140.4036,35.2806],[140.4039,35.2822],[140.4042,35.2846],[140.4047,35.2867],[140.4051,35.2877],[140.4055,35.289],[140.4062,35.291],[140.407,35.2918],[140.4072,35.293],[140.4082,35.2949],[140.4094,35.2961],[140.4098,35.2975],[140.411,35.2997],[140.4115,35.3012],[140.4123,35.3022],[140.4145,35.3043],[140.4146,35.3055],[140.4145,35.3079],[140.4148,35.3088],[140.4143,35.3092],[140.4137,35.3103],[140.4139,35.3114],[140.4133,35.3142],[140.412,35.3151],[140.4112,35.3163],[140.4112,35.3169],[140.4102,35.319],[140.4089,35.3203],[140.4089,35.3211],[140.4083,35.3222],[140.4078,35.322],[140.4071,35.3234],[140.4073,35.3237],[140.4064,35.325],[140.4055,35.3253],[140.4055,35.3264],[140.4044,35.3276],[140.4035,35.3295],[140.403,35.3285],[140.4013,35.3286],[140.4009,35.3281],[140.3999,35.3286],[140.4006,35.3295],[140.4003,35.3302],[140.399,35.3297],[140.3977,35.3305],[140.3965,35.3299],[140.3943,35.3308],[140.393,35.3307],[140.3924,35.331],[140.3919,35.3317],[140.392,35.3325],[140.3908,35.3329],[140.3893,35.334],[140.3878,35.3348],[140.3863,35.3335],[140.3864,35.333],[140.386,35.3316],[140.3851,35.3317],[140.3849,35.331],[140.3829,35.3303],[140.3768,35.3305],[140.3757,35.3302],[140.3739,35.3289],[140.3733,35.3288],[140.3722,35.3292],[140.3718,35.3302],[140.3725,35.3317],[140.3725,35.3322],[140.3717,35.3329],[140.3715,35.3339],[140.3725,35.3347],[140.3721,35.3357],[140.373,35.3364],[140.3729,35.3371],[140.3736,35.3394],[140.3743,35.3403],[140.3741,35.3411],[140.3744,35.3427],[140.3735,35.3433],[140.3714,35.3431],[140.3713,35.342],[140.369,35.342],[140.3685,35.343],[140.3662,35.3424],[140.3656,35.3434],[140.3643,35.3435],[140.3638,35.3442],[140.36,35.3434],[140.3576,35.3437],[140.3569,35.3447],[140.3552,35.3445],[140.3537,35.3453],[140.3533,35.3457],[140.3517,35.3459],[140.3514,35.3453],[140.3505,35.345],[140.3493,35.3456],[140.3491,35.346],[140.3471,35.3454],[140.3456,35.3453],[140.3448,35.346],[140.3441,35.3457],[140.3419,35.3454],[140.3413,35.3454],[140.3399,35.3436],[140.3384,35.3433],[140.3378,35.3423],[140.3368,35.3423],[140.3361,35.3429],[140.3355,35.3429],[140.3341,35.3443],[140.3332,35.3441],[140.3329,35.3431],[140.332,35.3426],[140.3308,35.3438],[140.3288,35.3434],[140.328,35.3445],[140.3274,35.3437],[140.3267,35.3436],[140.3249,35.3454],[140.3232,35.3445],[140.323,35.3452],[140.3212,35.3459],[140.3201,35.3455],[140.3181,35.3457],[140.318,35.3443],[140.3166,35.3443],[140.3162,35.3446],[140.3153,35.3443],[140.3144,35.3427],[140.3135,35.3419],[140.3132,35.3412],[140.3107,35.3414],[140.3086,35.3401],[140.3085,35.3392],[140.3072,35.3385],[140.3068,35.3375],[140.3055,35.3369],[140.3043,35.3385],[140.3035,35.3387],[140.3018,35.3376],[140.3011,35.3378],[140.3,35.3368],[140.2994,35.3359],[140.2984,35.3354],[140.297,35.3357],[140.2961,35.3355],[140.2943,35.3334],[140.2937,35.3301],[140.2918,35.3294],[140.2917,35.3269],[140.292,35.3256],[140.2913,35.3245],[140.2904,35.3243],[140.2899,35.3227],[140.2891,35.3214],[140.2877,35.3204],[140.2864,35.3208],[140.2851,35.3188],[140.2843,35.3188],[140.2838,35.3198],[140.2824,35.3188],[140.2812,35.3196],[140.28,35.3197],[140.2795,35.3189],[140.2777,35.319],[140.2766,35.3182],[140.2751,35.3164],[140.2742,35.3165],[140.2729,35.3153],[140.2726,35.3146],[140.2713,35.3134],[140.2714,35.3117],[140.2734,35.3085],[140.2741,35.3083],[140.275,35.3074],[140.2757,35.3073],[140.2758,35.3062],[140.2746,35.3048],[140.274,35.3046],[140.2741,35.3027],[140.2747,35.3025],[140.2754,35.3015],[140.2754,35.3011],[140.2761,35.2989],[140.277,35.2981],[140.2766,35.2962],[140.2751,35.2942],[140.2747,35.2934],[140.2737,35.2929],[140.2732,35.292],[140.2721,35.2914],[140.2708,35.2912],[140.2708,35.2903],[140.2704,35.2895],[140.2694,35.2883],[140.2682,35.2883],[140.2675,35.2885],[140.2663,35.2883],[140.2665,35.2862],[140.2662,35.284],[140.2632,35.2841],[140.262,35.2839],[140.26,35.2842],[140.2582,35.2832],[140.2578,35.2834],[140.2569,35.2824],[140.2559,35.2824],[140.2553,35.2828],[140.2546,35.2824],[140.2549,35.2814],[140.2555,35.2808],[140.2547,35.2797],[140.2538,35.2795],[140.2546,35.2783],[140.2551,35.278],[140.2562,35.2763],[140.2564,35.2753],[140.2572,35.2741],[140.2574,35.2729],[140.2586,35.2727],[140.259,35.272],[140.2629,35.2716],[140.2648,35.2712],[140.2675,35.2694],[140.2695,35.2697],[140.271,35.2702],[140.2718,35.2702],[140.2721,35.2693],[140.273,35.269],[140.2734,35.268],[140.2751,35.2678],[140.2759,35.2672],[140.2771,35.2669],[140.2773,35.2658],[140.2786,35.2653],[140.2788,35.2647],[140.2785,35.264],[140.2785,35.2625],[140.279,35.2615],[140.2817,35.2595],[140.2826,35.2585],[140.2833,35.2581],[140.2842,35.257],[140.2862,35.2556],[140.2859,35.2545],[140.2848,35.2534],[140.2834,35.2528],[140.2831,35.2522],[140.2822,35.2518],[140.282,35.2508],[140.2806,35.2504],[140.2807,35.2494],[140.2814,35.2492],[140.2818,35.2479],[140.2827,35.2466],[140.2832,35.2452],[140.2819,35.2429],[140.281,35.2424],[140.2824,35.2424],[140.2828,35.2427],[140.2839,35.2422],[140.2847,35.2423],[140.2855,35.2429],[140.2849,35.2437],[140.2868,35.2445],[140.2873,35.2434],[140.2881,35.2429],[140.2879,35.2417],[140.2886,35.2393],[140.2903,35.2373],[140.291,35.2381],[140.2911,35.2396],[140.2916,35.2396],[140.293,35.2385],[140.2944,35.2389],[140.2954,35.2383],[140.297,35.2376],[140.2965,35.2357],[140.2971,35.2348],[140.2971,35.2337],[140.2959,35.2321],[140.2951,35.2318],[140.294,35.2308],[140.2941,35.2303],[140.2953,35.2298],[140.2963,35.2302],[140.2975,35.2302],[140.2985,35.2296],[140.2997,35.2293],[140.3,35.2278],[140.3011,35.2269],[140.3013,35.2263],[140.3033,35.2266],[140.3042,35.2262],[140.3054,35.2263],[140.3067,35.2256],[140.307,35.2249],[140.3072,35.223],[140.3081,35.2222],[140.3099,35.2216],[140.3104,35.2204],[140.3116,35.2197],[140.313,35.2196],[140.3132,35.2181],[140.3139,35.2177],[140.315,35.2179],[140.3181,35.2154],[140.3179,35.2146]]],[[[140.4083,35.2563],[140.4075,35.2557],[140.4076,35.2557],[140.4083,35.2563]]],[[[140.3921,35.2005],[140.3917,35.2003],[140.3919,35.2001],[140.3923,35.2004],[140.3921,35.2005]]],[[[140.3924,35.1995],[140.3926,35.1997],[140.3925,35.1999],[140.3922,35.1996],[140.3924,35.1995]]],[[[140.4059,35.2544],[140.4054,35.2549],[140.4053,35.2549],[140.4058,35.2544],[140.4059,35.2544]]],[[[140.3922,35.2008],[140.3923,35.2007],[140.3925,35.2008],[140.3924,35.2009],[140.3922,35.2008]]],[[[140.3922,35.2001],[140.392,35.2],[140.3922,35.1999],[140.3922,35.2],[140.3922,35.2001]]],[[[140.4101,35.3194],[140.4103,35.3194],[140.4101,35.3195],[140.41,35.3194],[140.4101,35.3194]]],[[[140.3918,35.2006],[140.3917,35.2007],[140.3915,35.2007],[140.3917,35.2006],[140.3918,35.2006]]],[[[140.3942,35.2031],[140.3941,35.203],[140.3942,35.203],[140.3942,35.2031]]],[[[140.3913,35.1993],[140.3911,35.1992],[140.3913,35.1992],[140.3913,35.1993]]],[[[140.3931,35.2017],[140.393,35.2017],[140.393,35.2016],[140.3931,35.2017]]],[[[140.3919,35.2001],[140.392,35.2],[140.392,35.2001],[140.3919,35.2001]]],[[[140.3923,35.2003],[140.3924,35.2004],[140.3923,35.2004],[140.3923,35.2003]]],[[[140.3887,35.1972],[140.3887,35.1973],[140.3886,35.1972],[140.3887,35.1972]]]]}},{"type":"Feature","properties":{"name":"大網白里市","自治体":"大網白里市","区分":"許可・届出制/施設ごとに要相談","規制概要":"白里海水浴場(九十九里浜)の禁止事項に無人航空機(ドローン等)の使用を明記。海水浴場エリアに限定。","公式HP":"https://www.city.oamishirasato.lg.jp/","確認日":"2026-08-17","_pref":"千葉県","_cat":"restricted","_color":"#006064","_opacity":0.9,"_weight":1.5,"_fillColor":"#00838f","_fillOpacity":0.4,"出典1":"大網白里市 白里海水浴場の開設について 禁止事項","出典1_URL":"https://www.city.oamishirasato.lg.jp/0000015315.html","出典1_引用":"無人航空機（ドローン・ラジコン機等）の使用"},"geometry":{"type":"Polygon","coordinates":[[[140.2721,35.4936],[140.2731,35.4938],[140.2756,35.4946],[140.2772,35.4947],[140.2778,35.495],[140.278,35.4961],[140.2784,35.4964],[140.2804,35.4986],[140.2818,35.4993],[140.2825,35.4992],[140.2833,35.4982],[140.2844,35.4977],[140.2853,35.4978],[140.286,35.4969],[140.288,35.4974],[140.2904,35.4964],[140.293,35.4966],[140.2952,35.4972],[140.2965,35.4973],[140.2965,35.498],[140.2984,35.4988],[140.3003,35.4972],[140.3014,35.4975],[140.3022,35.4982],[140.302,35.4989],[140.3039,35.4994],[140.3045,35.499],[140.3055,35.4999],[140.3072,35.5003],[140.3078,35.5014],[140.3096,35.5018],[140.3105,35.5016],[140.3117,35.5021],[140.3133,35.5018],[140.3149,35.5022],[140.316,35.5028],[140.3157,35.5012],[140.3163,35.5007],[140.3176,35.5008],[140.3191,35.4991],[140.3196,35.4996],[140.3208,35.4993],[140.3217,35.4999],[140.3228,35.5012],[140.3241,35.5009],[140.3255,35.5009],[140.3257,35.5013],[140.3281,35.5003],[140.3286,35.4999],[140.3296,35.4981],[140.3295,35.4975],[140.3285,35.4976],[140.3277,35.4959],[140.3273,35.4958],[140.3259,35.4943],[140.3234,35.4949],[140.3231,35.4942],[140.326,35.4921],[140.3281,35.4923],[140.3292,35.4921],[140.3304,35.4914],[140.3312,35.4916],[140.3324,35.4911],[140.3357,35.4903],[140.3365,35.4898],[140.3376,35.4895],[140.3414,35.4877],[140.3413,35.4865],[140.3435,35.4852],[140.3451,35.4852],[140.3466,35.4848],[140.3475,35.4849],[140.348,35.4858],[140.3496,35.4905],[140.3506,35.4926],[140.3515,35.4953],[140.3522,35.4966],[140.3533,35.4962],[140.3533,35.4952],[140.3551,35.495],[140.3553,35.4943],[140.356,35.4935],[140.3571,35.4947],[140.3585,35.4951],[140.359,35.4955],[140.3609,35.4954],[140.3615,35.4957],[140.3627,35.4948],[140.3632,35.4956],[140.365,35.495],[140.3663,35.4939],[140.3692,35.4935],[140.37,35.4936],[140.3724,35.4943],[140.3735,35.4942],[140.3746,35.4935],[140.3743,35.4925],[140.3747,35.4917],[140.3769,35.4898],[140.3767,35.4887],[140.3789,35.4875],[140.3783,35.4841],[140.3778,35.4839],[140.3785,35.4827],[140.3789,35.4812],[140.3781,35.4799],[140.3793,35.4794],[140.3794,35.478],[140.3788,35.4767],[140.3798,35.4769],[140.3809,35.4764],[140.3806,35.4758],[140.3814,35.4755],[140.3821,35.477],[140.3834,35.4765],[140.3861,35.4768],[140.4014,35.4748],[140.4021,35.4742],[140.4061,35.4732],[140.4069,35.4732],[140.4124,35.4724],[140.4159,35.4716],[140.4163,35.4728],[140.4184,35.4766],[140.4207,35.4811],[140.4222,35.4837],[140.4235,35.4863],[140.4261,35.4908],[140.4267,35.4921],[140.4282,35.4943],[140.4301,35.4977],[140.4305,35.4981],[140.4262,35.4998],[140.4248,35.5002],[140.4229,35.5011],[140.4226,35.5025],[140.4231,35.5044],[140.4225,35.5046],[140.415,35.5043],[140.4078,35.5074],[140.4041,35.5092],[140.4009,35.5059],[140.4004,35.5057],[140.3964,35.5068],[140.3947,35.5074],[140.3943,35.5081],[140.3921,35.5089],[140.3907,35.5098],[140.3897,35.5083],[140.3876,35.5043],[140.3872,35.5033],[140.385,35.5001],[140.383,35.5005],[140.3831,35.5013],[140.3814,35.5017],[140.3806,35.5011],[140.3795,35.5015],[140.3797,35.5022],[140.3798,35.5048],[140.3807,35.5064],[140.3817,35.5073],[140.3829,35.509],[140.3829,35.5105],[140.3821,35.5116],[140.3813,35.5122],[140.3768,35.5133],[140.3737,35.5139],[140.3731,35.5145],[140.3721,35.5139],[140.3711,35.514],[140.3709,35.5147],[140.3697,35.5142],[140.3677,35.5144],[140.3675,35.515],[140.3665,35.5152],[140.3654,35.5146],[140.3629,35.5152],[140.3617,35.5158],[140.3614,35.515],[140.3606,35.5152],[140.3611,35.5162],[140.3591,35.5173],[140.3602,35.5188],[140.3568,35.5205],[140.358,35.5241],[140.3599,35.528],[140.361,35.53],[140.361,35.5305],[140.3584,35.532],[140.3578,35.5313],[140.3558,35.5304],[140.3552,35.5313],[140.3539,35.5321],[140.3528,35.5322],[140.3534,35.533],[140.3529,35.5334],[140.3543,35.5351],[140.3544,35.5358],[140.354,35.5365],[140.3474,35.5403],[140.3447,35.5372],[140.3451,35.5365],[140.3459,35.536],[140.3433,35.533],[140.3396,35.535],[140.3399,35.5353],[140.3379,35.5363],[140.336,35.5343],[140.3348,35.5352],[140.3363,35.5372],[140.3363,35.5383],[140.3358,35.5397],[140.3331,35.5434],[140.3317,35.545],[140.3311,35.5439],[140.3297,35.5451],[140.3305,35.5471],[140.3299,35.5477],[140.3287,35.5475],[140.3275,35.5492],[140.3263,35.5485],[140.3252,35.5483],[140.3251,35.5491],[140.3243,35.5498],[140.3238,35.5519],[140.3257,35.5524],[140.3271,35.5543],[140.3268,35.5562],[140.3262,35.5569],[140.325,35.5565],[140.3246,35.5573],[140.3238,35.5579],[140.3215,35.5578],[140.3194,35.5569],[140.3186,35.5569],[140.3177,35.5563],[140.3167,35.5564],[140.3147,35.559],[140.3135,35.5585],[140.314,35.5574],[140.3132,35.557],[140.3125,35.5572],[140.3109,35.5567],[140.3095,35.556],[140.3085,35.555],[140.3084,35.5545],[140.3049,35.5545],[140.3036,35.5539],[140.303,35.5542],[140.3025,35.5553],[140.3016,35.556],[140.3008,35.5553],[140.2992,35.5565],[140.2974,35.5581],[140.2974,35.5591],[140.2943,35.5592],[140.2945,35.5604],[140.2942,35.5606],[140.2916,35.557],[140.291,35.5556],[140.2912,35.5529],[140.2911,35.5515],[140.2916,35.5498],[140.292,35.5494],[140.2919,35.5482],[140.2889,35.5489],[140.2857,35.5494],[140.2847,35.5492],[140.2834,35.5484],[140.2826,35.5491],[140.2822,35.55],[140.2817,35.55],[140.2814,35.5478],[140.2806,35.5473],[140.2803,35.5465],[140.2809,35.5453],[140.2806,35.5437],[140.281,35.5418],[140.2833,35.5403],[140.2847,35.5398],[140.286,35.5389],[140.2873,35.536],[140.2882,35.5353],[140.2891,35.5342],[140.2898,35.5323],[140.292,35.5312],[140.2914,35.5304],[140.2912,35.529],[140.2899,35.528],[140.2889,35.5261],[140.2878,35.5235],[140.2902,35.5223],[140.2928,35.5219],[140.2946,35.5211],[140.2961,35.5218],[140.2979,35.5217],[140.2993,35.5204],[140.3006,35.5204],[140.2996,35.5189],[140.2983,35.5184],[140.2966,35.5173],[140.2952,35.5172],[140.2948,35.5164],[140.2935,35.516],[140.2926,35.5153],[140.291,35.5154],[140.2893,35.5162],[140.2896,35.5173],[140.2894,35.5184],[140.2887,35.5193],[140.286,35.5188],[140.2847,35.5179],[140.2832,35.5158],[140.2832,35.515],[140.2823,35.5128],[140.2806,35.512],[140.2792,35.512],[140.2782,35.5117],[140.2772,35.5119],[140.2768,35.5115],[140.2753,35.5089],[140.2744,35.508],[140.2744,35.5073],[140.2751,35.5049],[140.2748,35.5041],[140.274,35.5025],[140.2742,35.4998],[140.2741,35.4992],[140.273,35.4983],[140.2725,35.4975],[140.2713,35.497],[140.2706,35.4964],[140.2708,35.4957],[140.2723,35.4944],[140.2721,35.4936]],[[140.303,35.5208],[140.3028,35.5206],[140.302,35.5209],[140.3024,35.5212],[140.303,35.5208]],[[140.2779,35.4963],[140.2776,35.4953],[140.2768,35.4958],[140.2756,35.496],[140.2764,35.4967],[140.2779,35.4963]],[[140.3298,35.5474],[140.3286,35.546],[140.3276,35.5451],[140.3269,35.5451],[140.3251,35.5442],[140.3245,35.5453],[140.3258,35.5458],[140.3277,35.546],[140.3285,35.5465],[140.329,35.5474],[140.3298,35.5474]]]}},{"type":"Feature","properties":{"name":"酒々井町","自治体":"酒々井町","区分":"自治体独自の規制は確認されず(国の規制のみ)","規制概要":"公式ページでドローンに関する記載は確認されず(2026-08-17時点)。自治体独自の規制は確認されていないため、国の規制(航空法・小型無人機等飛行禁止法・空域)が適用される。公園条例の一般規定(危険・迷惑・管理支障行為の禁止)により管理者判断で個別に制限される場合はある。","公式HP":"https://www.town.shisui.chiba.jp/","確認日":"2026-08-17","_pref":"千葉県","_cat":"unknown","_color":"#455a64","_opacity":0.9,"_weight":1.5,"_fillColor":"#78909c","_fillOpacity":0.18,"出典1":"千葉県警察 小型無人機(ドローン)等の飛行に関するルール(航空法・小型無人機等飛行禁止法)","出典1_URL":"https://www.police.pref.chiba.jp/keibika/safeLife_drone_rules.html","出典2":"千葉県 県管理海岸(港湾・漁港区域を除く)・河川におけるドローンの利用や撮影について","出典2_URL":"https://www.pref.chiba.lg.jp/kakan/kaigan/drone.html"},"geometry":{"type":"Polygon","coordinates":[[[140.2633,35.7548],[140.2638,35.7532],[140.2655,35.7473],[140.2655,35.7457],[140.2645,35.7428],[140.2636,35.7417],[140.262,35.7408],[140.2589,35.7397],[140.2604,35.7357],[140.2597,35.7352],[140.2604,35.7334],[140.2613,35.7337],[140.2621,35.7312],[140.26,35.7304],[140.2588,35.7293],[140.2591,35.7287],[140.2579,35.7283],[140.2578,35.7289],[140.2567,35.7293],[140.2554,35.7292],[140.2543,35.7295],[140.2548,35.7281],[140.254,35.7269],[140.255,35.7258],[140.2559,35.7255],[140.2571,35.7255],[140.2567,35.7246],[140.2567,35.7228],[140.2551,35.723],[140.2541,35.7234],[140.2537,35.7239],[140.2511,35.7232],[140.2494,35.7223],[140.2474,35.7234],[140.2471,35.723],[140.2493,35.7218],[140.2497,35.722],[140.2521,35.7198],[140.2525,35.7189],[140.2517,35.7172],[140.2515,35.716],[140.2521,35.7151],[140.2531,35.714],[140.2553,35.7148],[140.2554,35.7152],[140.2573,35.7154],[140.2581,35.7148],[140.2597,35.7145],[140.2596,35.7139],[140.2603,35.7127],[140.2607,35.7102],[140.2614,35.7098],[140.2631,35.7078],[140.2634,35.707],[140.2641,35.706],[140.2641,35.7042],[140.2638,35.7031],[140.2636,35.7018],[140.264,35.701],[140.2653,35.7002],[140.2673,35.6998],[140.27,35.7014],[140.2726,35.7023],[140.2732,35.7021],[140.2739,35.7028],[140.2756,35.7035],[140.2754,35.7048],[140.2771,35.7064],[140.2779,35.7077],[140.2783,35.7077],[140.2798,35.7063],[140.2812,35.7059],[140.2813,35.7051],[140.2829,35.7049],[140.2827,35.7038],[140.2829,35.703],[140.2844,35.7025],[140.2868,35.7036],[140.2874,35.7034],[140.2881,35.7038],[140.2885,35.7047],[140.2894,35.7053],[140.2899,35.7052],[140.2915,35.7061],[140.2912,35.7082],[140.2938,35.7086],[140.2951,35.7101],[140.2963,35.7122],[140.2975,35.7132],[140.2985,35.7134],[140.3001,35.7146],[140.3011,35.7159],[140.3015,35.716],[140.3027,35.7148],[140.3031,35.7146],[140.3014,35.7166],[140.3004,35.7181],[140.2981,35.7186],[140.2963,35.7197],[140.2966,35.7205],[140.2973,35.7209],[140.2977,35.7218],[140.2963,35.7214],[140.2953,35.7218],[140.2943,35.7248],[140.2936,35.7251],[140.293,35.7269],[140.2928,35.7297],[140.2917,35.7298],[140.29,35.7294],[140.2889,35.7304],[140.2881,35.7305],[140.2889,35.7317],[140.2893,35.7319],[140.2906,35.7343],[140.292,35.7357],[140.2936,35.7368],[140.2965,35.7394],[140.2978,35.7388],[140.2984,35.7399],[140.299,35.74],[140.3009,35.7395],[140.3016,35.7389],[140.3013,35.7374],[140.3019,35.7374],[140.3022,35.7386],[140.3028,35.7387],[140.3058,35.7384],[140.3055,35.7396],[140.306,35.7399],[140.3059,35.7407],[140.3035,35.7445],[140.3015,35.747],[140.3027,35.7472],[140.3032,35.7478],[140.3005,35.7476],[140.3,35.7491],[140.2989,35.7508],[140.2988,35.7523],[140.298,35.7534],[140.2974,35.7535],[140.2966,35.7547],[140.2959,35.7545],[140.2942,35.7548],[140.2934,35.7561],[140.292,35.7575],[140.2905,35.7574],[140.2899,35.7576],[140.2887,35.7575],[140.2891,35.7562],[140.2897,35.7555],[140.29,35.7542],[140.2897,35.7521],[140.2872,35.752],[140.2865,35.7517],[140.285,35.7517],[140.2839,35.7514],[140.2835,35.7536],[140.2794,35.7574],[140.2775,35.7575],[140.2758,35.7558],[140.2738,35.7546],[140.2729,35.7551],[140.2722,35.7549],[140.2706,35.7554],[140.2664,35.7553],[140.2633,35.7548]],[[140.277,35.707],[140.2764,35.7059],[140.2756,35.7053],[140.2743,35.7064],[140.2767,35.709],[140.2777,35.7084],[140.277,35.707]]]}},{"type":"Feature","properties":{"name":"栄町","自治体":"栄町","区分":"自治体独自の規制は確認されず(国の規制のみ)","規制概要":"公式ページでドローンに関する記載は確認されず(2026-08-17時点)。自治体独自の規制は確認されていないため、国の規制(航空法・小型無人機等飛行禁止法・空域)が適用される。公園条例の一般規定(危険・迷惑・管理支障行為の禁止)により管理者判断で個別に制限される場合はある。","公式HP":"https://www.town.sakae.chiba.jp/","確認日":"2026-08-17","_pref":"千葉県","_cat":"unknown","_color":"#455a64","_opacity":0.9,"_weight":1.5,"_fillColor":"#78909c","_fillOpacity":0.18,"出典1":"千葉県警察 小型無人機(ドローン)等の飛行に関するルール(航空法・小型無人機等飛行禁止法)","出典1_URL":"https://www.police.pref.chiba.jp/keibika/safeLife_drone_rules.html","出典2":"千葉県 県管理海岸(港湾・漁港区域を除く)・河川におけるドローンの利用や撮影について","出典2_URL":"https://www.pref.chiba.lg.jp/kakan/kaigan/drone.html"},"geometry":{"type":"MultiPolygon","coordinates":[[[[140.2894,35.8714],[140.2861,35.8729],[140.2834,35.8738],[140.2811,35.8741],[140.2783,35.874],[140.2762,35.8736],[140.2736,35.8727],[140.2691,35.871],[140.2657,35.8693],[140.2572,35.8639],[140.2526,35.861],[140.2436,35.8554],[140.2424,35.8549],[140.2406,35.8544],[140.2365,35.854],[140.2326,35.8541],[140.2304,35.8545],[140.2278,35.8554],[140.2262,35.8562],[140.2229,35.8582],[140.2169,35.861],[140.2155,35.8616],[140.2136,35.862],[140.2123,35.862],[140.2054,35.8613],[140.2031,35.8607],[140.1991,35.8591],[140.1965,35.8577],[140.1935,35.856],[140.1886,35.8527],[140.1866,35.8518],[140.1844,35.8511],[140.1812,35.8503],[140.1779,35.8494],[140.1743,35.8482],[140.1678,35.8455],[140.1689,35.845],[140.1724,35.844],[140.1757,35.8434],[140.1784,35.8425],[140.1801,35.8422],[140.1819,35.8416],[140.1927,35.8366],[140.1946,35.8359],[140.1968,35.8354],[140.2031,35.8348],[140.2061,35.835],[140.2074,35.8355],[140.2085,35.8362],[140.2103,35.8377],[140.2126,35.839],[140.2145,35.8394],[140.2181,35.8395],[140.2224,35.8398],[140.2273,35.8404],[140.2319,35.8412],[140.2328,35.8389],[140.2329,35.8382],[140.2323,35.8366],[140.2323,35.8349],[140.233,35.8324],[140.2339,35.8318],[140.2371,35.8303],[140.239,35.8298],[140.2408,35.8297],[140.243,35.8269],[140.2446,35.8278],[140.245,35.8271],[140.2432,35.826],[140.2431,35.8251],[140.2424,35.8245],[140.241,35.8243],[140.2371,35.8208],[140.238,35.8201],[140.2401,35.8209],[140.243,35.8159],[140.2442,35.8177],[140.2435,35.8178],[140.2427,35.8193],[140.2441,35.8198],[140.245,35.821],[140.2465,35.8206],[140.25,35.821],[140.2504,35.8209],[140.2501,35.8193],[140.2503,35.8163],[140.2514,35.8099],[140.2516,35.8056],[140.2516,35.8003],[140.254,35.805],[140.2572,35.8114],[140.2556,35.8135],[140.2589,35.8153],[140.2592,35.815],[140.2649,35.8184],[140.2664,35.8195],[140.2666,35.8204],[140.2672,35.8209],[140.268,35.8232],[140.2701,35.8222],[140.2719,35.8217],[140.275,35.8212],[140.2759,35.8201],[140.2769,35.8192],[140.2774,35.818],[140.2782,35.8187],[140.2788,35.8186],[140.28,35.8201],[140.2795,35.8203],[140.2814,35.8237],[140.2832,35.8249],[140.2837,35.826],[140.2854,35.8274],[140.285,35.8278],[140.2861,35.8286],[140.2853,35.8289],[140.2845,35.8298],[140.2841,35.8312],[140.2826,35.8322],[140.2825,35.8338],[140.2818,35.8352],[140.2814,35.8365],[140.2818,35.8374],[140.2819,35.8392],[140.2809,35.8404],[140.2799,35.8413],[140.2799,35.8423],[140.2795,35.8429],[140.2796,35.8466],[140.2783,35.8467],[140.2782,35.8459],[140.2774,35.846],[140.2766,35.8452],[140.2757,35.8453],[140.2754,35.8458],[140.2758,35.8466],[140.2765,35.8474],[140.2757,35.8486],[140.2742,35.8482],[140.2733,35.8498],[140.2748,35.8498],[140.275,35.8511],[140.2756,35.8516],[140.2776,35.8517],[140.2776,35.852],[140.2802,35.8519],[140.2804,35.8529],[140.2814,35.8567],[140.2823,35.8591],[140.2811,35.8595],[140.2807,35.8601],[140.2807,35.8613],[140.284,35.8622],[140.2845,35.8625],[140.2848,35.8638],[140.2858,35.8661],[140.2867,35.8673],[140.2879,35.8701],[140.2894,35.8714]]],[[[140.2467,35.8197],[140.2458,35.8198],[140.2453,35.8188],[140.2471,35.8179],[140.2483,35.8195],[140.2467,35.8197]]]]}},{"type":"Feature","properties":{"name":"神崎町","自治体":"神崎町","区分":"自治体独自の規制は確認されず(国の規制のみ)","規制概要":"公式ページでドローンに関する記載は確認されず(2026-08-17時点)。自治体独自の規制は確認されていないため、国の規制(航空法・小型無人機等飛行禁止法・空域)が適用される。公園条例の一般規定(危険・迷惑・管理支障行為の禁止)により管理者判断で個別に制限される場合はある。","公式HP":"https://www.town.kozaki.chiba.jp/","確認日":"2026-08-17","_pref":"千葉県","_cat":"unknown","_color":"#455a64","_opacity":0.9,"_weight":1.5,"_fillColor":"#78909c","_fillOpacity":0.18,"出典1":"千葉県警察 小型無人機(ドローン)等の飛行に関するルール(航空法・小型無人機等飛行禁止法)","出典1_URL":"https://www.police.pref.chiba.jp/keibika/safeLife_drone_rules.html","出典2":"千葉県 県管理海岸(港湾・漁港区域を除く)・河川におけるドローンの利用や撮影について","出典2_URL":"https://www.pref.chiba.lg.jp/kakan/kaigan/drone.html"},"geometry":{"type":"Polygon","coordinates":[[[140.4405,35.8679],[140.4397,35.8679],[140.44,35.8712],[140.4392,35.8713],[140.439,35.8706],[140.4348,35.8712],[140.435,35.8723],[140.4334,35.8729],[140.432,35.8732],[140.4309,35.8737],[140.4296,35.8725],[140.429,35.8723],[140.4268,35.8724],[140.4249,35.873],[140.4252,35.8744],[140.425,35.8754],[140.4258,35.8754],[140.4275,35.8772],[140.4279,35.8789],[140.4272,35.8804],[140.4269,35.8824],[140.4274,35.8835],[140.4283,35.8836],[140.427,35.8859],[140.4254,35.8872],[140.4251,35.888],[140.426,35.8897],[140.4265,35.8936],[140.4279,35.8978],[140.4294,35.902],[140.4301,35.9022],[140.4306,35.9037],[140.4315,35.9037],[140.4341,35.9049],[140.4339,35.9052],[140.4359,35.9064],[140.4374,35.9079],[140.4367,35.9085],[140.4348,35.9118],[140.4327,35.9108],[140.4261,35.9077],[140.4229,35.9067],[140.4211,35.9064],[140.418,35.9064],[140.4145,35.9071],[140.4094,35.9088],[140.4076,35.9092],[140.4018,35.9095],[140.3983,35.9093],[140.3965,35.909],[140.394,35.9084],[140.3903,35.9074],[140.3869,35.9062],[140.3807,35.9037],[140.379,35.9031],[140.3759,35.9024],[140.3752,35.9004],[140.3754,35.8998],[140.3751,35.8984],[140.3755,35.8952],[140.3759,35.8945],[140.3798,35.8912],[140.3819,35.8907],[140.3839,35.8894],[140.385,35.885],[140.3882,35.8862],[140.39,35.886],[140.3914,35.8862],[140.3926,35.885],[140.3921,35.8843],[140.392,35.8831],[140.3933,35.8817],[140.394,35.8814],[140.3949,35.8804],[140.3962,35.8782],[140.3971,35.8772],[140.398,35.8771],[140.3993,35.8762],[140.3998,35.8755],[140.4001,35.8742],[140.4009,35.8722],[140.3998,35.8719],[140.4001,35.8712],[140.3997,35.8703],[140.3983,35.8702],[140.3982,35.8697],[140.3997,35.8696],[140.4003,35.8684],[140.4005,35.8671],[140.3999,35.8662],[140.3994,35.8647],[140.3991,35.8631],[140.3975,35.8625],[140.398,35.8607],[140.3972,35.8597],[140.3964,35.86],[140.3948,35.8586],[140.3942,35.8576],[140.397,35.8559],[140.3984,35.8553],[140.398,35.8545],[140.3963,35.8544],[140.3952,35.8546],[140.395,35.8558],[140.3928,35.8559],[140.3923,35.8546],[140.3942,35.8546],[140.3944,35.8528],[140.3968,35.853],[140.3975,35.8528],[140.401,35.8531],[140.4031,35.8535],[140.4035,35.855],[140.4044,35.8562],[140.4057,35.8567],[140.406,35.8563],[140.4081,35.857],[140.4079,35.8578],[140.4093,35.8578],[140.4091,35.8586],[140.4114,35.8599],[140.4109,35.8605],[140.4129,35.8617],[140.414,35.8629],[140.4164,35.8647],[140.417,35.8656],[140.4181,35.8663],[140.4193,35.8666],[140.4224,35.8663],[140.4225,35.8643],[140.4231,35.8638],[140.4227,35.8606],[140.4236,35.8607],[140.4245,35.8611],[140.4246,35.8616],[140.4255,35.8624],[140.4281,35.8636],[140.4298,35.8636],[140.4301,35.8631],[140.4314,35.8639],[140.4327,35.8643],[140.4329,35.8638],[140.4345,35.864],[140.4355,35.8639],[140.4373,35.8633],[140.4384,35.8634],[140.4394,35.8642],[140.4398,35.8652],[140.4395,35.866],[140.4402,35.8663],[140.4405,35.8679]]]}},{"type":"Feature","properties":{"name":"多古町","自治体":"多古町","区分":"自治体独自の規制は確認されず(国の規制のみ)","規制概要":"公式ページでドローンに関する記載は確認されず(2026-08-17時点)。自治体独自の規制は確認されていないため、国の規制(航空法・小型無人機等飛行禁止法・空域)が適用される。公園条例の一般規定(危険・迷惑・管理支障行為の禁止)により管理者判断で個別に制限される場合はある。","公式HP":"https://www.town.tako.chiba.jp/","確認日":"2026-08-17","_pref":"千葉県","_cat":"unknown","_color":"#455a64","_opacity":0.9,"_weight":1.5,"_fillColor":"#78909c","_fillOpacity":0.18,"出典1":"千葉県警察 小型無人機(ドローン)等の飛行に関するルール(航空法・小型無人機等飛行禁止法)","出典1_URL":"https://www.police.pref.chiba.jp/keibika/safeLife_drone_rules.html","出典2":"千葉県 県管理海岸(港湾・漁港区域を除く)・河川におけるドローンの利用や撮影について","出典2_URL":"https://www.pref.chiba.lg.jp/kakan/kaigan/drone.html"},"geometry":{"type":"Polygon","coordinates":[[[140.4029,35.7749],[140.4039,35.7749],[140.4049,35.7737],[140.4044,35.7729],[140.4064,35.7702],[140.4082,35.7701],[140.4099,35.7702],[140.4106,35.7713],[140.4106,35.7725],[140.4124,35.773],[140.414,35.7732],[140.4153,35.7738],[140.4167,35.773],[140.4211,35.7733],[140.4231,35.7712],[140.4238,35.7702],[140.4251,35.7699],[140.4246,35.7671],[140.4238,35.7641],[140.4238,35.7624],[140.4233,35.7607],[140.4237,35.7589],[140.4243,35.7579],[140.4245,35.7565],[140.4245,35.7547],[140.4256,35.7532],[140.4272,35.7524],[140.4283,35.751],[140.4288,35.7487],[140.4295,35.7469],[140.4309,35.745],[140.4319,35.7432],[140.4323,35.7416],[140.4326,35.7393],[140.434,35.738],[140.4344,35.7369],[140.4354,35.7354],[140.4352,35.7331],[140.436,35.7309],[140.4356,35.7298],[140.4339,35.727],[140.4332,35.7255],[140.4316,35.7238],[140.4306,35.7232],[140.4295,35.7216],[140.4308,35.7193],[140.432,35.7182],[140.4326,35.7179],[140.4353,35.7177],[140.4369,35.7181],[140.4378,35.718],[140.4402,35.7159],[140.4418,35.7149],[140.4433,35.7125],[140.4444,35.7125],[140.4454,35.7131],[140.4481,35.7129],[140.4484,35.7106],[140.4479,35.7098],[140.4479,35.7089],[140.4493,35.7077],[140.45,35.7061],[140.451,35.7058],[140.4528,35.7063],[140.4538,35.7063],[140.4542,35.7059],[140.4541,35.7048],[140.4545,35.7037],[140.4536,35.7022],[140.4542,35.7015],[140.4539,35.7003],[140.455,35.699],[140.4564,35.6985],[140.4569,35.6975],[140.4579,35.6975],[140.4597,35.6972],[140.4601,35.6961],[140.4598,35.6936],[140.4605,35.6914],[140.461,35.6913],[140.4661,35.692],[140.4672,35.6917],[140.4668,35.6937],[140.4674,35.6951],[140.468,35.6981],[140.4685,35.6989],[140.469,35.7004],[140.4698,35.702],[140.4705,35.7027],[140.471,35.704],[140.473,35.7064],[140.4737,35.7079],[140.4745,35.7086],[140.4755,35.7111],[140.476,35.7117],[140.4773,35.7128],[140.4785,35.7144],[140.4794,35.7152],[140.4804,35.7154],[140.4815,35.716],[140.4815,35.7171],[140.4798,35.7169],[140.4785,35.7178],[140.4806,35.7188],[140.481,35.7218],[140.4834,35.7215],[140.484,35.7213],[140.4865,35.7213],[140.4862,35.7231],[140.4863,35.7246],[140.4875,35.725],[140.4874,35.7255],[140.4883,35.7263],[140.4901,35.7268],[140.4909,35.7273],[140.4925,35.7287],[140.4946,35.7311],[140.4955,35.7318],[140.4988,35.7339],[140.4997,35.7331],[140.5004,35.7331],[140.5032,35.7353],[140.5025,35.7359],[140.5024,35.7394],[140.5032,35.7427],[140.5045,35.7448],[140.5071,35.751],[140.5067,35.7511],[140.5074,35.7532],[140.5071,35.754],[140.5054,35.7548],[140.5055,35.7575],[140.5045,35.7595],[140.5097,35.7608],[140.5159,35.7608],[140.5165,35.7602],[140.5186,35.7563],[140.5193,35.7552],[140.5222,35.7535],[140.5227,35.7544],[140.5245,35.7545],[140.5268,35.754],[140.5274,35.7544],[140.5286,35.7544],[140.5294,35.7555],[140.5294,35.7582],[140.53,35.7591],[140.5303,35.7606],[140.5318,35.7611],[140.5332,35.759],[140.5353,35.7585],[140.5352,35.7581],[140.5362,35.7571],[140.5375,35.7566],[140.5391,35.7568],[140.5398,35.7567],[140.5404,35.7572],[140.5422,35.7572],[140.544,35.7576],[140.545,35.7573],[140.5459,35.7579],[140.5475,35.7579],[140.5488,35.7595],[140.5489,35.7602],[140.5497,35.7609],[140.5505,35.761],[140.55,35.7615],[140.5477,35.7631],[140.5475,35.764],[140.5464,35.7654],[140.546,35.7679],[140.5464,35.7692],[140.5478,35.7699],[140.5478,35.7703],[140.5462,35.7704],[140.5454,35.7702],[140.5434,35.7701],[140.5432,35.7723],[140.5426,35.774],[140.5433,35.7746],[140.5429,35.7754],[140.5417,35.7747],[140.5388,35.7739],[140.5377,35.7741],[140.5371,35.7746],[140.5357,35.7745],[140.5351,35.7749],[140.5342,35.7749],[140.5333,35.7752],[140.533,35.7757],[140.5319,35.7763],[140.5309,35.7771],[140.5285,35.7769],[140.5282,35.7779],[140.5286,35.779],[140.5279,35.7791],[140.5271,35.7785],[140.5259,35.7788],[140.5257,35.7793],[140.5241,35.7796],[140.5232,35.7792],[140.5219,35.7793],[140.5207,35.7811],[140.5193,35.7825],[140.5165,35.7826],[140.5132,35.7813],[140.5124,35.7806],[140.5116,35.7811],[140.5118,35.7832],[140.5109,35.7848],[140.5085,35.7843],[140.507,35.7834],[140.505,35.7837],[140.5047,35.7847],[140.5058,35.7851],[140.5057,35.7857],[140.5042,35.7861],[140.5045,35.7873],[140.5053,35.7883],[140.5052,35.7891],[140.5035,35.7895],[140.5027,35.789],[140.5024,35.7881],[140.501,35.7884],[140.5005,35.789],[140.501,35.7898],[140.5016,35.7896],[140.5021,35.7905],[140.503,35.7903],[140.5032,35.7922],[140.5025,35.7947],[140.5026,35.7961],[140.5005,35.7971],[140.4983,35.7988],[140.4977,35.7995],[140.4967,35.8018],[140.4961,35.8022],[140.4951,35.802],[140.4875,35.7977],[140.485,35.7975],[140.485,35.7964],[140.4842,35.7949],[140.484,35.7939],[140.4807,35.7904],[140.4792,35.7903],[140.4757,35.7903],[140.473,35.7909],[140.4706,35.7916],[140.4692,35.7923],[140.4678,35.7923],[140.4659,35.7918],[140.4678,35.7935],[140.4674,35.7942],[140.468,35.7958],[140.4678,35.7967],[140.4683,35.798],[140.4668,35.7986],[140.4666,35.7989],[140.4643,35.8007],[140.4624,35.8009],[140.4605,35.8026],[140.4592,35.8018],[140.4538,35.8055],[140.4519,35.8071],[140.4456,35.8037],[140.4445,35.8034],[140.4449,35.802],[140.4446,35.8014],[140.4451,35.7997],[140.445,35.7991],[140.4439,35.7955],[140.4432,35.7929],[140.4431,35.7886],[140.4425,35.7876],[140.4419,35.7878],[140.4404,35.7867],[140.4394,35.7866],[140.4392,35.7876],[140.438,35.7873],[140.4365,35.7882],[140.4355,35.7879],[140.4331,35.786],[140.4356,35.7824],[140.4361,35.7819],[140.4362,35.7808],[140.435,35.7805],[140.4303,35.7784],[140.4238,35.7753],[140.4227,35.7756],[140.4206,35.7757],[140.4201,35.7752],[140.4183,35.7752],[140.417,35.7758],[140.4171,35.7769],[140.4177,35.7781],[140.4178,35.7813],[140.414,35.7853],[140.4132,35.7857],[140.4121,35.7859],[140.4106,35.7857],[140.4096,35.7862],[140.4075,35.7865],[140.4049,35.7854],[140.4035,35.7839],[140.4025,35.7839],[140.4022,35.7833],[140.4022,35.7806],[140.4019,35.7788],[140.4025,35.7778],[140.4029,35.7749]]]}},{"type":"Feature","properties":{"name":"東庄町","自治体":"東庄町","区分":"自治体独自の規制は確認されず(国の規制のみ)","規制概要":"公式ページでドローンに関する記載は確認されず(2026-08-17時点)。自治体独自の規制は確認されていないため、国の規制(航空法・小型無人機等飛行禁止法・空域)が適用される。公園条例の一般規定(危険・迷惑・管理支障行為の禁止)により管理者判断で個別に制限される場合はある。","公式HP":"https://www.town.tohnosho.chiba.jp/","確認日":"2026-08-17","_pref":"千葉県","_cat":"unknown","_color":"#455a64","_opacity":0.9,"_weight":1.5,"_fillColor":"#78909c","_fillOpacity":0.18,"出典1":"千葉県警察 小型無人機(ドローン)等の飛行に関するルール(航空法・小型無人機等飛行禁止法)","出典1_URL":"https://www.police.pref.chiba.jp/keibika/safeLife_drone_rules.html","出典2":"千葉県 県管理海岸(港湾・漁港区域を除く)・河川におけるドローンの利用や撮影について","出典2_URL":"https://www.pref.chiba.lg.jp/kakan/kaigan/drone.html"},"geometry":{"type":"Polygon","coordinates":[[[140.7207,35.8135],[140.7193,35.8176],[140.7172,35.8228],[140.715,35.8266],[140.7131,35.8294],[140.7087,35.8342],[140.7066,35.8363],[140.7029,35.8387],[140.6972,35.8424],[140.6907,35.8459],[140.6868,35.8478],[140.6836,35.8491],[140.6758,35.8513],[140.6709,35.8524],[140.6664,35.8532],[140.6559,35.8545],[140.6478,35.8557],[140.6447,35.8466],[140.6446,35.8461],[140.6468,35.8443],[140.6481,35.8421],[140.6486,35.8398],[140.6485,35.8386],[140.648,35.8372],[140.6485,35.8369],[140.6481,35.8361],[140.6488,35.8351],[140.6511,35.8349],[140.6515,35.8342],[140.6504,35.8313],[140.6502,35.83],[140.6503,35.8289],[140.6498,35.8281],[140.6506,35.8274],[140.65,35.8267],[140.6491,35.8266],[140.6482,35.8259],[140.6475,35.8262],[140.6454,35.8261],[140.6449,35.8269],[140.6434,35.8275],[140.6423,35.8268],[140.6418,35.825],[140.6424,35.8221],[140.6425,35.821],[140.6434,35.8195],[140.6433,35.8183],[140.6437,35.8177],[140.6435,35.8157],[140.6445,35.8142],[140.6442,35.8132],[140.6431,35.8108],[140.6426,35.81],[140.6419,35.8098],[140.6407,35.8102],[140.6402,35.811],[140.6391,35.8107],[140.6376,35.8096],[140.635,35.8082],[140.6343,35.8082],[140.6339,35.8028],[140.6241,35.8004],[140.6246,35.7993],[140.624,35.7982],[140.6231,35.7978],[140.6228,35.7971],[140.6238,35.796],[140.6246,35.7937],[140.6276,35.7937],[140.6286,35.7944],[140.6296,35.7947],[140.6312,35.7941],[140.6308,35.7935],[140.631,35.7923],[140.633,35.7917],[140.6342,35.7903],[140.6343,35.7891],[140.6358,35.7876],[140.6375,35.7872],[140.6378,35.7863],[140.6384,35.7859],[140.6419,35.7866],[140.644,35.7876],[140.6464,35.7879],[140.6481,35.7874],[140.651,35.7874],[140.6517,35.7864],[140.6515,35.7855],[140.6526,35.7854],[140.6528,35.7872],[140.6516,35.7886],[140.652,35.79],[140.6526,35.7912],[140.654,35.7914],[140.6542,35.7899],[140.6548,35.7882],[140.6578,35.7829],[140.6619,35.7749],[140.6626,35.7752],[140.6651,35.7717],[140.6707,35.7654],[140.6733,35.7718],[140.6739,35.7726],[140.6759,35.7728],[140.6821,35.7768],[140.6833,35.7777],[140.6824,35.7786],[140.6844,35.7804],[140.6855,35.7809],[140.6873,35.7829],[140.6895,35.7808],[140.6918,35.7813],[140.6932,35.7802],[140.698,35.7762],[140.6968,35.775],[140.6976,35.7744],[140.6992,35.7745],[140.6996,35.7742],[140.7024,35.7773],[140.703,35.7785],[140.7035,35.7786],[140.7043,35.7794],[140.7043,35.7801],[140.705,35.7814],[140.7049,35.7838],[140.7041,35.784],[140.7026,35.785],[140.701,35.7854],[140.7003,35.785],[140.6996,35.7855],[140.6997,35.7871],[140.7003,35.7892],[140.7008,35.7914],[140.7007,35.792],[140.6998,35.7928],[140.6955,35.7936],[140.6925,35.7943],[140.6903,35.7944],[140.69,35.7962],[140.6904,35.7973],[140.6915,35.7986],[140.6917,35.7996],[140.6926,35.8009],[140.6922,35.8012],[140.6924,35.8031],[140.6928,35.8044],[140.6946,35.8048],[140.6986,35.8054],[140.7,35.806],[140.7027,35.8061],[140.7042,35.8067],[140.7049,35.8074],[140.7062,35.8076],[140.7062,35.8083],[140.7069,35.8088],[140.7094,35.809],[140.7143,35.8105],[140.7173,35.8121],[140.7207,35.8135]],[[140.6553,35.8056],[140.6556,35.8037],[140.6562,35.8038],[140.6566,35.8023],[140.656,35.8009],[140.6541,35.8007],[140.6532,35.7986],[140.6522,35.7986],[140.6517,35.7981],[140.651,35.7965],[140.6487,35.7969],[140.6487,35.7977],[140.6471,35.7976],[140.6465,35.7978],[140.6471,35.7986],[140.6493,35.7975],[140.6501,35.7986],[140.6501,35.7995],[140.6511,35.7999],[140.6523,35.7998],[140.6534,35.8002],[140.6535,35.8018],[140.6522,35.8018],[140.6518,35.8023],[140.6543,35.8033],[140.6542,35.8055],[140.6553,35.8056]],[[140.6461,35.7984],[140.646,35.7988],[140.6466,35.7987],[140.6461,35.7984]]]}},{"type":"Feature","properties":{"name":"九十九里町","自治体":"九十九里町","区分":"許可・届出制/施設ごとに要相談","規制概要":"片貝・不動堂海水浴場の注意事項で、海水浴場内での無人航空機(ドローン等)使用を禁止。海水浴場エリアに限定。","公式HP":"https://www.town.kujukuri.chiba.jp/","確認日":"2026-08-17","_pref":"千葉県","_cat":"restricted","_color":"#006064","_opacity":0.9,"_weight":1.5,"_fillColor":"#00838f","_fillOpacity":0.4,"出典1":"九十九里町 海水浴場利用時の注意事項","出典1_URL":"https://www.town.kujukuri.chiba.jp/0000008988.html","出典1_引用":"海水浴場内で有人航空機（パラグライダー等）および無人航空機（ドローン、ラジコン機等）を使用しないこと。"},"geometry":{"type":"MultiPolygon","coordinates":[[[[140.4041,35.5092],[140.4078,35.5074],[140.415,35.5043],[140.4225,35.5046],[140.4231,35.5044],[140.4226,35.5025],[140.4229,35.5011],[140.4248,35.5002],[140.4262,35.4998],[140.4305,35.4981],[140.4311,35.4985],[140.4328,35.501],[140.4332,35.5019],[140.4373,35.5077],[140.4375,35.5083],[140.4397,35.5112],[140.4421,35.5149],[140.4443,35.5176],[140.4459,35.5199],[140.4476,35.5221],[140.449,35.5237],[140.4498,35.5242],[140.4513,35.5247],[140.4522,35.5255],[140.452,35.5264],[140.4533,35.5284],[140.4552,35.5293],[140.4549,35.53],[140.4561,35.5313],[140.4578,35.5328],[140.4586,35.5336],[140.4596,35.5342],[140.4602,35.5341],[140.461,35.535],[140.4623,35.5356],[140.4638,35.5353],[140.465,35.5357],[140.4655,35.5366],[140.4648,35.5379],[140.4651,35.5393],[140.4661,35.5412],[140.4687,35.5453],[140.4701,35.5472],[140.4654,35.55],[140.4634,35.5511],[140.4629,35.5519],[140.4601,35.5541],[140.461,35.5548],[140.4591,35.5565],[140.4582,35.5558],[140.4561,35.5575],[140.4571,35.5583],[140.4561,35.5588],[140.4544,35.5602],[140.4535,35.5591],[140.4517,35.5606],[140.4526,35.5614],[140.4513,35.5628],[140.4505,35.5622],[140.4492,35.5634],[140.4494,35.5641],[140.4485,35.5647],[140.4473,35.5639],[140.4426,35.5673],[140.4418,35.5666],[140.4393,35.5685],[140.4373,35.5691],[140.4366,35.57],[140.435,35.5677],[140.4358,35.5664],[140.4347,35.5647],[140.4338,35.5624],[140.4329,35.561],[140.4327,35.5604],[140.4332,35.5592],[140.4339,35.5586],[140.4341,35.5567],[140.4308,35.5575],[140.4303,35.5571],[140.4285,35.5577],[140.4273,35.5565],[140.4265,35.5553],[140.4277,35.555],[140.4287,35.5551],[140.4272,35.5526],[140.4277,35.5522],[140.4273,35.5514],[140.4252,35.5518],[140.4226,35.5512],[140.423,35.5517],[140.4212,35.5524],[140.4199,35.5513],[140.4191,35.5516],[140.4185,35.5507],[140.4189,35.55],[140.42,35.5492],[140.4211,35.549],[140.4219,35.5481],[140.4221,35.5471],[140.4215,35.5456],[140.42,35.5434],[140.4213,35.5428],[140.4207,35.5419],[140.4195,35.5416],[140.4192,35.5395],[140.4213,35.5389],[140.4198,35.5365],[140.4205,35.5361],[140.4197,35.5348],[140.4191,35.5328],[140.4153,35.5278],[140.4151,35.5271],[140.4094,35.53],[140.4084,35.5302],[140.4077,35.529],[140.407,35.5287],[140.4047,35.5298],[140.4041,35.5291],[140.403,35.5296],[140.4017,35.5293],[140.4004,35.5286],[140.3997,35.5295],[140.3963,35.5325],[140.3975,35.5338],[140.3984,35.5344],[140.3967,35.5358],[140.3957,35.5337],[140.3956,35.5325],[140.3967,35.5307],[140.3951,35.5284],[140.3946,35.529],[140.3947,35.5309],[140.3943,35.5314],[140.3931,35.5302],[140.3933,35.5289],[140.3919,35.5301],[140.3919,35.5293],[140.3904,35.5281],[140.3884,35.5289],[140.3887,35.5281],[140.3882,35.5267],[140.3904,35.5258],[140.3914,35.5267],[140.3923,35.5264],[140.3956,35.5249],[140.3975,35.5236],[140.401,35.522],[140.4017,35.5231],[140.403,35.5222],[140.4063,35.5211],[140.4078,35.5203],[140.4104,35.5186],[140.4102,35.5183],[140.4067,35.5141],[140.4061,35.5126],[140.4046,35.5116],[140.4055,35.5111],[140.4052,35.5104],[140.4041,35.5092]]],[[[140.3834,35.5344],[140.384,35.5335],[140.3846,35.5337],[140.3852,35.5322],[140.3864,35.5312],[140.3873,35.5308],[140.3878,35.5297],[140.3902,35.5316],[140.3902,35.5323],[140.388,35.5342],[140.3875,35.5339],[140.3854,35.5358],[140.3842,35.5353],[140.3845,35.5347],[140.3834,35.5344]]],[[[140.3919,35.5306],[140.3926,35.53],[140.3932,35.5305],[140.3922,35.5309],[140.3919,35.5306]]]]}},{"type":"Feature","properties":{"name":"芝山町","自治体":"芝山町","区分":"許可・届出制/施設ごとに要相談","規制概要":"「ひこうきの丘の設置及び管理に関する条例」の禁止行為にドローン等の使用を明記。当該施設(展望施設)に限定。","公式HP":"https://www.town.shibayama.lg.jp/","確認日":"2026-08-17","_pref":"千葉県","_cat":"restricted","_color":"#006064","_opacity":0.9,"_weight":1.5,"_fillColor":"#00838f","_fillOpacity":0.4,"出典1":"芝山町 ひこうきの丘の使用について 禁止行為","出典1_URL":"https://www.town.shibayama.lg.jp/0000002575.html","出典1_引用":"（8）ドローン等の使用"},"geometry":{"type":"Polygon","coordinates":[[[140.3679,35.7312],[140.3679,35.7306],[140.3666,35.7288],[140.3663,35.7281],[140.3659,35.7259],[140.3694,35.7243],[140.3711,35.7231],[140.3717,35.7234],[140.3751,35.724],[140.3763,35.7245],[140.3774,35.7247],[140.3777,35.724],[140.3774,35.722],[140.376,35.7208],[140.3757,35.7199],[140.3762,35.7195],[140.3775,35.7162],[140.3787,35.7144],[140.3825,35.714],[140.3836,35.7143],[140.3863,35.7132],[140.3854,35.7126],[140.3844,35.7094],[140.3831,35.7086],[140.3835,35.7069],[140.3833,35.706],[140.3824,35.7036],[140.3818,35.7035],[140.3799,35.7022],[140.3782,35.7021],[140.3762,35.7014],[140.373,35.7008],[140.3739,35.6993],[140.3759,35.6976],[140.3762,35.6968],[140.3785,35.6943],[140.3803,35.6933],[140.382,35.6936],[140.3829,35.6927],[140.3839,35.691],[140.3855,35.6906],[140.3852,35.6896],[140.3872,35.6893],[140.3875,35.6897],[140.3893,35.69],[140.3897,35.6903],[140.3924,35.6899],[140.3932,35.6893],[140.3936,35.6886],[140.3929,35.6872],[140.3933,35.6871],[140.394,35.6884],[140.3939,35.6892],[140.3929,35.69],[140.3942,35.6916],[140.397,35.6911],[140.3978,35.6906],[140.3998,35.6899],[140.4002,35.6909],[140.4013,35.6905],[140.4037,35.6909],[140.4045,35.6919],[140.4053,35.6903],[140.4052,35.6888],[140.4038,35.6887],[140.4028,35.6883],[140.4017,35.6885],[140.4012,35.688],[140.4004,35.6851],[140.4011,35.6842],[140.4013,35.6833],[140.4009,35.682],[140.3998,35.6804],[140.4008,35.6798],[140.4024,35.679],[140.4052,35.6784],[140.4073,35.6775],[140.4076,35.6772],[140.4079,35.6756],[140.4088,35.6748],[140.4099,35.6747],[140.4126,35.675],[140.4142,35.6765],[140.4154,35.6782],[140.4154,35.6787],[140.4165,35.6795],[140.4171,35.6799],[140.4165,35.6806],[140.4172,35.6817],[140.419,35.6822],[140.4194,35.6825],[140.4196,35.6839],[140.4211,35.6839],[140.4223,35.6842],[140.4229,35.6856],[140.4255,35.6861],[140.4274,35.687],[140.4285,35.6885],[140.4333,35.6893],[140.4352,35.6925],[140.4392,35.6936],[140.4458,35.6972],[140.4453,35.6979],[140.4462,35.6983],[140.4471,35.698],[140.4515,35.6968],[140.4543,35.6989],[140.455,35.699],[140.4539,35.7003],[140.4542,35.7015],[140.4536,35.7022],[140.4545,35.7037],[140.4541,35.7048],[140.4542,35.7059],[140.4538,35.7063],[140.4528,35.7063],[140.451,35.7058],[140.45,35.7061],[140.4493,35.7077],[140.4479,35.7089],[140.4479,35.7098],[140.4484,35.7106],[140.4481,35.7129],[140.4454,35.7131],[140.4444,35.7125],[140.4433,35.7125],[140.4418,35.7149],[140.4402,35.7159],[140.4378,35.718],[140.4369,35.7181],[140.4353,35.7177],[140.4326,35.7179],[140.432,35.7182],[140.4308,35.7193],[140.4295,35.7216],[140.4306,35.7232],[140.4316,35.7238],[140.4332,35.7255],[140.4339,35.727],[140.4356,35.7298],[140.436,35.7309],[140.4352,35.7331],[140.4354,35.7354],[140.4344,35.7369],[140.434,35.738],[140.4326,35.7393],[140.4323,35.7416],[140.4319,35.7432],[140.4309,35.745],[140.4295,35.7469],[140.4288,35.7487],[140.4283,35.751],[140.4272,35.7524],[140.4256,35.7532],[140.4245,35.7547],[140.4245,35.7565],[140.4243,35.7579],[140.4237,35.7589],[140.4233,35.7607],[140.4238,35.7624],[140.4238,35.7641],[140.4246,35.7671],[140.4251,35.7699],[140.4238,35.7702],[140.4231,35.7712],[140.4211,35.7733],[140.4167,35.773],[140.4153,35.7738],[140.414,35.7732],[140.4124,35.773],[140.4106,35.7725],[140.4106,35.7713],[140.4099,35.7702],[140.4082,35.7701],[140.4064,35.7702],[140.4044,35.7729],[140.4049,35.7737],[140.4039,35.7749],[140.4029,35.7749],[140.3975,35.7729],[140.3964,35.7724],[140.3959,35.7719],[140.3955,35.7706],[140.395,35.7702],[140.395,35.769],[140.3935,35.7679],[140.3936,35.7675],[140.3953,35.7662],[140.3974,35.7647],[140.3995,35.7641],[140.3998,35.7634],[140.3969,35.7617],[140.3967,35.7613],[140.3969,35.7594],[140.3964,35.7584],[140.3959,35.7567],[140.3947,35.7562],[140.3938,35.7573],[140.3905,35.7581],[140.3905,35.7576],[140.393,35.7572],[140.3939,35.7567],[140.3943,35.7558],[140.3978,35.755],[140.4008,35.7537],[140.402,35.7533],[140.4018,35.7521],[140.4005,35.7491],[140.4007,35.7464],[140.4005,35.7453],[140.4009,35.7441],[140.4014,35.7431],[140.4031,35.7428],[140.4032,35.7417],[140.4025,35.7409],[140.402,35.7409],[140.3996,35.7421],[140.3989,35.7421],[140.3981,35.7413],[140.3972,35.7418],[140.3964,35.7406],[140.395,35.741],[140.3936,35.7404],[140.3926,35.7408],[140.3915,35.7403],[140.3909,35.7408],[140.3897,35.7413],[140.3885,35.7422],[140.3878,35.7421],[140.385,35.7407],[140.3855,35.7393],[140.3853,35.7381],[140.3849,35.7375],[140.3845,35.7361],[140.3848,35.7349],[140.3868,35.7315],[140.3891,35.7299],[140.3886,35.729],[140.39,35.7291],[140.3924,35.7295],[140.3932,35.7288],[140.3933,35.7277],[140.3918,35.7278],[140.3915,35.7268],[140.3898,35.7259],[140.387,35.7233],[140.3844,35.7255],[140.3828,35.7266],[140.382,35.7267],[140.3816,35.7273],[140.3806,35.7277],[140.3794,35.7287],[140.3785,35.7301],[140.3785,35.7306],[140.3795,35.7323],[140.3795,35.733],[140.3789,35.7345],[140.3782,35.7354],[140.3773,35.7371],[140.3767,35.7379],[140.3744,35.7384],[140.368,35.7394],[140.3677,35.7333],[140.3679,35.7312]]]}},{"type":"Feature","properties":{"name":"横芝光町","自治体":"横芝光町","区分":"自治体独自の規制は確認されず(国の規制のみ)","規制概要":"公式ページでドローンに関する記載は確認されず(2026-08-17時点)。自治体独自の規制は確認されていないため、国の規制(航空法・小型無人機等飛行禁止法・空域)が適用される。公園条例の一般規定(危険・迷惑・管理支障行為の禁止)により管理者判断で個別に制限される場合はある。","公式HP":"https://www.town.yokoshibahikari.chiba.jp/","確認日":"2026-08-17","_pref":"千葉県","_cat":"unknown","_color":"#455a64","_opacity":0.9,"_weight":1.5,"_fillColor":"#78909c","_fillOpacity":0.18,"出典1":"千葉県警察 小型無人機(ドローン)等の飛行に関するルール(航空法・小型無人機等飛行禁止法)","出典1_URL":"https://www.police.pref.chiba.jp/keibika/safeLife_drone_rules.html","出典2":"千葉県 県管理海岸(港湾・漁港区域を除く)・河川におけるドローンの利用や撮影について","出典2_URL":"https://www.pref.chiba.lg.jp/kakan/kaigan/drone.html"},"geometry":{"type":"Polygon","coordinates":[[[140.4865,35.7213],[140.484,35.7213],[140.4834,35.7215],[140.481,35.7218],[140.4806,35.7188],[140.4785,35.7178],[140.4798,35.7169],[140.4815,35.7171],[140.4815,35.716],[140.4804,35.7154],[140.4794,35.7152],[140.4785,35.7144],[140.4773,35.7128],[140.476,35.7117],[140.4755,35.7111],[140.4745,35.7086],[140.4737,35.7079],[140.473,35.7064],[140.471,35.704],[140.4705,35.7027],[140.4698,35.702],[140.469,35.7004],[140.4685,35.6989],[140.468,35.6981],[140.4674,35.6951],[140.4668,35.6937],[140.4672,35.6917],[140.4661,35.692],[140.461,35.6913],[140.4605,35.6914],[140.4598,35.6936],[140.4601,35.6961],[140.4597,35.6972],[140.4579,35.6975],[140.4569,35.6975],[140.4564,35.6985],[140.455,35.699],[140.4543,35.6989],[140.4515,35.6968],[140.4471,35.698],[140.4462,35.6983],[140.4453,35.6979],[140.4458,35.6972],[140.4392,35.6936],[140.4352,35.6925],[140.4333,35.6893],[140.4285,35.6885],[140.4274,35.687],[140.4255,35.6861],[140.4229,35.6856],[140.4223,35.6842],[140.4211,35.6839],[140.4196,35.6839],[140.4194,35.6825],[140.419,35.6822],[140.4172,35.6817],[140.4165,35.6806],[140.4171,35.6799],[140.4165,35.6795],[140.4177,35.6791],[140.4194,35.6778],[140.4218,35.6783],[140.4233,35.6793],[140.4237,35.6801],[140.4247,35.68],[140.4275,35.6793],[140.4284,35.68],[140.4291,35.6784],[140.4304,35.6775],[140.4319,35.6775],[140.4326,35.6768],[140.433,35.6756],[140.4347,35.6737],[140.4363,35.6725],[140.4357,35.6722],[140.4361,35.6699],[140.4355,35.6671],[140.4377,35.6659],[140.4385,35.6647],[140.439,35.6646],[140.4395,35.662],[140.4415,35.659],[140.4432,35.6604],[140.4439,35.6615],[140.4455,35.6622],[140.4462,35.6618],[140.4477,35.6627],[140.4494,35.663],[140.4489,35.6641],[140.45,35.6651],[140.4507,35.666],[140.4521,35.6651],[140.4525,35.6659],[140.4534,35.6657],[140.4536,35.6651],[140.4545,35.6646],[140.4555,35.6643],[140.4568,35.6645],[140.4581,35.6641],[140.46,35.6626],[140.4662,35.66],[140.4666,35.6598],[140.4709,35.6564],[140.4729,35.6576],[140.4751,35.6576],[140.476,35.6573],[140.4777,35.6559],[140.479,35.6542],[140.4785,35.6533],[140.4747,35.6512],[140.4701,35.647],[140.4673,35.645],[140.4661,35.6438],[140.4724,35.6397],[140.4721,35.6394],[140.4756,35.6371],[140.4769,35.6372],[140.4805,35.6355],[140.4819,35.6343],[140.4818,35.6334],[140.4827,35.6336],[140.4841,35.6324],[140.4867,35.6311],[140.4878,35.6308],[140.4907,35.633],[140.4923,35.6344],[140.4954,35.6368],[140.4975,35.6356],[140.5001,35.6328],[140.4987,35.6314],[140.5009,35.6287],[140.5002,35.6283],[140.5008,35.6276],[140.5001,35.6267],[140.5013,35.6251],[140.5019,35.6247],[140.5014,35.6241],[140.4994,35.6238],[140.4981,35.6249],[140.4962,35.6253],[140.4917,35.6218],[140.4921,35.6207],[140.4912,35.6202],[140.4922,35.619],[140.4906,35.6181],[140.491,35.6175],[140.4902,35.617],[140.4914,35.6159],[140.4935,35.6144],[140.493,35.6137],[140.4936,35.6128],[140.4966,35.6103],[140.5068,35.6171],[140.5095,35.6165],[140.5107,35.614],[140.5113,35.6141],[140.5128,35.6129],[140.5126,35.6127],[140.5155,35.6112],[140.5178,35.6113],[140.5187,35.6109],[140.5178,35.6099],[140.519,35.6085],[140.5227,35.6051],[140.5241,35.6038],[140.5256,35.6021],[140.5267,35.6032],[140.5273,35.6033],[140.531,35.6062],[140.5335,35.6078],[140.5339,35.6087],[140.5359,35.6097],[140.538,35.6116],[140.5394,35.6126],[140.5404,35.6137],[140.5421,35.6149],[140.5436,35.6162],[140.5444,35.6167],[140.5463,35.6183],[140.5474,35.619],[140.5498,35.621],[140.551,35.6219],[140.5555,35.6253],[140.5578,35.627],[140.5594,35.6279],[140.5585,35.6289],[140.5536,35.6334],[140.5523,35.6348],[140.5523,35.6352],[140.5501,35.6367],[140.5478,35.6391],[140.5469,35.6385],[140.546,35.6386],[140.5446,35.6395],[140.5422,35.6423],[140.5388,35.6467],[140.5383,35.6466],[140.5369,35.6482],[140.5338,35.6509],[140.5336,35.6512],[140.5333,35.6538],[140.5317,35.6554],[140.5325,35.656],[140.5319,35.6566],[140.5311,35.656],[140.5299,35.6572],[140.5332,35.6594],[140.5332,35.6596],[140.5351,35.6603],[140.5348,35.6608],[140.5373,35.6618],[140.5371,35.6622],[140.5389,35.6629],[140.5417,35.6652],[140.5408,35.6668],[140.5389,35.6662],[140.5384,35.6672],[140.5396,35.6678],[140.5383,35.6697],[140.5377,35.6693],[140.5363,35.6698],[140.5354,35.6696],[140.5336,35.6698],[140.5329,35.671],[140.532,35.6707],[140.5309,35.6727],[140.5324,35.6735],[140.5285,35.676],[140.5274,35.6775],[140.5263,35.6781],[140.5253,35.6804],[140.5239,35.6799],[140.524,35.6789],[140.5197,35.6758],[140.5196,35.6747],[140.5184,35.6737],[140.5162,35.6737],[140.5148,35.6747],[140.5122,35.6772],[140.5138,35.6779],[140.5158,35.6784],[140.516,35.6786],[140.514,35.681],[140.5154,35.6814],[140.5146,35.6829],[140.5144,35.6838],[140.5128,35.6837],[140.5124,35.6849],[140.5111,35.6848],[140.5091,35.684],[140.507,35.6848],[140.5043,35.6859],[140.5049,35.6869],[140.5039,35.6874],[140.5042,35.6879],[140.5034,35.6884],[140.5037,35.689],[140.503,35.6893],[140.5032,35.6906],[140.5018,35.6908],[140.5007,35.6921],[140.5015,35.6929],[140.5012,35.6945],[140.4993,35.6976],[140.4991,35.6982],[140.5006,35.6989],[140.5,35.6996],[140.5002,35.7015],[140.5006,35.7024],[140.5005,35.7033],[140.5009,35.7039],[140.502,35.7043],[140.5024,35.705],[140.5021,35.7056],[140.5027,35.706],[140.5015,35.708],[140.5003,35.7092],[140.5002,35.71],[140.4996,35.7101],[140.4973,35.711],[140.4959,35.7111],[140.4949,35.7118],[140.4951,35.7129],[140.4928,35.7132],[140.4924,35.7138],[140.487,35.7188],[140.4865,35.7213]],[[140.519,35.673],[140.5174,35.6721],[140.5169,35.6725],[140.5184,35.6734],[140.519,35.673]]]}},{"type":"Feature","properties":{"name":"一宮町","自治体":"一宮町","区分":"自治体独自の規制は確認されず(国の規制のみ)","規制概要":"公式ページでドローンに関する記載は確認されず(2026-08-17時点)。自治体独自の規制は確認されていないため、国の規制(航空法・小型無人機等飛行禁止法・空域)が適用される。公園条例の一般規定(危険・迷惑・管理支障行為の禁止)により管理者判断で個別に制限される場合はある。","公式HP":"https://www.town.ichinomiya.chiba.jp/","確認日":"2026-08-17","_pref":"千葉県","_cat":"unknown","_color":"#455a64","_opacity":0.9,"_weight":1.5,"_fillColor":"#78909c","_fillOpacity":0.18,"出典1":"千葉県警察 小型無人機(ドローン)等の飛行に関するルール(航空法・小型無人機等飛行禁止法)","出典1_URL":"https://www.police.pref.chiba.jp/keibika/safeLife_drone_rules.html","出典2":"千葉県 県管理海岸(港湾・漁港区域を除く)・河川におけるドローンの利用や撮影について","出典2_URL":"https://www.pref.chiba.lg.jp/kakan/kaigan/drone.html"},"geometry":{"type":"Polygon","coordinates":[[[140.3977,35.3305],[140.3966,35.3318],[140.3952,35.3348],[140.3945,35.3378],[140.3938,35.3413],[140.3945,35.3427],[140.3937,35.3435],[140.3927,35.3453],[140.3926,35.3478],[140.3928,35.3485],[140.3923,35.3497],[140.3925,35.3512],[140.3928,35.3521],[140.3921,35.3534],[140.3918,35.3556],[140.3917,35.3573],[140.3922,35.359],[140.3917,35.3599],[140.3913,35.362],[140.3913,35.3641],[140.3919,35.3657],[140.3913,35.3667],[140.3911,35.3677],[140.3909,35.3718],[140.3913,35.373],[140.3923,35.3742],[140.3924,35.3747],[140.3916,35.3755],[140.3914,35.3768],[140.3915,35.3799],[140.3928,35.3824],[140.3923,35.3831],[140.3914,35.3833],[140.3881,35.3851],[140.3887,35.3865],[140.3867,35.3868],[140.3871,35.3877],[140.3881,35.3878],[140.3883,35.3883],[140.3883,35.3904],[140.3868,35.3904],[140.3866,35.3914],[140.3847,35.3914],[140.3848,35.3905],[140.3837,35.3905],[140.3836,35.3893],[140.3807,35.3881],[140.3803,35.3876],[140.3786,35.3875],[140.3786,35.3885],[140.3762,35.3885],[140.3765,35.39],[140.3749,35.3902],[140.3742,35.3898],[140.3717,35.3899],[140.3693,35.3899],[140.3701,35.3885],[140.3653,35.3892],[140.3647,35.3866],[140.3641,35.3857],[140.3607,35.3861],[140.3597,35.3854],[140.359,35.3846],[140.3582,35.3847],[140.358,35.3831],[140.3576,35.3826],[140.3575,35.3817],[140.3563,35.3818],[140.3551,35.3816],[140.3522,35.3808],[140.351,35.3809],[140.3502,35.3798],[140.3485,35.3791],[140.3481,35.3777],[140.3471,35.3771],[140.3456,35.3772],[140.3445,35.3787],[140.3438,35.3776],[140.3419,35.3767],[140.3414,35.3754],[140.3408,35.3749],[140.3403,35.3725],[140.341,35.372],[140.342,35.3722],[140.3423,35.3731],[140.3453,35.3726],[140.3461,35.372],[140.3458,35.3706],[140.348,35.3705],[140.3483,35.3691],[140.3474,35.3673],[140.3477,35.3663],[140.3478,35.3648],[140.3469,35.3652],[140.3469,35.3661],[140.3454,35.3671],[140.3449,35.3663],[140.3461,35.3651],[140.3462,35.3644],[140.3455,35.3636],[140.3442,35.3633],[140.3443,35.3625],[140.344,35.3614],[140.3434,35.3613],[140.3422,35.3598],[140.3426,35.3591],[140.3424,35.3583],[140.3413,35.3569],[140.3417,35.3541],[140.3426,35.3541],[140.3442,35.3535],[140.3443,35.3518],[140.344,35.35],[140.3432,35.3494],[140.3434,35.3485],[140.3433,35.3473],[140.3419,35.3454],[140.3441,35.3457],[140.3448,35.346],[140.3456,35.3453],[140.3471,35.3454],[140.3491,35.346],[140.3493,35.3456],[140.3505,35.345],[140.3514,35.3453],[140.3517,35.3459],[140.3533,35.3457],[140.3537,35.3453],[140.3552,35.3445],[140.3569,35.3447],[140.3576,35.3437],[140.36,35.3434],[140.3638,35.3442],[140.3643,35.3435],[140.3656,35.3434],[140.3662,35.3424],[140.3685,35.343],[140.369,35.342],[140.3713,35.342],[140.3714,35.3431],[140.3735,35.3433],[140.3744,35.3427],[140.3741,35.3411],[140.3743,35.3403],[140.3736,35.3394],[140.3729,35.3371],[140.373,35.3364],[140.3721,35.3357],[140.3725,35.3347],[140.3715,35.3339],[140.3717,35.3329],[140.3725,35.3322],[140.3725,35.3317],[140.3718,35.3302],[140.3722,35.3292],[140.3733,35.3288],[140.3739,35.3289],[140.3757,35.3302],[140.3768,35.3305],[140.3829,35.3303],[140.3849,35.331],[140.3851,35.3317],[140.386,35.3316],[140.3864,35.333],[140.3863,35.3335],[140.3878,35.3348],[140.3893,35.334],[140.3908,35.3329],[140.392,35.3325],[140.3919,35.3317],[140.3924,35.331],[140.393,35.3307],[140.3943,35.3308],[140.3965,35.3299],[140.3977,35.3305]]]}},{"type":"Feature","properties":{"name":"睦沢町","自治体":"睦沢町","区分":"自治体独自の規制は確認されず(国の規制のみ)","規制概要":"公式ページでドローンに関する記載は確認されず(2026-08-17時点)。自治体独自の規制は確認されていないため、国の規制(航空法・小型無人機等飛行禁止法・空域)が適用される。公園条例の一般規定(危険・迷惑・管理支障行為の禁止)により管理者判断で個別に制限される場合はある。","公式HP":"https://www.town.mutsuzawa.chiba.jp/","確認日":"2026-08-17","_pref":"千葉県","_cat":"unknown","_color":"#455a64","_opacity":0.9,"_weight":1.5,"_fillColor":"#78909c","_fillOpacity":0.18,"出典1":"千葉県警察 小型無人機(ドローン)等の飛行に関するルール(航空法・小型無人機等飛行禁止法)","出典1_URL":"https://www.police.pref.chiba.jp/keibika/safeLife_drone_rules.html","出典2":"千葉県 県管理海岸(港湾・漁港区域を除く)・河川におけるドローンの利用や撮影について","出典2_URL":"https://www.pref.chiba.lg.jp/kakan/kaigan/drone.html"},"geometry":{"type":"MultiPolygon","coordinates":[[[[140.308,35.3822],[140.3095,35.3808],[140.309,35.3801],[140.308,35.3795],[140.3052,35.3791],[140.3065,35.3784],[140.306,35.3771],[140.3061,35.3762],[140.3068,35.3756],[140.3069,35.3746],[140.3074,35.3743],[140.3074,35.3734],[140.3082,35.3723],[140.308,35.3716],[140.3088,35.3706],[140.3093,35.3703],[140.3098,35.3694],[140.3095,35.3683],[140.3102,35.3679],[140.3094,35.3669],[140.3093,35.3656],[140.3086,35.3656],[140.3068,35.3646],[140.3071,35.3628],[140.305,35.3616],[140.3035,35.3619],[140.3012,35.3627],[140.2999,35.3635],[140.2981,35.3627],[140.2954,35.3619],[140.2946,35.3622],[140.2923,35.3612],[140.2917,35.3615],[140.2907,35.3607],[140.2893,35.3607],[140.288,35.3614],[140.287,35.361],[140.2861,35.361],[140.2847,35.3598],[140.2837,35.3605],[140.283,35.3606],[140.2804,35.3595],[140.2798,35.3584],[140.2782,35.3581],[140.2774,35.3588],[140.2767,35.3586],[140.2753,35.3587],[140.2743,35.3592],[140.2743,35.36],[140.2732,35.3602],[140.2721,35.3583],[140.2725,35.3571],[140.2719,35.3567],[140.2697,35.3562],[140.2687,35.3551],[140.2676,35.3535],[140.2677,35.3528],[140.2672,35.351],[140.2657,35.35],[140.2651,35.3499],[140.2652,35.3489],[140.2639,35.3471],[140.2626,35.3465],[140.2624,35.3455],[140.2608,35.3431],[140.2601,35.343],[140.2598,35.3418],[140.2588,35.341],[140.2576,35.3393],[140.2562,35.3384],[140.2546,35.3392],[140.2533,35.339],[140.253,35.3377],[140.2521,35.337],[140.2524,35.3353],[140.2518,35.3345],[140.2524,35.3326],[140.2521,35.3304],[140.2529,35.3289],[140.2521,35.3264],[140.2515,35.3258],[140.2513,35.3244],[140.2514,35.3238],[140.2509,35.3223],[140.2512,35.3217],[140.2511,35.3201],[140.2518,35.3198],[140.252,35.319],[140.253,35.3179],[140.2531,35.3172],[140.2552,35.3181],[140.2561,35.3189],[140.2568,35.3189],[140.2573,35.318],[140.2592,35.3183],[140.2594,35.317],[140.2605,35.3169],[140.2612,35.3163],[140.2619,35.3145],[140.2626,35.3136],[140.2639,35.3134],[140.2641,35.3144],[140.2661,35.3148],[140.2666,35.3153],[140.2681,35.3154],[140.2696,35.3151],[140.2695,35.3144],[140.2707,35.3134],[140.2713,35.3134],[140.2726,35.3146],[140.2729,35.3153],[140.2742,35.3165],[140.2751,35.3164],[140.2766,35.3182],[140.2777,35.319],[140.2795,35.3189],[140.28,35.3197],[140.2812,35.3196],[140.2824,35.3188],[140.2838,35.3198],[140.2843,35.3188],[140.2851,35.3188],[140.2864,35.3208],[140.2877,35.3204],[140.2891,35.3214],[140.2899,35.3227],[140.2904,35.3243],[140.2913,35.3245],[140.292,35.3256],[140.2917,35.3269],[140.2918,35.3294],[140.2937,35.3301],[140.2943,35.3334],[140.2961,35.3355],[140.297,35.3357],[140.2984,35.3354],[140.2994,35.3359],[140.3,35.3368],[140.3011,35.3378],[140.3018,35.3376],[140.3035,35.3387],[140.3043,35.3385],[140.3055,35.3369],[140.3068,35.3375],[140.3072,35.3385],[140.3085,35.3392],[140.3086,35.3401],[140.3107,35.3414],[140.3132,35.3412],[140.3135,35.3419],[140.3144,35.3427],[140.3153,35.3443],[140.3162,35.3446],[140.3166,35.3443],[140.318,35.3443],[140.3181,35.3457],[140.3201,35.3455],[140.3212,35.3459],[140.323,35.3452],[140.3232,35.3445],[140.3249,35.3454],[140.3267,35.3436],[140.3274,35.3437],[140.328,35.3445],[140.3288,35.3434],[140.3308,35.3438],[140.332,35.3426],[140.3329,35.3431],[140.3332,35.3441],[140.3341,35.3443],[140.3355,35.3429],[140.3361,35.3429],[140.3368,35.3423],[140.3378,35.3423],[140.3384,35.3433],[140.3399,35.3436],[140.3413,35.3454],[140.3419,35.3454],[140.3433,35.3473],[140.3434,35.3485],[140.3432,35.3494],[140.344,35.35],[140.3443,35.3518],[140.3442,35.3535],[140.3426,35.3541],[140.3417,35.3541],[140.3413,35.3569],[140.3424,35.3583],[140.3426,35.3591],[140.3422,35.3598],[140.3434,35.3613],[140.344,35.3614],[140.3443,35.3625],[140.3442,35.3633],[140.3455,35.3636],[140.3462,35.3644],[140.3461,35.3651],[140.3449,35.3663],[140.3454,35.3671],[140.3469,35.3661],[140.3469,35.3652],[140.3478,35.3648],[140.3477,35.3663],[140.3474,35.3673],[140.3483,35.3691],[140.348,35.3705],[140.3458,35.3706],[140.3461,35.372],[140.3453,35.3726],[140.3423,35.3731],[140.342,35.3722],[140.341,35.372],[140.3403,35.3725],[140.3408,35.3749],[140.3414,35.3754],[140.3419,35.3767],[140.3438,35.3776],[140.3445,35.3787],[140.3456,35.3772],[140.3471,35.3771],[140.3481,35.3777],[140.3485,35.3791],[140.3502,35.3798],[140.351,35.3809],[140.3491,35.3821],[140.3453,35.3847],[140.3429,35.3859],[140.3414,35.3864],[140.3419,35.3879],[140.3431,35.3892],[140.3428,35.3908],[140.3405,35.3921],[140.3396,35.3919],[140.3381,35.3907],[140.3375,35.3895],[140.3351,35.3898],[140.3342,35.3896],[140.333,35.3888],[140.3325,35.3874],[140.3293,35.3884],[140.3268,35.3889],[140.3251,35.3895],[140.3229,35.391],[140.3217,35.3914],[140.3208,35.392],[140.3195,35.3914],[140.3192,35.3904],[140.3183,35.3905],[140.3188,35.3915],[140.3171,35.3916],[140.3158,35.3909],[140.3152,35.3913],[140.3137,35.3915],[140.3122,35.3914],[140.3122,35.3902],[140.3117,35.3898],[140.3117,35.3888],[140.3113,35.3879],[140.3115,35.3869],[140.3101,35.3861],[140.3095,35.3845],[140.3099,35.3837],[140.3083,35.3827],[140.308,35.3822]]],[[[140.3184,35.4047],[140.3196,35.4036],[140.3207,35.4043],[140.3233,35.4022],[140.3238,35.4021],[140.326,35.4029],[140.3249,35.4046],[140.323,35.4069],[140.3219,35.4078],[140.3199,35.4071],[140.3204,35.4063],[140.3186,35.4059],[140.3191,35.4052],[140.3184,35.4047]]]]}},{"type":"Feature","properties":{"name":"長生村","自治体":"長生村","区分":"許可・届出制/施設ごとに要相談","規制概要":"一松海水浴場の禁止事項に無人航空機(ドローン)使用を明記。海水浴場エリアに限定。","公式HP":"https://www.vill.chosei.chiba.jp/","確認日":"2026-08-17","_pref":"千葉県","_cat":"restricted","_color":"#006064","_opacity":0.9,"_weight":1.5,"_fillColor":"#00838f","_fillOpacity":0.4,"出典1":"長生村 一松海水浴場の開設について 禁止事項","出典1_URL":"https://www.vill.chosei.chiba.jp/0000002766.html","出典1_引用":"無人航空機（ドローン・ラジコン等）の使用"},"geometry":{"type":"Polygon","coordinates":[[[140.323,35.4069],[140.3249,35.4046],[140.326,35.4029],[140.3238,35.4021],[140.3233,35.4022],[140.3207,35.4043],[140.3196,35.4036],[140.3184,35.4047],[140.3158,35.4032],[140.3142,35.4054],[140.3135,35.4052],[140.3123,35.403],[140.3122,35.4024],[140.3134,35.4022],[140.3145,35.4027],[140.3161,35.4014],[140.3178,35.3978],[140.3198,35.3961],[140.3205,35.3951],[140.3202,35.3933],[140.3208,35.392],[140.3217,35.3914],[140.3229,35.391],[140.3251,35.3895],[140.3268,35.3889],[140.3293,35.3884],[140.3325,35.3874],[140.333,35.3888],[140.3342,35.3896],[140.3351,35.3898],[140.3375,35.3895],[140.3381,35.3907],[140.3396,35.3919],[140.3405,35.3921],[140.3428,35.3908],[140.3431,35.3892],[140.3419,35.3879],[140.3414,35.3864],[140.3429,35.3859],[140.3453,35.3847],[140.3491,35.3821],[140.351,35.3809],[140.3522,35.3808],[140.3551,35.3816],[140.3563,35.3818],[140.3575,35.3817],[140.3576,35.3826],[140.358,35.3831],[140.3582,35.3847],[140.359,35.3846],[140.3597,35.3854],[140.3607,35.3861],[140.3641,35.3857],[140.3647,35.3866],[140.3653,35.3892],[140.3701,35.3885],[140.3693,35.3899],[140.3717,35.3899],[140.3742,35.3898],[140.3749,35.3902],[140.3765,35.39],[140.3762,35.3885],[140.3786,35.3885],[140.3786,35.3875],[140.3803,35.3876],[140.3807,35.3881],[140.3836,35.3893],[140.3837,35.3905],[140.3848,35.3905],[140.3847,35.3914],[140.3866,35.3914],[140.3868,35.3904],[140.3883,35.3904],[140.3883,35.3883],[140.3881,35.3878],[140.3871,35.3877],[140.3867,35.3868],[140.3887,35.3865],[140.3881,35.3851],[140.3914,35.3833],[140.3923,35.3831],[140.3925,35.3841],[140.3918,35.3857],[140.3919,35.3923],[140.3925,35.3941],[140.3922,35.3944],[140.3923,35.3968],[140.3932,35.4026],[140.394,35.4063],[140.3945,35.4069],[140.3942,35.4087],[140.3946,35.4107],[140.3951,35.413],[140.396,35.4146],[140.3962,35.4161],[140.3972,35.4182],[140.397,35.4188],[140.3893,35.4199],[140.3866,35.4205],[140.3861,35.4207],[140.3817,35.4214],[140.3799,35.4217],[140.3766,35.4233],[140.375,35.4236],[140.3738,35.4241],[140.3741,35.4261],[140.3732,35.4269],[140.3738,35.4272],[140.3745,35.4307],[140.3712,35.4312],[140.368,35.4314],[140.3676,35.4317],[140.365,35.4319],[140.365,35.4329],[140.3644,35.4336],[140.3623,35.4338],[140.362,35.4334],[140.3594,35.4339],[140.3581,35.4339],[140.3581,35.4346],[140.3571,35.4346],[140.3571,35.4338],[140.3561,35.4337],[140.3555,35.4345],[140.3527,35.4345],[140.3527,35.4338],[140.3481,35.4336],[140.3476,35.4312],[140.3475,35.4295],[140.3466,35.4287],[140.3429,35.429],[140.3419,35.4286],[140.3414,35.426],[140.3399,35.4264],[140.3393,35.4289],[140.3376,35.4275],[140.3363,35.4276],[140.3362,35.4269],[140.3385,35.4262],[140.3383,35.4256],[140.3391,35.4253],[140.3394,35.4241],[140.3384,35.4242],[140.3368,35.4254],[140.3359,35.4253],[140.3343,35.4241],[140.3337,35.4245],[140.3313,35.4252],[140.3316,35.4235],[140.3368,35.4222],[140.3363,35.4205],[140.3351,35.4201],[140.3345,35.4185],[140.3296,35.4198],[140.3293,35.4191],[140.3273,35.4196],[140.3252,35.4192],[140.3251,35.4185],[140.324,35.4183],[140.3242,35.4155],[140.3253,35.4129],[140.325,35.4119],[140.3251,35.4104],[140.3248,35.4102],[140.3255,35.4078],[140.323,35.4069]],[[140.367,35.4243],[140.3681,35.4245],[140.3679,35.4229],[140.3669,35.423],[140.367,35.4243]]]}},{"type":"Feature","properties":{"name":"白子町","自治体":"白子町","区分":"自治体独自の規制は確認されず(国の規制のみ)","規制概要":"公式ページでドローンに関する記載は確認されず(2026-08-17時点)。自治体独自の規制は確認されていないため、国の規制(航空法・小型無人機等飛行禁止法・空域)が適用される。公園条例の一般規定(危険・迷惑・管理支障行為の禁止)により管理者判断で個別に制限される場合はある。","公式HP":"https://www.town.shirako.lg.jp/","確認日":"2026-08-17","_pref":"千葉県","_cat":"unknown","_color":"#455a64","_opacity":0.9,"_weight":1.5,"_fillColor":"#78909c","_fillOpacity":0.18,"出典1":"千葉県警察 小型無人機(ドローン)等の飛行に関するルール(航空法・小型無人機等飛行禁止法)","出典1_URL":"https://www.police.pref.chiba.jp/keibika/safeLife_drone_rules.html","出典2":"千葉県 県管理海岸(港湾・漁港区域を除く)・河川におけるドローンの利用や撮影について","出典2_URL":"https://www.pref.chiba.lg.jp/kakan/kaigan/drone.html"},"geometry":{"type":"MultiPolygon","coordinates":[[[[140.3481,35.4336],[140.3527,35.4338],[140.3527,35.4345],[140.3555,35.4345],[140.3561,35.4337],[140.3571,35.4338],[140.3571,35.4346],[140.3581,35.4346],[140.3581,35.4339],[140.3594,35.4339],[140.362,35.4334],[140.3623,35.4338],[140.3644,35.4336],[140.365,35.4329],[140.365,35.4319],[140.3676,35.4317],[140.368,35.4314],[140.3712,35.4312],[140.3745,35.4307],[140.3738,35.4272],[140.3732,35.4269],[140.3741,35.4261],[140.3738,35.4241],[140.375,35.4236],[140.3766,35.4233],[140.3799,35.4217],[140.3817,35.4214],[140.3861,35.4207],[140.3866,35.4205],[140.3893,35.4199],[140.397,35.4188],[140.3976,35.4205],[140.3981,35.4235],[140.4012,35.4336],[140.4022,35.4381],[140.4033,35.4412],[140.4041,35.443],[140.4045,35.4447],[140.4056,35.4478],[140.4056,35.449],[140.407,35.4509],[140.4081,35.4539],[140.4086,35.4549],[140.4094,35.4573],[140.4103,35.4591],[140.4113,35.4617],[140.412,35.4629],[140.4129,35.4656],[140.4141,35.4678],[140.4146,35.469],[140.4159,35.4716],[140.4124,35.4724],[140.4069,35.4732],[140.4061,35.4732],[140.4021,35.4742],[140.4014,35.4748],[140.3861,35.4768],[140.3834,35.4765],[140.3821,35.477],[140.3814,35.4755],[140.3808,35.4743],[140.3803,35.4742],[140.3795,35.473],[140.3785,35.4707],[140.3784,35.4693],[140.3776,35.4686],[140.3762,35.4691],[140.3747,35.4691],[140.373,35.4693],[140.3732,35.4709],[140.3724,35.4708],[140.3717,35.4717],[140.3714,35.4731],[140.3709,35.473],[140.3704,35.474],[140.3696,35.4743],[140.3662,35.4744],[140.3634,35.4742],[140.3603,35.4744],[140.3615,35.4727],[140.3608,35.4716],[140.3607,35.4698],[140.3611,35.4664],[140.3601,35.4653],[140.356,35.4625],[140.3549,35.4628],[140.3518,35.4616],[140.3504,35.4617],[140.3501,35.4556],[140.3464,35.4557],[140.3463,35.4535],[140.3423,35.4532],[140.3428,35.4498],[140.3414,35.4496],[140.3411,35.4477],[140.3418,35.4473],[140.3415,35.4457],[140.3417,35.4448],[140.3424,35.4451],[140.3445,35.4452],[140.3452,35.4432],[140.3449,35.4427],[140.3438,35.4423],[140.3418,35.4425],[140.3406,35.4422],[140.3401,35.4418],[140.3404,35.4408],[140.3402,35.4402],[140.3405,35.4383],[140.3405,35.4363],[140.3414,35.4358],[140.3454,35.4346],[140.3475,35.4347],[140.3475,35.4336],[140.3481,35.4336]]],[[[140.367,35.4243],[140.3669,35.423],[140.3679,35.4229],[140.3681,35.4245],[140.367,35.4243]]]]}},{"type":"Feature","properties":{"name":"長柄町","自治体":"長柄町","区分":"自治体独自の規制は確認されず(国の規制のみ)","規制概要":"公式ページでドローンに関する記載は確認されず(2026-08-17時点)。自治体独自の規制は確認されていないため、国の規制(航空法・小型無人機等飛行禁止法・空域)が適用される。公園条例の一般規定(危険・迷惑・管理支障行為の禁止)により管理者判断で個別に制限される場合はある。","公式HP":"https://www.town.nagara.chiba.jp/","確認日":"2026-08-17","_pref":"千葉県","_cat":"unknown","_color":"#455a64","_opacity":0.9,"_weight":1.5,"_fillColor":"#78909c","_fillOpacity":0.18,"出典1":"千葉県警察 小型無人機(ドローン)等の飛行に関するルール(航空法・小型無人機等飛行禁止法)","出典1_URL":"https://www.police.pref.chiba.jp/keibika/safeLife_drone_rules.html","出典2":"千葉県 県管理海岸(港湾・漁港区域を除く)・河川におけるドローンの利用や撮影について","出典2_URL":"https://www.pref.chiba.lg.jp/kakan/kaigan/drone.html"},"geometry":{"type":"Polygon","coordinates":[[[140.2485,35.4818],[140.2474,35.482],[140.2458,35.4818],[140.2456,35.4813],[140.2445,35.4811],[140.2433,35.4814],[140.2414,35.4822],[140.24,35.4826],[140.2383,35.4817],[140.2379,35.481],[140.237,35.4802],[140.2358,35.4804],[140.234,35.4812],[140.2318,35.4815],[140.2312,35.4818],[140.2297,35.4821],[140.2285,35.4831],[140.2277,35.4842],[140.2264,35.4846],[140.2244,35.485],[140.224,35.4853],[140.2214,35.4848],[140.22,35.4847],[140.218,35.4854],[140.2144,35.4857],[140.2132,35.486],[140.2115,35.4867],[140.2099,35.4862],[140.2095,35.4856],[140.2063,35.4847],[140.2064,35.483],[140.2078,35.4801],[140.2063,35.4788],[140.2056,35.478],[140.2045,35.4777],[140.2033,35.4782],[140.2028,35.479],[140.2015,35.4786],[140.2011,35.4771],[140.2016,35.4746],[140.2008,35.4739],[140.1979,35.4739],[140.198,35.4722],[140.1972,35.471],[140.1961,35.4708],[140.1944,35.4698],[140.194,35.4709],[140.1929,35.4706],[140.1916,35.4715],[140.1898,35.4724],[140.1888,35.4727],[140.1861,35.4738],[140.1866,35.4715],[140.1859,35.4683],[140.1839,35.4691],[140.1832,35.4683],[140.1824,35.469],[140.1794,35.4684],[140.1763,35.4683],[140.1741,35.469],[140.1739,35.4656],[140.1745,35.4605],[140.1741,35.4603],[140.1713,35.4576],[140.1706,35.4565],[140.1737,35.4554],[140.1761,35.4549],[140.1771,35.4541],[140.1776,35.453],[140.1795,35.4518],[140.1816,35.4509],[140.1843,35.4488],[140.1852,35.4489],[140.1863,35.4484],[140.1865,35.4479],[140.1857,35.4461],[140.1865,35.4447],[140.1863,35.4442],[140.1869,35.4435],[140.1866,35.4422],[140.184,35.4423],[140.1835,35.4421],[140.1837,35.4411],[140.1824,35.4408],[140.1823,35.44],[140.1833,35.4387],[140.184,35.4387],[140.1846,35.4373],[140.1831,35.4367],[140.1831,35.4362],[140.1824,35.4354],[140.1817,35.4355],[140.1807,35.4348],[140.1792,35.4352],[140.1781,35.4342],[140.1768,35.4325],[140.1753,35.433],[140.1741,35.4329],[140.173,35.4316],[140.1734,35.4304],[140.1747,35.4302],[140.1748,35.429],[140.1756,35.4283],[140.1779,35.4254],[140.1779,35.4244],[140.1801,35.4235],[140.1812,35.4218],[140.1822,35.4213],[140.1822,35.4206],[140.181,35.4199],[140.1804,35.4187],[140.1811,35.4166],[140.1809,35.4154],[140.1818,35.4153],[140.1829,35.4148],[140.1834,35.4139],[140.1833,35.4132],[140.1837,35.412],[140.1854,35.411],[140.1861,35.4102],[140.1872,35.41],[140.1881,35.4089],[140.1888,35.4088],[140.1894,35.408],[140.1902,35.4074],[140.1895,35.4066],[140.1892,35.4047],[140.1886,35.4042],[140.1895,35.403],[140.19,35.4028],[140.19,35.4016],[140.1906,35.3995],[140.1914,35.3991],[140.1921,35.3983],[140.1919,35.3977],[140.1924,35.3969],[140.1939,35.3959],[140.1937,35.3947],[140.1944,35.3933],[140.1953,35.3929],[140.1953,35.3921],[140.1967,35.391],[140.1982,35.3911],[140.1994,35.3908],[140.2001,35.3909],[140.1989,35.3925],[140.1991,35.3932],[140.1975,35.3951],[140.1971,35.3959],[140.1975,35.3971],[140.1973,35.3984],[140.1983,35.3996],[140.1992,35.4003],[140.1997,35.4012],[140.1999,35.4023],[140.2007,35.4031],[140.2015,35.4044],[140.2031,35.4044],[140.2041,35.4048],[140.2048,35.4057],[140.2055,35.4044],[140.2056,35.4034],[140.2066,35.4018],[140.2077,35.4027],[140.2102,35.4029],[140.2107,35.4038],[140.2115,35.4046],[140.2119,35.4055],[140.2127,35.4058],[140.2137,35.4096],[140.2124,35.4104],[140.2118,35.4121],[140.2121,35.4127],[140.2132,35.4127],[140.2139,35.4135],[140.2137,35.4149],[140.2142,35.4167],[140.2151,35.4185],[140.2164,35.4189],[140.2177,35.4197],[140.2189,35.42],[140.2201,35.4194],[140.2213,35.4195],[140.2221,35.4202],[140.2235,35.4204],[140.2255,35.4193],[140.2272,35.4193],[140.2286,35.4199],[140.2292,35.4207],[140.2301,35.4205],[140.2315,35.4219],[140.2331,35.4224],[140.2332,35.4227],[140.2345,35.4238],[140.2353,35.4239],[140.2354,35.4246],[140.2376,35.4252],[140.2377,35.4258],[140.2386,35.4268],[140.2424,35.427],[140.2428,35.4275],[140.2439,35.4277],[140.2454,35.4274],[140.2479,35.4277],[140.2504,35.4276],[140.252,35.4273],[140.2533,35.4273],[140.2549,35.4279],[140.2558,35.4279],[140.2583,35.4274],[140.2591,35.4267],[140.2598,35.4251],[140.2598,35.4256],[140.2608,35.4263],[140.2604,35.4269],[140.26,35.4282],[140.2594,35.4287],[140.2587,35.4303],[140.2586,35.4312],[140.258,35.4318],[140.2577,35.433],[140.255,35.4344],[140.2539,35.436],[140.2525,35.4368],[140.2519,35.4366],[140.2507,35.4377],[140.2504,35.4383],[140.2489,35.4391],[140.249,35.4401],[140.2496,35.4403],[140.2499,35.4413],[140.2484,35.4432],[140.2485,35.444],[140.2479,35.4457],[140.2479,35.4475],[140.2472,35.4477],[140.2471,35.4489],[140.2475,35.4501],[140.2473,35.451],[140.2458,35.4521],[140.2464,35.4529],[140.2471,35.4545],[140.248,35.4544],[140.2478,35.4554],[140.2483,35.456],[140.2482,35.4567],[140.2469,35.4581],[140.2449,35.4587],[140.2446,35.4595],[140.2456,35.4601],[140.2467,35.46],[140.2488,35.4615],[140.2498,35.463],[140.2488,35.464],[140.2488,35.4652],[140.2496,35.4652],[140.2498,35.466],[140.2512,35.4661],[140.2518,35.4665],[140.2528,35.4664],[140.2534,35.4682],[140.2535,35.4697],[140.2525,35.4705],[140.251,35.4723],[140.2505,35.4739],[140.2491,35.4757],[140.2493,35.4769],[140.2502,35.4774],[140.2499,35.4787],[140.2502,35.4793],[140.2496,35.4801],[140.2493,35.481],[140.2485,35.4818]]]}},{"type":"Feature","properties":{"name":"長南町","自治体":"長南町","区分":"自治体独自の規制は確認されず(国の規制のみ)","規制概要":"公式ページでドローンに関する記載は確認されず(2026-08-17時点)。自治体独自の規制は確認されていないため、国の規制(航空法・小型無人機等飛行禁止法・空域)が適用される。公園条例の一般規定(危険・迷惑・管理支障行為の禁止)により管理者判断で個別に制限される場合はある。","公式HP":"https://www.town.chonan.chiba.jp/","確認日":"2026-08-17","_pref":"千葉県","_cat":"unknown","_color":"#455a64","_opacity":0.9,"_weight":1.5,"_fillColor":"#78909c","_fillOpacity":0.18,"出典1":"千葉県警察 小型無人機(ドローン)等の飛行に関するルール(航空法・小型無人機等飛行禁止法)","出典1_URL":"https://www.police.pref.chiba.jp/keibika/safeLife_drone_rules.html","出典2":"千葉県 県管理海岸(港湾・漁港区域を除く)・河川におけるドローンの利用や撮影について","出典2_URL":"https://www.pref.chiba.lg.jp/kakan/kaigan/drone.html"},"geometry":{"type":"Polygon","coordinates":[[[140.2598,35.4251],[140.2591,35.4267],[140.2583,35.4274],[140.2558,35.4279],[140.2549,35.4279],[140.2533,35.4273],[140.252,35.4273],[140.2504,35.4276],[140.2479,35.4277],[140.2454,35.4274],[140.2439,35.4277],[140.2428,35.4275],[140.2424,35.427],[140.2386,35.4268],[140.2377,35.4258],[140.2376,35.4252],[140.2354,35.4246],[140.2353,35.4239],[140.2345,35.4238],[140.2332,35.4227],[140.2331,35.4224],[140.2315,35.4219],[140.2301,35.4205],[140.2292,35.4207],[140.2286,35.4199],[140.2272,35.4193],[140.2255,35.4193],[140.2235,35.4204],[140.2221,35.4202],[140.2213,35.4195],[140.2201,35.4194],[140.2189,35.42],[140.2177,35.4197],[140.2164,35.4189],[140.2151,35.4185],[140.2142,35.4167],[140.2137,35.4149],[140.2139,35.4135],[140.2132,35.4127],[140.2121,35.4127],[140.2118,35.4121],[140.2124,35.4104],[140.2137,35.4096],[140.2127,35.4058],[140.2119,35.4055],[140.2115,35.4046],[140.2107,35.4038],[140.2102,35.4029],[140.2077,35.4027],[140.2066,35.4018],[140.2056,35.4034],[140.2055,35.4044],[140.2048,35.4057],[140.2041,35.4048],[140.2031,35.4044],[140.2015,35.4044],[140.2007,35.4031],[140.1999,35.4023],[140.1997,35.4012],[140.1992,35.4003],[140.1983,35.3996],[140.1973,35.3984],[140.1975,35.3971],[140.1971,35.3959],[140.1975,35.3951],[140.1991,35.3932],[140.1989,35.3925],[140.2001,35.3909],[140.201,35.3906],[140.2019,35.3886],[140.2013,35.3876],[140.202,35.3859],[140.2026,35.3857],[140.2031,35.3846],[140.2039,35.3843],[140.2044,35.3835],[140.2044,35.3827],[140.2062,35.3813],[140.207,35.3795],[140.2069,35.3787],[140.2058,35.3784],[140.2039,35.3783],[140.2028,35.3779],[140.2017,35.3784],[140.1998,35.3778],[140.1999,35.376],[140.1993,35.3753],[140.1984,35.3748],[140.1985,35.3741],[140.1993,35.3727],[140.1983,35.3712],[140.1979,35.3701],[140.1983,35.3687],[140.1989,35.3678],[140.2,35.3667],[140.2016,35.3661],[140.2038,35.3658],[140.2058,35.3663],[140.2076,35.3679],[140.2087,35.366],[140.2094,35.3656],[140.2093,35.3637],[140.2088,35.3627],[140.2075,35.362],[140.2063,35.3619],[140.2064,35.3611],[140.2058,35.3597],[140.2072,35.3582],[140.2085,35.3576],[140.2079,35.3561],[140.2081,35.3554],[140.2078,35.354],[140.2082,35.3538],[140.2087,35.3508],[140.209,35.3478],[140.2094,35.3473],[140.2091,35.3464],[140.2103,35.3455],[140.212,35.3448],[140.2127,35.3442],[140.2127,35.3412],[140.2138,35.3402],[140.2134,35.3389],[140.2127,35.3376],[140.2129,35.3368],[140.2137,35.3357],[140.2134,35.3348],[140.2125,35.3336],[140.2136,35.3324],[140.2145,35.3321],[140.2146,35.3313],[140.2168,35.3298],[140.2171,35.3291],[140.2201,35.3278],[140.2208,35.3281],[140.221,35.3271],[140.2204,35.3263],[140.2205,35.3245],[140.2219,35.324],[140.2224,35.323],[140.2238,35.3219],[140.224,35.3197],[140.2243,35.3188],[140.2251,35.3182],[140.2246,35.3173],[140.2253,35.3167],[140.2278,35.3178],[140.2286,35.3187],[140.2303,35.32],[140.2309,35.3213],[140.2318,35.3221],[140.2326,35.3223],[140.2336,35.3233],[140.2351,35.3232],[140.2363,35.3233],[140.2382,35.3248],[140.2394,35.3245],[140.2401,35.324],[140.2425,35.3254],[140.2432,35.3262],[140.2438,35.326],[140.2449,35.3268],[140.2463,35.3272],[140.2467,35.326],[140.2485,35.3237],[140.2501,35.325],[140.2513,35.3244],[140.2515,35.3258],[140.2521,35.3264],[140.2529,35.3289],[140.2521,35.3304],[140.2524,35.3326],[140.2518,35.3345],[140.2524,35.3353],[140.2521,35.337],[140.253,35.3377],[140.2533,35.339],[140.2546,35.3392],[140.2562,35.3384],[140.2576,35.3393],[140.2588,35.341],[140.2598,35.3418],[140.2601,35.343],[140.2608,35.3431],[140.2624,35.3455],[140.2626,35.3465],[140.2639,35.3471],[140.2652,35.3489],[140.2651,35.3499],[140.2657,35.35],[140.2672,35.351],[140.2677,35.3528],[140.2676,35.3535],[140.2687,35.3551],[140.2697,35.3562],[140.2719,35.3567],[140.2725,35.3571],[140.2721,35.3583],[140.2732,35.3602],[140.2743,35.36],[140.2743,35.3592],[140.2753,35.3587],[140.2767,35.3586],[140.2774,35.3588],[140.2782,35.3581],[140.2798,35.3584],[140.2804,35.3595],[140.283,35.3606],[140.2837,35.3605],[140.2847,35.3598],[140.2861,35.361],[140.287,35.361],[140.288,35.3614],[140.2893,35.3607],[140.2907,35.3607],[140.2917,35.3615],[140.2923,35.3612],[140.2946,35.3622],[140.2954,35.3619],[140.2981,35.3627],[140.2999,35.3635],[140.3012,35.3627],[140.3035,35.3619],[140.305,35.3616],[140.3071,35.3628],[140.3068,35.3646],[140.3086,35.3656],[140.3093,35.3656],[140.3094,35.3669],[140.3102,35.3679],[140.3095,35.3683],[140.3098,35.3694],[140.3093,35.3703],[140.3088,35.3706],[140.308,35.3716],[140.3082,35.3723],[140.3074,35.3734],[140.3074,35.3743],[140.3069,35.3746],[140.3068,35.3756],[140.3061,35.3762],[140.306,35.3771],[140.3065,35.3784],[140.3052,35.3791],[140.308,35.3795],[140.309,35.3801],[140.3095,35.3808],[140.308,35.3822],[140.3072,35.3819],[140.3045,35.3816],[140.3036,35.3813],[140.3027,35.3813],[140.3023,35.3805],[140.301,35.3805],[140.2999,35.3807],[140.2981,35.3795],[140.297,35.3794],[140.2966,35.3799],[140.2953,35.38],[140.2924,35.3808],[140.2898,35.3805],[140.289,35.3801],[140.2876,35.381],[140.2857,35.3812],[140.2848,35.3816],[140.2839,35.3815],[140.2834,35.3808],[140.2816,35.381],[140.2798,35.3802],[140.277,35.3829],[140.2769,35.3834],[140.2774,35.3844],[140.2782,35.385],[140.2776,35.3863],[140.2768,35.3861],[140.2769,35.3881],[140.276,35.3897],[140.2766,35.3909],[140.2758,35.3926],[140.2766,35.3936],[140.2769,35.3948],[140.2785,35.3955],[140.2798,35.3965],[140.2796,35.399],[140.2789,35.4002],[140.2783,35.4003],[140.2775,35.4011],[140.2778,35.4032],[140.2764,35.4033],[140.2751,35.4036],[140.2739,35.4041],[140.2728,35.4037],[140.272,35.4018],[140.2704,35.4007],[140.2692,35.4003],[140.2691,35.3995],[140.2672,35.3995],[140.2664,35.399],[140.2629,35.3989],[140.2619,35.398],[140.2616,35.3973],[140.2607,35.3967],[140.2594,35.3973],[140.2591,35.3979],[140.2576,35.3983],[140.2573,35.3989],[140.255,35.3987],[140.2542,35.3997],[140.2543,35.4005],[140.2561,35.4009],[140.2565,35.4015],[140.2559,35.4023],[140.2552,35.4048],[140.2533,35.4038],[140.2519,35.4041],[140.2516,35.4035],[140.2497,35.4031],[140.2488,35.4032],[140.2476,35.403],[140.2475,35.4039],[140.2479,35.4053],[140.2497,35.4055],[140.2507,35.4063],[140.2537,35.4073],[140.2549,35.4082],[140.255,35.4087],[140.2568,35.4096],[140.2586,35.4103],[140.2605,35.4113],[140.2615,35.4127],[140.2613,35.4137],[140.2607,35.4146],[140.2606,35.4158],[140.2621,35.4176],[140.2622,35.4182],[140.2613,35.4189],[140.2619,35.4197],[140.2626,35.4211],[140.2633,35.4217],[140.2648,35.4225],[140.2648,35.423],[140.2631,35.4233],[140.2618,35.4232],[140.2606,35.4246],[140.2598,35.4251]]]}},{"type":"Feature","properties":{"name":"大多喜町","自治体":"大多喜町","区分":"自治体独自の規制は確認されず(国の規制のみ)","規制概要":"公式ページでドローンに関する記載は確認されず(2026-08-17時点)。自治体独自の規制は確認されていないため、国の規制(航空法・小型無人機等飛行禁止法・空域)が適用される。公園条例の一般規定(危険・迷惑・管理支障行為の禁止)により管理者判断で個別に制限される場合はある。","公式HP":"https://www.town.otaki.chiba.jp/","確認日":"2026-08-17","_pref":"千葉県","_cat":"unknown","_color":"#455a64","_opacity":0.9,"_weight":1.5,"_fillColor":"#78909c","_fillOpacity":0.18,"出典1":"千葉県警察 小型無人機(ドローン)等の飛行に関するルール(航空法・小型無人機等飛行禁止法)","出典1_URL":"https://www.police.pref.chiba.jp/keibika/safeLife_drone_rules.html","出典2":"千葉県 県管理海岸(港湾・漁港区域を除く)・河川におけるドローンの利用や撮影について","出典2_URL":"https://www.pref.chiba.lg.jp/kakan/kaigan/drone.html"},"geometry":{"type":"MultiPolygon","coordinates":[[[[140.281,35.2424],[140.2819,35.2429],[140.2832,35.2452],[140.2827,35.2466],[140.2818,35.2479],[140.2814,35.2492],[140.2807,35.2494],[140.2806,35.2504],[140.282,35.2508],[140.2822,35.2518],[140.2831,35.2522],[140.2834,35.2528],[140.2848,35.2534],[140.2859,35.2545],[140.2862,35.2556],[140.2842,35.257],[140.2833,35.2581],[140.2826,35.2585],[140.2817,35.2595],[140.279,35.2615],[140.2785,35.2625],[140.2785,35.264],[140.2788,35.2647],[140.2786,35.2653],[140.2773,35.2658],[140.2771,35.2669],[140.2759,35.2672],[140.2751,35.2678],[140.2734,35.268],[140.273,35.269],[140.2721,35.2693],[140.2718,35.2702],[140.271,35.2702],[140.2695,35.2697],[140.2675,35.2694],[140.2648,35.2712],[140.2629,35.2716],[140.259,35.272],[140.2586,35.2727],[140.2574,35.2729],[140.2572,35.2741],[140.2564,35.2753],[140.2562,35.2763],[140.2551,35.278],[140.2546,35.2783],[140.2538,35.2795],[140.2547,35.2797],[140.2555,35.2808],[140.2549,35.2814],[140.2546,35.2824],[140.2553,35.2828],[140.2559,35.2824],[140.2569,35.2824],[140.2578,35.2834],[140.2582,35.2832],[140.26,35.2842],[140.262,35.2839],[140.2632,35.2841],[140.2662,35.284],[140.2665,35.2862],[140.2663,35.2883],[140.2675,35.2885],[140.2682,35.2883],[140.2694,35.2883],[140.2704,35.2895],[140.2708,35.2903],[140.2708,35.2912],[140.2721,35.2914],[140.2732,35.292],[140.2737,35.2929],[140.2747,35.2934],[140.2751,35.2942],[140.2766,35.2962],[140.277,35.2981],[140.2761,35.2989],[140.2754,35.3011],[140.2754,35.3015],[140.2747,35.3025],[140.2741,35.3027],[140.274,35.3046],[140.2746,35.3048],[140.2758,35.3062],[140.2757,35.3073],[140.275,35.3074],[140.2741,35.3083],[140.2734,35.3085],[140.2714,35.3117],[140.2713,35.3134],[140.2707,35.3134],[140.2695,35.3144],[140.2696,35.3151],[140.2681,35.3154],[140.2666,35.3153],[140.2661,35.3148],[140.2641,35.3144],[140.2639,35.3134],[140.2626,35.3136],[140.2619,35.3145],[140.2612,35.3163],[140.2605,35.3169],[140.2594,35.317],[140.2592,35.3183],[140.2573,35.318],[140.2568,35.3189],[140.2561,35.3189],[140.2552,35.3181],[140.2531,35.3172],[140.253,35.3179],[140.252,35.319],[140.2518,35.3198],[140.2511,35.3201],[140.2512,35.3217],[140.2509,35.3223],[140.2514,35.3238],[140.2513,35.3244],[140.2501,35.325],[140.2485,35.3237],[140.2467,35.326],[140.2463,35.3272],[140.2449,35.3268],[140.2438,35.326],[140.2432,35.3262],[140.2425,35.3254],[140.2401,35.324],[140.2394,35.3245],[140.2382,35.3248],[140.2363,35.3233],[140.2351,35.3232],[140.2336,35.3233],[140.2326,35.3223],[140.2318,35.3221],[140.2309,35.3213],[140.2303,35.32],[140.2286,35.3187],[140.2278,35.3178],[140.2253,35.3167],[140.2261,35.3146],[140.2269,35.3143],[140.2275,35.3134],[140.2269,35.3121],[140.2274,35.3109],[140.2295,35.3095],[140.2309,35.3073],[140.231,35.3068],[140.2305,35.3052],[140.231,35.3041],[140.2305,35.3038],[140.2293,35.3042],[140.2282,35.3041],[140.2276,35.3052],[140.2266,35.3057],[140.2255,35.3068],[140.2241,35.3064],[140.223,35.3058],[140.223,35.3051],[140.2216,35.305],[140.22,35.3039],[140.2192,35.3037],[140.219,35.3022],[140.218,35.3009],[140.2174,35.3006],[140.2158,35.303],[140.2155,35.3038],[140.2146,35.3038],[140.214,35.3023],[140.2129,35.301],[140.2125,35.3018],[140.2104,35.3026],[140.2073,35.3047],[140.2068,35.3057],[140.2048,35.3054],[140.2042,35.3059],[140.203,35.3056],[140.2007,35.3064],[140.1997,35.3077],[140.1991,35.3081],[140.1991,35.3057],[140.1987,35.3056],[140.1988,35.3035],[140.1996,35.3006],[140.1988,35.299],[140.1998,35.2973],[140.2002,35.2958],[140.2008,35.2953],[140.2031,35.295],[140.2037,35.2947],[140.2042,35.2938],[140.2034,35.2916],[140.2035,35.2896],[140.2028,35.2877],[140.2007,35.286],[140.1997,35.2855],[140.1987,35.2854],[140.1969,35.2845],[140.1966,35.2838],[140.1952,35.2828],[140.1941,35.2824],[140.1932,35.2812],[140.1931,35.2805],[140.1915,35.2798],[140.1908,35.2788],[140.1909,35.2779],[140.1893,35.277],[140.1882,35.2778],[140.1874,35.2778],[140.187,35.2773],[140.1859,35.2778],[140.1851,35.2779],[140.1842,35.2773],[140.1845,35.2766],[140.1841,35.275],[140.1833,35.2746],[140.1823,35.2756],[140.1812,35.2761],[140.1795,35.276],[140.1789,35.2752],[140.1779,35.2746],[140.1781,35.2735],[140.1777,35.2722],[140.1778,35.2697],[140.1775,35.2691],[140.1764,35.2687],[140.176,35.267],[140.1754,35.2664],[140.1749,35.2649],[140.1762,35.2638],[140.1766,35.2628],[140.1761,35.2622],[140.1763,35.2615],[140.1756,35.2609],[140.1758,35.2595],[140.1745,35.2585],[140.1748,35.2579],[140.174,35.2563],[140.1746,35.2558],[140.1749,35.2549],[140.1748,35.254],[140.1756,35.2529],[140.1746,35.2514],[140.1738,35.2522],[140.1728,35.2524],[140.1726,35.2535],[140.1716,35.2542],[140.1712,35.2553],[140.1696,35.255],[140.1678,35.2551],[140.1669,35.2559],[140.1665,35.2554],[140.1665,35.2546],[140.1632,35.2546],[140.1627,35.2552],[140.1607,35.2545],[140.1596,35.2537],[140.1574,35.2533],[140.1574,35.2522],[140.1581,35.2523],[140.1591,35.2513],[140.1581,35.2505],[140.1573,35.2506],[140.1555,35.2521],[140.1544,35.2526],[140.1541,35.2521],[140.1555,35.2501],[140.1562,35.2496],[140.1564,35.2487],[140.1559,35.2484],[140.1547,35.249],[140.1541,35.2501],[140.1524,35.25],[140.1514,35.2491],[140.1513,35.2481],[140.1522,35.2466],[140.1508,35.2453],[140.1507,35.2442],[140.149,35.2412],[140.1487,35.2401],[140.1474,35.2393],[140.1472,35.2384],[140.146,35.2375],[140.1458,35.2359],[140.1459,35.2351],[140.1448,35.2349],[140.1442,35.236],[140.1436,35.2358],[140.1429,35.2362],[140.1426,35.2336],[140.1415,35.232],[140.1412,35.2312],[140.1416,35.2293],[140.1404,35.2282],[140.1394,35.2279],[140.1396,35.2262],[140.1408,35.2244],[140.1413,35.2234],[140.142,35.2229],[140.1427,35.2229],[140.1434,35.2212],[140.1432,35.2205],[140.144,35.2194],[140.1434,35.2184],[140.1437,35.2177],[140.1448,35.217],[140.146,35.2155],[140.1465,35.2139],[140.1482,35.212],[140.1482,35.2101],[140.1485,35.2096],[140.1482,35.2087],[140.1485,35.2075],[140.1501,35.2068],[140.1513,35.2069],[140.1524,35.2062],[140.1517,35.2048],[140.1519,35.2042],[140.1528,35.2037],[140.1528,35.2018],[140.1533,35.2007],[140.1532,35.1997],[140.1541,35.1984],[140.1553,35.199],[140.1564,35.1981],[140.1556,35.1969],[140.1557,35.196],[140.1553,35.1954],[140.1557,35.1944],[140.1571,35.193],[140.1576,35.1921],[140.1586,35.1914],[140.1586,35.1908],[140.1598,35.1898],[140.16,35.1885],[140.1597,35.1873],[140.1604,35.1866],[140.1613,35.1851],[140.1622,35.183],[140.1613,35.1812],[140.1619,35.1801],[140.162,35.1786],[140.1635,35.1767],[140.1621,35.1757],[140.1615,35.1743],[140.1625,35.1729],[140.164,35.1722],[140.166,35.1705],[140.1668,35.1693],[140.1686,35.1703],[140.1699,35.1704],[140.1712,35.1702],[140.1715,35.1694],[140.1723,35.1688],[140.1731,35.1676],[140.1732,35.1667],[140.1739,35.1656],[140.1746,35.1656],[140.175,35.1667],[140.1766,35.167],[140.178,35.1658],[140.179,35.1668],[140.1787,35.1676],[140.1797,35.168],[140.1807,35.1689],[140.1818,35.1688],[140.1826,35.1698],[140.1836,35.1698],[140.1848,35.1707],[140.1858,35.1706],[140.1865,35.1699],[140.1865,35.1691],[140.1874,35.1692],[140.1879,35.1702],[140.1884,35.1729],[140.1884,35.1745],[140.189,35.1757],[140.1918,35.1754],[140.193,35.1758],[140.1937,35.1755],[140.1946,35.1762],[140.1962,35.1768],[140.1976,35.177],[140.1987,35.1779],[140.1998,35.1805],[140.1999,35.1817],[140.2003,35.182],[140.2006,35.1834],[140.2023,35.1838],[140.2031,35.1834],[140.2044,35.1836],[140.2054,35.1841],[140.2066,35.1835],[140.2074,35.1826],[140.2081,35.1826],[140.2097,35.1819],[140.2116,35.1802],[140.2117,35.1797],[140.2129,35.1797],[140.2144,35.1812],[140.2151,35.1815],[140.2161,35.1831],[140.217,35.1834],[140.2178,35.1828],[140.2193,35.183],[140.2202,35.1826],[140.2204,35.1836],[140.221,35.1842],[140.2209,35.1852],[140.2218,35.1867],[140.223,35.1864],[140.2236,35.1872],[140.225,35.1874],[140.2257,35.1869],[140.2264,35.187],[140.2275,35.1863],[140.2287,35.1847],[140.2298,35.1838],[140.2301,35.183],[140.2313,35.1824],[140.231,35.1811],[140.2326,35.1805],[140.2336,35.1805],[140.2346,35.1797],[140.2352,35.1798],[140.2364,35.1806],[140.2371,35.1796],[140.2383,35.1801],[140.2391,35.1813],[140.239,35.1823],[140.2393,35.1831],[140.2404,35.1836],[140.2416,35.186],[140.2423,35.1863],[140.243,35.1877],[140.2423,35.1887],[140.2431,35.1896],[140.2429,35.1902],[140.2439,35.1916],[140.245,35.1906],[140.2455,35.1906],[140.2459,35.1924],[140.2455,35.1934],[140.2454,35.195],[140.2448,35.1966],[140.2458,35.1968],[140.2456,35.1984],[140.2448,35.1992],[140.2444,35.2009],[140.2452,35.202],[140.2453,35.2033],[140.2446,35.2036],[140.244,35.2048],[140.2449,35.206],[140.2442,35.2068],[140.2444,35.2072],[140.2444,35.2093],[140.2458,35.2108],[140.2459,35.2126],[140.2456,35.2141],[140.2462,35.2148],[140.2472,35.2148],[140.2481,35.2143],[140.2487,35.2152],[140.2504,35.2163],[140.2514,35.2185],[140.2507,35.2191],[140.2505,35.2211],[140.2507,35.2214],[140.2526,35.2211],[140.2538,35.2218],[140.2545,35.2227],[140.2561,35.2224],[140.2569,35.2228],[140.2578,35.2225],[140.2586,35.2228],[140.2601,35.2244],[140.2589,35.2259],[140.2592,35.2275],[140.2578,35.2282],[140.2565,35.2277],[140.2556,35.2281],[140.2556,35.2293],[140.2541,35.2311],[140.2523,35.2317],[140.2517,35.2331],[140.2536,35.2341],[140.2545,35.2337],[140.2548,35.2346],[140.2562,35.2351],[140.2579,35.2343],[140.2594,35.2342],[140.26,35.2344],[140.2611,35.2335],[140.2631,35.2338],[140.2642,35.2346],[140.2655,35.2343],[140.2672,35.2334],[140.2687,35.2341],[140.2706,35.2344],[140.2731,35.2373],[140.2739,35.2392],[140.2743,35.2395],[140.2752,35.2392],[140.2778,35.2394],[140.2783,35.2398],[140.2786,35.2407],[140.2807,35.2418],[140.281,35.2424]]],[[[140.2616,35.2211],[140.2613,35.2208],[140.2618,35.2205],[140.2622,35.2209],[140.2616,35.2211]]],[[[140.2567,35.2212],[140.2566,35.2208],[140.2573,35.2206],[140.2569,35.2212],[140.2567,35.2212]]]]}},{"type":"Feature","properties":{"name":"御宿町","自治体":"御宿町","区分":"自治体独自の規制は確認されず(国の規制のみ)","規制概要":"公式ページでドローンに関する記載は確認されず(2026-08-17時点)。自治体独自の規制は確認されていないため、国の規制(航空法・小型無人機等飛行禁止法・空域)が適用される。公園条例の一般規定(危険・迷惑・管理支障行為の禁止)により管理者判断で個別に制限される場合はある。","公式HP":"https://www.town.onjuku.chiba.jp/","確認日":"2026-08-17","_pref":"千葉県","_cat":"unknown","_color":"#455a64","_opacity":0.9,"_weight":1.5,"_fillColor":"#78909c","_fillOpacity":0.18,"出典1":"千葉県警察 小型無人機(ドローン)等の飛行に関するルール(航空法・小型無人機等飛行禁止法)","出典1_URL":"https://www.police.pref.chiba.jp/keibika/safeLife_drone_rules.html","出典2":"千葉県 県管理海岸(港湾・漁港区域を除く)・河川におけるドローンの利用や撮影について","出典2_URL":"https://www.pref.chiba.lg.jp/kakan/kaigan/drone.html"},"geometry":{"type":"MultiPolygon","coordinates":[[[[140.3468,35.1761],[140.3479,35.1767],[140.3477,35.1779],[140.3483,35.179],[140.3493,35.1801],[140.3504,35.1809],[140.3531,35.182],[140.3568,35.1821],[140.3594,35.1824],[140.3614,35.1821],[140.3641,35.1812],[140.3648,35.1805],[140.3664,35.1798],[140.3678,35.1789],[140.3696,35.1792],[140.3711,35.1794],[140.3717,35.1789],[140.3734,35.1796],[140.3745,35.1796],[140.3752,35.1804],[140.3762,35.1804],[140.3772,35.1811],[140.3772,35.1821],[140.3776,35.183],[140.3785,35.184],[140.3809,35.1852],[140.3821,35.1871],[140.3829,35.1878],[140.3837,35.1875],[140.3844,35.1876],[140.3843,35.1884],[140.3848,35.1894],[140.3847,35.1905],[140.3848,35.1923],[140.3832,35.1922],[140.3821,35.1926],[140.3826,35.1936],[140.382,35.195],[140.3812,35.1959],[140.3805,35.1961],[140.38,35.1967],[140.3789,35.1965],[140.3775,35.1978],[140.3753,35.1975],[140.3748,35.1972],[140.3742,35.1959],[140.3734,35.1951],[140.3726,35.195],[140.3724,35.1958],[140.3729,35.1964],[140.3729,35.1976],[140.3721,35.1988],[140.3711,35.1989],[140.3698,35.1985],[140.368,35.1985],[140.3677,35.1992],[140.3677,35.2003],[140.3668,35.2014],[140.3658,35.2013],[140.3643,35.2019],[140.3631,35.2013],[140.3617,35.2016],[140.3605,35.2023],[140.3605,35.2038],[140.3601,35.2044],[140.3608,35.2067],[140.3628,35.2075],[140.3641,35.2076],[140.3645,35.2088],[140.3643,35.2096],[140.3647,35.2105],[140.3645,35.2111],[140.3636,35.2115],[140.3622,35.2115],[140.3627,35.213],[140.3633,35.2168],[140.3629,35.2182],[140.3601,35.2179],[140.3588,35.218],[140.3575,35.2175],[140.3574,35.2154],[140.3562,35.216],[140.3556,35.2167],[140.3524,35.2171],[140.3517,35.218],[140.3504,35.2185],[140.3489,35.2173],[140.3472,35.2172],[140.3466,35.2166],[140.3456,35.2167],[140.3446,35.2159],[140.3436,35.2161],[140.3425,35.2142],[140.3408,35.2141],[140.3398,35.2148],[140.3385,35.2151],[140.3367,35.2176],[140.3369,35.2191],[140.3354,35.2211],[140.3341,35.2211],[140.3331,35.2223],[140.3328,35.2229],[140.3317,35.2241],[140.3294,35.2232],[140.3291,35.2218],[140.3296,35.221],[140.3294,35.2202],[140.3298,35.2196],[140.3286,35.2184],[140.3279,35.2181],[140.3267,35.2195],[140.3259,35.2201],[140.325,35.2198],[140.3235,35.2198],[140.3231,35.2176],[140.3236,35.2171],[140.3234,35.2159],[140.3226,35.214],[140.3199,35.2146],[140.3188,35.2139],[140.3179,35.2146],[140.317,35.2149],[140.3162,35.2148],[140.316,35.2133],[140.3163,35.2128],[140.316,35.2121],[140.3146,35.212],[140.3138,35.2121],[140.3127,35.2113],[140.3114,35.2116],[140.3109,35.2102],[140.3102,35.2095],[140.3087,35.2095],[140.3083,35.2081],[140.3082,35.2066],[140.3082,35.2044],[140.3078,35.2037],[140.3084,35.2029],[140.3083,35.2019],[140.3098,35.2009],[140.3098,35.1999],[140.3076,35.2005],[140.3071,35.2003],[140.306,35.2008],[140.3043,35.2003],[140.3041,35.1977],[140.3035,35.1963],[140.3041,35.1955],[140.3039,35.1939],[140.3055,35.1927],[140.3047,35.1914],[140.3054,35.1902],[140.3078,35.1898],[140.3085,35.1906],[140.3103,35.1896],[140.311,35.1888],[140.3123,35.188],[140.3135,35.1867],[140.3132,35.1861],[140.3145,35.1852],[140.315,35.1843],[140.3133,35.1829],[140.3138,35.1806],[140.3149,35.1798],[140.3147,35.1791],[140.3154,35.1782],[140.3158,35.1767],[140.3165,35.1763],[140.317,35.1754],[140.317,35.1742],[140.3189,35.1741],[140.3194,35.1753],[140.3204,35.1756],[140.3229,35.1748],[140.3232,35.1743],[140.3218,35.1742],[140.3212,35.1734],[140.324,35.1743],[140.327,35.1746],[140.3291,35.1754],[140.3307,35.1755],[140.3309,35.1762],[140.3318,35.1768],[140.3321,35.1775],[140.3332,35.1769],[140.334,35.177],[140.3352,35.1776],[140.3358,35.177],[140.3374,35.177],[140.3381,35.1762],[140.339,35.1762],[140.3392,35.1755],[140.3414,35.1762],[140.3432,35.1756],[140.3446,35.176],[140.3468,35.1761]]],[[[140.3492,35.1759],[140.3486,35.1757],[140.3487,35.1756],[140.3492,35.1759]]],[[[140.3496,35.1767],[140.3497,35.1768],[140.3495,35.1769],[140.3493,35.1767],[140.3496,35.1767]]],[[[140.3499,35.1762],[140.35,35.1763],[140.3498,35.1764],[140.3497,35.1762],[140.3499,35.1762]]],[[[140.3771,35.1808],[140.3774,35.1809],[140.3773,35.181],[140.3771,35.1808]]],[[[140.348,35.1773],[140.3481,35.1773],[140.3481,35.1774],[140.348,35.1773]]],[[[140.3764,35.1803],[140.3765,35.1804],[140.3764,35.1804],[140.3764,35.1803]]]]}},{"type":"Feature","properties":{"name":"鋸南町","自治体":"鋸南町","区分":"自治体独自の規制は確認されず(国の規制のみ)","規制概要":"公式ページでドローンに関する記載は確認されず(2026-08-17時点)。自治体独自の規制は確認されていないため、国の規制(航空法・小型無人機等飛行禁止法・空域)が適用される。公園条例の一般規定(危険・迷惑・管理支障行為の禁止)により管理者判断で個別に制限される場合はある。","公式HP":"https://www.town.kyonan.chiba.jp/","確認日":"2026-08-17","_pref":"千葉県","_cat":"unknown","_color":"#455a64","_opacity":0.9,"_weight":1.5,"_fillColor":"#78909c","_fillOpacity":0.18,"出典1":"千葉県警察 小型無人機(ドローン)等の飛行に関するルール(航空法・小型無人機等飛行禁止法)","出典1_URL":"https://www.police.pref.chiba.jp/keibika/safeLife_drone_rules.html","出典2":"千葉県 県管理海岸(港湾・漁港区域を除く)・河川におけるドローンの利用や撮影について","出典2_URL":"https://www.pref.chiba.lg.jp/kakan/kaigan/drone.html"},"geometry":{"type":"MultiPolygon","coordinates":[[[[139.9316,35.1393],[139.9297,35.1395],[139.9288,35.1401],[139.9271,35.1398],[139.9263,35.14],[139.9257,35.1394],[139.9244,35.1394],[139.9235,35.1402],[139.9212,35.1405],[139.9195,35.1405],[139.9179,35.1412],[139.9157,35.1408],[139.9152,35.14],[139.9139,35.1393],[139.9131,35.1392],[139.9122,35.1413],[139.9112,35.1423],[139.9105,35.1426],[139.9096,35.1439],[139.9093,35.1449],[139.9066,35.1469],[139.9052,35.1484],[139.905,35.1493],[139.9056,35.1498],[139.9058,35.1508],[139.9036,35.151],[139.9031,35.1507],[139.9021,35.1509],[139.9017,35.1544],[139.9012,35.1555],[139.9003,35.1562],[139.8986,35.1561],[139.8976,35.1562],[139.8967,35.156],[139.8963,35.1554],[139.8947,35.1561],[139.8945,35.1574],[139.894,35.1584],[139.8934,35.1587],[139.8926,35.1585],[139.8917,35.1577],[139.8895,35.1579],[139.8884,35.1584],[139.8881,35.1591],[139.8872,35.1597],[139.8862,35.1587],[139.8845,35.1577],[139.8832,35.1575],[139.8825,35.1569],[139.8815,35.1575],[139.8804,35.1574],[139.8794,35.1581],[139.8785,35.1582],[139.878,35.1571],[139.8768,35.1569],[139.8763,35.1576],[139.8752,35.1578],[139.8751,35.1572],[139.8737,35.1553],[139.8724,35.1564],[139.8708,35.1566],[139.8707,35.158],[139.8713,35.1586],[139.8705,35.159],[139.8688,35.1587],[139.8675,35.1604],[139.8652,35.1604],[139.8652,35.1613],[139.8643,35.1617],[139.8625,35.1608],[139.8615,35.1612],[139.8595,35.1611],[139.8591,35.1624],[139.858,35.1633],[139.8559,35.164],[139.8541,35.1643],[139.8527,35.1639],[139.8521,35.1626],[139.8517,35.1623],[139.8499,35.162],[139.8485,35.1622],[139.8462,35.1618],[139.8455,35.161],[139.844,35.1604],[139.8408,35.1602],[139.8381,35.1592],[139.8364,35.1596],[139.8351,35.1597],[139.8333,35.1593],[139.8325,35.1594],[139.8305,35.1586],[139.8287,35.1586],[139.8266,35.1571],[139.825,35.157],[139.8233,35.1563],[139.8217,35.1553],[139.8203,35.155],[139.8182,35.1549],[139.8178,35.1545],[139.8198,35.154],[139.8212,35.1533],[139.8231,35.1532],[139.8236,35.1529],[139.8253,35.1527],[139.8265,35.152],[139.8282,35.1514],[139.8294,35.1494],[139.8302,35.1488],[139.8306,35.1471],[139.8299,35.1458],[139.83,35.1453],[139.8312,35.1448],[139.8332,35.1429],[139.8351,35.1404],[139.8367,35.138],[139.8371,35.1369],[139.8375,35.1347],[139.837,35.1346],[139.8359,35.133],[139.8382,35.1335],[139.8382,35.1316],[139.837,35.1315],[139.837,35.131],[139.8393,35.1312],[139.8393,35.1302],[139.839,35.1294],[139.8365,35.1297],[139.8357,35.1293],[139.8355,35.1266],[139.8363,35.1263],[139.8362,35.1256],[139.8354,35.1244],[139.8346,35.1237],[139.8334,35.1235],[139.8323,35.1237],[139.8315,35.1232],[139.8319,35.1216],[139.8317,35.12],[139.8309,35.119],[139.8293,35.1183],[139.8282,35.1186],[139.8284,35.1174],[139.8277,35.1156],[139.8247,35.1134],[139.8255,35.1125],[139.826,35.113],[139.8271,35.1123],[139.827,35.1111],[139.8282,35.1111],[139.8282,35.11],[139.8276,35.1095],[139.8257,35.1095],[139.8261,35.1086],[139.8261,35.1076],[139.824,35.1074],[139.8242,35.1067],[139.8253,35.1063],[139.8274,35.1061],[139.8277,35.1051],[139.8264,35.1041],[139.8263,35.1024],[139.825,35.1021],[139.8244,35.1012],[139.8257,35.1007],[139.8274,35.1014],[139.8278,35.1019],[139.8287,35.1023],[139.8284,35.1009],[139.8274,35.1001],[139.8283,35.0997],[139.831,35.0998],[139.8332,35.1003],[139.8361,35.0997],[139.8369,35.1011],[139.8384,35.1018],[139.8395,35.1019],[139.8404,35.1011],[139.8425,35.1006],[139.8437,35.1001],[139.8448,35.1002],[139.8452,35.101],[139.8472,35.1009],[139.848,35.1018],[139.8479,35.1034],[139.8502,35.1046],[139.8507,35.1058],[139.8516,35.1054],[139.8534,35.1058],[139.8539,35.1068],[139.855,35.1069],[139.8557,35.108],[139.8579,35.1081],[139.8594,35.1079],[139.8608,35.1073],[139.8621,35.1074],[139.8635,35.1081],[139.865,35.1081],[139.8678,35.1095],[139.8681,35.1102],[139.8692,35.111],[139.8703,35.1108],[139.8718,35.1098],[139.8726,35.1099],[139.8765,35.1091],[139.8782,35.1095],[139.8791,35.1095],[139.8804,35.1091],[139.8809,35.1096],[139.8835,35.1098],[139.8842,35.1095],[139.886,35.1097],[139.8881,35.1095],[139.8904,35.1102],[139.8913,35.111],[139.8924,35.111],[139.8963,35.1117],[139.897,35.1123],[139.8973,35.1131],[139.8988,35.1131],[139.8999,35.1139],[139.9007,35.1141],[139.9034,35.1139],[139.9043,35.114],[139.9065,35.1136],[139.9104,35.1144],[139.9124,35.1145],[139.9131,35.1149],[139.9144,35.1147],[139.9147,35.1142],[139.9163,35.1136],[139.918,35.1133],[139.9185,35.1134],[139.92,35.1147],[139.9209,35.1151],[139.9212,35.1157],[139.9219,35.1166],[139.9231,35.1168],[139.9236,35.1175],[139.9243,35.1178],[139.9242,35.1194],[139.9236,35.1201],[139.924,35.1209],[139.9236,35.1224],[139.9241,35.1234],[139.9248,35.1238],[139.9259,35.1263],[139.926,35.127],[139.9272,35.1277],[139.9286,35.1283],[139.9293,35.1281],[139.9309,35.1287],[139.9309,35.1294],[139.9303,35.1306],[139.9308,35.1309],[139.9303,35.1326],[139.9312,35.1331],[139.9305,35.1343],[139.9303,35.1354],[139.932,35.1376],[139.9323,35.1387],[139.9316,35.1393]]],[[[139.8156,35.1109],[139.8146,35.1114],[139.8134,35.1108],[139.8131,35.1097],[139.8136,35.1088],[139.8144,35.1093],[139.8155,35.1086],[139.8159,35.1103],[139.8156,35.1109]]],[[[139.8314,35.1244],[139.8309,35.1235],[139.8321,35.1237],[139.8314,35.1244]]],[[[139.8156,35.1083],[139.8151,35.1082],[139.8155,35.1076],[139.816,35.1078],[139.8156,35.1083]]],[[[139.8233,35.114],[139.8235,35.1144],[139.8228,35.1147],[139.8226,35.1144],[139.8233,35.114]]],[[[139.8236,35.1073],[139.8238,35.1075],[139.8234,35.1078],[139.8232,35.1073],[139.8236,35.1073]]],[[[139.824,35.1066],[139.8238,35.1068],[139.8234,35.1063],[139.824,35.1064],[139.824,35.1066]]],[[[139.8301,35.1353],[139.8303,35.1354],[139.8301,35.1357],[139.8299,35.1354],[139.8301,35.1353]]],[[[139.8165,35.1079],[139.8168,35.1081],[139.8167,35.1082],[139.8164,35.1081],[139.8165,35.1079]]],[[[139.8272,35.1001],[139.8269,35.1002],[139.8268,35.1001],[139.827,35.1],[139.8272,35.1001]]],[[[139.8224,35.1145],[139.8225,35.1147],[139.8223,35.1147],[139.8224,35.1145]]],[[[139.8293,35.1205],[139.8294,35.1207],[139.8292,35.1207],[139.8293,35.1205]]],[[[139.8244,35.1005],[139.8245,35.1007],[139.8243,35.1007],[139.8244,35.1005]]],[[[139.8306,35.1354],[139.8305,35.1357],[139.8304,35.1357],[139.8304,35.1355],[139.8306,35.1354]]],[[[139.8272,35.1011],[139.8274,35.1013],[139.8272,35.1013],[139.8272,35.1011]]],[[[139.8222,35.1143],[139.8223,35.1144],[139.8222,35.1145],[139.8221,35.1144],[139.8222,35.1143]]],[[[139.8219,35.1003],[139.8216,35.1004],[139.8217,35.1003],[139.8219,35.1003]]],[[[139.8224,35.1002],[139.8223,35.1004],[139.8222,35.1003],[139.8224,35.1002]]],[[[139.8225,35.1005],[139.8224,35.1005],[139.8224,35.1004],[139.8225,35.1004],[139.8225,35.1005]]],[[[139.8238,35.1497],[139.8238,35.1498],[139.8237,35.1499],[139.8237,35.1497],[139.8238,35.1497]]],[[[139.8209,35.15],[139.8208,35.15],[139.8207,35.15],[139.8209,35.1499],[139.8209,35.15]]],[[[139.8245,35.1451],[139.8244,35.145],[139.8246,35.145],[139.8246,35.1451],[139.8245,35.1451]]],[[[139.8203,35.1501],[139.8202,35.1502],[139.8201,35.1502],[139.8202,35.1501],[139.8203,35.1501]]],[[[139.8266,35.0995],[139.8266,35.0996],[139.8265,35.0996],[139.8266,35.0995]]],[[[139.8368,35.1358],[139.8368,35.1359],[139.8368,35.136],[139.8367,35.1359],[139.8368,35.1358]]],[[[139.8257,35.1522],[139.8256,35.1523],[139.8255,35.1523],[139.8255,35.1522],[139.8257,35.1522]]],[[[139.8214,35.1502],[139.8214,35.1503],[139.8213,35.1503],[139.8213,35.1502],[139.8214,35.1502]]],[[[139.8345,35.1355],[139.8346,35.1356],[139.8345,35.1356],[139.8344,35.1356],[139.8345,35.1355]]],[[[139.8233,35.101],[139.8233,35.1011],[139.8232,35.1011],[139.8232,35.101],[139.8233,35.101]]],[[[139.8305,35.1229],[139.8305,35.123],[139.8304,35.123],[139.8305,35.1229]]],[[[139.8291,35.12],[139.8291,35.1201],[139.829,35.1201],[139.8291,35.12]]],[[[139.8307,35.1242],[139.8307,35.1243],[139.8306,35.1243],[139.8306,35.1242],[139.8307,35.1242]]],[[[139.836,35.136],[139.8359,35.136],[139.836,35.1359],[139.836,35.136]]],[[[139.8362,35.1361],[139.8361,35.1362],[139.8361,35.1361],[139.8362,35.1361]]],[[[139.8237,35.1496],[139.8236,35.1495],[139.8237,35.1495],[139.8237,35.1496]]],[[[139.8307,35.1235],[139.8307,35.1236],[139.8306,35.1236],[139.8306,35.1235],[139.8307,35.1235]]]]}}]}